plot_id,fold,matching,Ftype,Altitude
plot_00001,2.0,micmac,D,Faible
plot_00002,2.0,micmac,D,Moyen
plot_00003,2.0,micmac,D,Faible
plot_00004,2.0,micmac,D,Moyen
plot_00005,2.0,micmac,D,Moyen
plot_00006,2.0,micmac,D,Moyen
plot_00007,2.0,micmac,D,Moyen
plot_00008,2.0,micmac,D,Moyen
plot_00009,2.0,micmac,D,Moyen
plot_00010,2.0,micmac,D,Moyen
plot_00011,2.0,micmac,D,Moyen
plot_00012,2.0,micmac,D,Moyen
plot_00013,2.0,micmac,D,Moyen
plot_00014,2.0,micmac,D,Moyen
plot_00015,2.0,micmac,D,Moyen
plot_00016,2.0,micmac,M,Moyen
plot_00017,3.0,micmac,D,Moyen
plot_00018,3.0,micmac,D,Moyen
plot_00019,3.0,micmac,D,Moyen
plot_00020,3.0,micmac,D,Moyen
plot_00021,3.0,micmac,D,Moyen
plot_00022,3.0,micmac,D,Moyen
plot_00023,2.0,micmac,D,Moyen
plot_00024,2.0,micmac,D,Faible
plot_00025,3.0,micmac,D,Élevé
plot_00026,3.0,micmac,D,Moyen
plot_00027,2.0,micmac,D,Moyen
plot_00028,3.0,micmac,C,Élevé
plot_00029,3.0,micmac,D,Moyen
plot_00030,3.0,micmac,D,Élevé
plot_00031,3.0,micmac,D,Élevé
plot_00032,3.0,micmac,M,Élevé
plot_00033,3.0,micmac,D,Élevé
plot_00034,3.0,micmac,M,Élevé
plot_00035,3.0,micmac,M,Élevé
plot_00036,3.0,micmac,D,Élevé
plot_00037,3.0,micmac,D,Élevé
plot_00038,3.0,micmac,M,Élevé
plot_00039,3.0,micmac,M,Élevé
plot_00040,3.0,micmac,D,Moyen
plot_00041,3.0,micmac,M,Élevé
plot_00042,3.0,micmac,D,Élevé
plot_00043,3.0,micmac,M,Élevé
plot_00044,3.0,micmac,M,Élevé
plot_00045,3.0,micmac,D,Élevé
plot_00046,3.0,micmac,D,Moyen
plot_00047,3.0,micmac,D,Élevé
plot_00048,3.0,micmac,C,Élevé
plot_00049,3.0,micmac,D,Élevé
plot_00050,3.0,micmac,M,Élevé
plot_00051,3.0,micmac,C,Élevé
plot_00052,3.0,micmac,D,Moyen
plot_00053,3.0,micmac,M,Élevé
plot_00054,2.0,micmac,M,Élevé
plot_00055,3.0,micmac,D,Élevé
plot_00056,3.0,micmac,C,Élevé
plot_00057,3.0,micmac,D,Élevé
plot_00058,3.0,micmac,D,Élevé
plot_00059,3.0,micmac,D,Élevé
plot_00060,2.0,micmac,D,Élevé
plot_00061,3.0,micmac,M,Élevé
plot_00062,3.0,micmac,C,Élevé
plot_00063,3.0,micmac,M,Élevé
plot_00064,3.0,micmac,M,Élevé
plot_00065,2.0,micmac,M,Élevé
plot_00066,3.0,micmac,D,Moyen
plot_00067,3.0,micmac,D,Moyen
plot_00068,3.0,micmac,M,Élevé
plot_00069,3.0,micmac,M,Élevé
plot_00070,3.0,micmac,M,Élevé
plot_00071,2.0,micmac,D,Moyen
plot_00072,3.0,micmac,D,Moyen
plot_00073,3.0,micmac,M,Élevé
plot_00074,2.0,micmac,D,Moyen
plot_00075,3.0,micmac,D,Moyen
plot_00081,1.0,micmac,D,Faible
plot_00114,1.0,micmac,D,Faible
plot_00135,1.0,micmac,D,Moyen
plot_00136,1.0,micmac,D,Moyen
plot_00137,1.0,micmac,D,Moyen
plot_00138,2.0,micmac,D,Moyen
plot_00139,2.0,micmac,D,Moyen
plot_00140,2.0,micmac,C,Moyen
plot_00141,2.0,micmac,M,Moyen
plot_00142,2.0,micmac,D,Moyen
plot_00143,2.0,micmac,D,Moyen
plot_00144,2.0,micmac,D,Moyen
plot_00145,1.0,micmac,D,Moyen
plot_00146,1.0,micmac,D,Moyen
plot_00147,1.0,micmac,D,Moyen
plot_00148,2.0,micmac,D,Moyen
plot_00149,2.0,micmac,D,Faible
plot_00150,2.0,micmac,D,Moyen
plot_00151,1.0,micmac,D,Moyen
plot_00152,1.0,micmac,D,Moyen
plot_00153,2.0,micmac,D,Faible
plot_00154,1.0,micmac,D,Moyen
plot_00155,2.0,micmac,M,Élevé
plot_00156,2.0,micmac,D,Moyen
plot_00157,2.0,micmac,D,Moyen
plot_00158,2.0,micmac,M,Moyen
plot_00159,2.0,micmac,D,Moyen
plot_00160,2.0,micmac,D,Moyen
plot_00161,2.0,micmac,D,Moyen
plot_00162,2.0,micmac,D,Moyen
plot_00163,2.0,micmac,D,Moyen
plot_00164,2.0,micmac,D,Moyen
plot_00165,2.0,micmac,D,Moyen
plot_00166,2.0,micmac,D,Moyen
plot_00167,2.0,micmac,D,Moyen
plot_00168,2.0,micmac,D,Moyen
plot_00169,2.0,micmac,D,Moyen
plot_00170,2.0,micmac,D,Moyen
plot_00171,2.0,micmac,D,Moyen
plot_00172,2.0,micmac,D,Moyen
plot_00173,2.0,micmac,D,Moyen
plot_00174,2.0,micmac,D,Moyen
plot_00175,2.0,micmac,D,Moyen
plot_00176,2.0,micmac,D,Moyen
plot_00177,3.0,micmac,D,Moyen
plot_00178,3.0,micmac,D,Moyen
plot_00179,3.0,micmac,C,Élevé
plot_00180,2.0,micmac,D,Moyen
plot_00181,3.0,micmac,D,Moyen
plot_00182,3.0,micmac,D,Moyen
plot_00183,3.0,micmac,C,Élevé
plot_00184,3.0,micmac,M,Élevé
plot_00185,3.0,micmac,M,Élevé
plot_00186,3.0,micmac,D,Élevé
plot_00187,3.0,micmac,D,Élevé
plot_00188,3.0,micmac,D,Élevé
plot_00189,2.0,micmac,D,Moyen
plot_00190,3.0,micmac,M,Élevé
plot_00191,3.0,micmac,M,Élevé
plot_00192,2.0,micmac,M,Élevé
plot_00193,3.0,micmac,D,Élevé
plot_00194,3.0,micmac,M,Élevé
plot_00195,2.0,micmac,C,Élevé
plot_00196,2.0,micmac,D,Élevé
plot_00197,3.0,micmac,D,Élevé
plot_00198,3.0,micmac,D,Élevé
plot_00199,3.0,micmac,D,Élevé
plot_00200,2.0,micmac,M,Élevé
plot_00201,2.0,micmac,D,Élevé
plot_00202,3.0,micmac,M,Élevé
plot_00203,2.0,micmac,C,Élevé
plot_00204,2.0,micmac,D,Élevé
plot_00205,2.0,micmac,D,Élevé
plot_00206,3.0,micmac,C,Élevé
plot_00207,3.0,micmac,C,Élevé
plot_00208,3.0,micmac,C,Élevé
plot_00209,3.0,micmac,D,Élevé
plot_00210,3.0,micmac,D,Élevé
plot_00211,2.0,micmac,M,Élevé
plot_00212,2.0,micmac,C,Moyen
plot_00213,3.0,micmac,C,Élevé
plot_00214,2.0,micmac,D,Élevé
plot_00215,2.0,micmac,D,Moyen
plot_00216,3.0,micmac,C,Élevé
plot_00217,3.0,micmac,M,Élevé
plot_00218,3.0,micmac,D,Élevé
plot_00219,3.0,micmac,M,Élevé
plot_00220,3.0,micmac,D,Élevé
plot_00221,3.0,micmac,D,Élevé
plot_00222,3.0,micmac,C,Élevé
plot_00223,2.0,micmac,D,Élevé
plot_00224,2.0,micmac,M,Moyen
plot_00225,2.0,micmac,M,Moyen
plot_00226,3.0,micmac,C,Élevé
plot_00227,3.0,micmac,M,Élevé
plot_00228,3.0,micmac,D,Élevé
plot_00229,2.0,micmac,D,Élevé
plot_00230,2.0,micmac,M,Élevé
plot_00231,2.0,micmac,D,Élevé
plot_00232,2.0,micmac,D,Moyen
plot_00233,3.0,micmac,C,Élevé
plot_00234,3.0,micmac,C,Élevé
plot_00235,3.0,micmac,M,Élevé
plot_00236,3.0,micmac,C,Élevé
plot_00237,3.0,micmac,M,Élevé
plot_00238,3.0,micmac,D,Élevé
plot_00239,3.0,micmac,M,Élevé
plot_00240,3.0,micmac,C,Élevé
plot_00241,2.0,micmac,M,Élevé
plot_00242,2.0,micmac,C,Élevé
plot_00243,3.0,micmac,C,Élevé
plot_00244,3.0,micmac,C,Élevé
plot_00245,3.0,micmac,C,Élevé
plot_00246,3.0,micmac,C,Élevé
plot_00247,3.0,micmac,M,Élevé
plot_00248,3.0,micmac,M,Élevé
plot_00249,3.0,micmac,C,Élevé
plot_00250,3.0,micmac,C,Élevé
plot_00251,3.0,micmac,C,Élevé
plot_00252,3.0,micmac,C,Élevé
plot_00253,3.0,micmac,C,Élevé
plot_00254,3.0,micmac,C,Élevé
plot_00255,3.0,micmac,C,Élevé
plot_00256,3.0,micmac,M,Élevé
plot_00257,3.0,micmac,C,Élevé
plot_00258,3.0,micmac,C,Élevé
plot_00259,3.0,micmac,C,Élevé
plot_00260,3.0,micmac,C,Élevé
plot_00261,3.0,micmac,D,Élevé
plot_00262,3.0,micmac,C,Élevé
plot_00263,3.0,micmac,D,Élevé
plot_00264,3.0,micmac,D,Élevé
plot_00265,3.0,micmac,C,Élevé
plot_00266,3.0,micmac,C,Élevé
plot_00267,3.0,micmac,C,Élevé
plot_00268,3.0,micmac,D,Élevé
plot_00269,3.0,micmac,M,Élevé
plot_00270,3.0,micmac,C,Élevé
plot_00271,3.0,micmac,C,Élevé
plot_00272,3.0,micmac,D,Élevé
plot_00273,3.0,micmac,M,Élevé
plot_00274,3.0,micmac,C,Élevé
plot_00275,3.0,micmac,C,Élevé
plot_00276,3.0,micmac,C,Élevé
plot_00277,3.0,micmac,M,Élevé
plot_00278,3.0,micmac,D,Élevé
plot_00279,3.0,micmac,M,Élevé
plot_00280,3.0,micmac,D,Élevé
plot_00281,3.0,micmac,C,Élevé
plot_00282,3.0,micmac,D,Élevé
plot_00283,3.0,micmac,C,Élevé
plot_00284,3.0,micmac,C,Élevé
plot_00285,3.0,micmac,D,Élevé
plot_00286,3.0,micmac,C,Élevé
plot_00287,3.0,micmac,M,Élevé
plot_00288,3.0,micmac,D,Élevé
plot_00289,3.0,micmac,M,Élevé
plot_00290,3.0,micmac,M,Élevé
plot_00291,3.0,micmac,M,Élevé
plot_00292,3.0,micmac,C,Élevé
plot_00293,3.0,micmac,C,Élevé
plot_00294,3.0,micmac,M,Élevé
plot_00295,3.0,micmac,M,Élevé
plot_00296,3.0,micmac,C,Élevé
plot_00297,3.0,micmac,C,Élevé
plot_00298,3.0,micmac,C,Élevé
plot_00299,3.0,micmac,D,Élevé
plot_00300,3.0,micmac,C,Élevé
plot_00301,3.0,micmac,M,Élevé
plot_00302,3.0,micmac,C,Élevé
plot_00303,3.0,micmac,C,Élevé
plot_00304,3.0,micmac,C,Élevé
plot_00305,3.0,micmac,C,Élevé
plot_00306,3.0,micmac,C,Élevé
plot_00307,3.0,micmac,C,Élevé
plot_00308,3.0,micmac,M,Élevé
plot_00309,3.0,micmac,C,Élevé
plot_00310,3.0,micmac,C,Élevé
plot_00311,3.0,micmac,C,Élevé
plot_00312,3.0,micmac,C,Élevé
plot_00313,3.0,micmac,C,Élevé
plot_00314,3.0,micmac,C,Élevé
plot_00315,3.0,micmac,C,Élevé
plot_00315,3.0,micmac,C,Élevé
plot_00315,3.0,micmac,C,Élevé
plot_00315,3.0,micmac,C,Élevé
plot_00316,3.0,micmac,C,Élevé
plot_00316,3.0,micmac,C,Élevé
plot_00316,3.0,micmac,C,Élevé
plot_00316,3.0,micmac,C,Élevé
plot_00317,3.0,micmac,D,Élevé
plot_00317,3.0,micmac,D,Élevé
plot_00317,3.0,micmac,D,Élevé
plot_00317,3.0,micmac,D,Élevé
plot_00318,3.0,micmac,C,Élevé
plot_00318,3.0,micmac,C,Élevé
plot_00318,3.0,micmac,C,Élevé
plot_00318,3.0,micmac,C,Élevé
plot_00319,3.0,micmac,C,Élevé
plot_00319,3.0,micmac,C,Élevé
plot_00319,3.0,micmac,C,Élevé
plot_00319,3.0,micmac,C,Élevé
plot_00320,3.0,micmac,C,Élevé
plot_00320,3.0,micmac,C,Élevé
plot_00320,3.0,micmac,C,Élevé
plot_00320,3.0,micmac,C,Élevé
plot_00321,3.0,micmac,C,Élevé
plot_00321,3.0,micmac,C,Élevé
plot_00321,3.0,micmac,C,Élevé
plot_00321,3.0,micmac,C,Élevé
plot_00322,3.0,micmac,M,Élevé
plot_00322,3.0,micmac,M,Élevé
plot_00322,3.0,micmac,M,Élevé
plot_00322,3.0,micmac,M,Élevé
plot_00323,3.0,micmac,M,Élevé
plot_00323,3.0,micmac,M,Élevé
plot_00323,3.0,micmac,M,Élevé
plot_00323,3.0,micmac,M,Élevé
plot_00324,3.0,micmac,M,Élevé
plot_00324,3.0,micmac,M,Élevé
plot_00324,3.0,micmac,M,Élevé
plot_00324,3.0,micmac,M,Élevé
plot_00325,3.0,micmac,C,Élevé
plot_00325,3.0,micmac,C,Élevé
plot_00325,3.0,micmac,C,Élevé
plot_00325,3.0,micmac,C,Élevé
plot_00326,3.0,micmac,M,Élevé
plot_00326,3.0,micmac,M,Élevé
plot_00326,3.0,micmac,M,Élevé
plot_00326,3.0,micmac,M,Élevé
plot_00327,3.0,micmac,C,Élevé
plot_00327,3.0,micmac,C,Élevé
plot_00327,3.0,micmac,C,Élevé
plot_00327,3.0,micmac,C,Élevé
plot_00328,3.0,micmac,C,Élevé
plot_00328,3.0,micmac,C,Élevé
plot_00328,3.0,micmac,C,Élevé
plot_00328,3.0,micmac,C,Élevé
plot_00329,3.0,micmac,M,Élevé
plot_00329,3.0,micmac,M,Élevé
plot_00329,3.0,micmac,M,Élevé
plot_00329,3.0,micmac,M,Élevé
plot_00330,3.0,micmac,M,Élevé
plot_00330,3.0,micmac,M,Élevé
plot_00330,3.0,micmac,M,Élevé
plot_00330,3.0,micmac,M,Élevé
plot_00331,3.0,micmac,M,Élevé
plot_00331,3.0,micmac,M,Élevé
plot_00331,3.0,micmac,M,Élevé
plot_00331,3.0,micmac,M,Élevé
plot_00332,3.0,micmac,C,Élevé
plot_00332,3.0,micmac,C,Élevé
plot_00332,3.0,micmac,C,Élevé
plot_00332,3.0,micmac,C,Élevé
plot_00333,3.0,micmac,C,Élevé
plot_00333,3.0,micmac,C,Élevé
plot_00333,3.0,micmac,C,Élevé
plot_00333,3.0,micmac,C,Élevé
plot_00334,3.0,micmac,C,Élevé
plot_00334,3.0,micmac,C,Élevé
plot_00334,3.0,micmac,C,Élevé
plot_00334,3.0,micmac,C,Élevé
plot_00335,3.0,micmac,C,Élevé
plot_00335,3.0,micmac,C,Élevé
plot_00335,3.0,micmac,C,Élevé
plot_00335,3.0,micmac,C,Élevé
plot_00336,3.0,micmac,C,Élevé
plot_00336,3.0,micmac,C,Élevé
plot_00336,3.0,micmac,C,Élevé
plot_00336,3.0,micmac,C,Élevé
plot_00337,3.0,micmac,C,Élevé
plot_00337,3.0,micmac,C,Élevé
plot_00337,3.0,micmac,C,Élevé
plot_00337,3.0,micmac,C,Élevé
plot_00338,3.0,micmac,C,Moyen
plot_00338,3.0,micmac,C,Moyen
plot_00338,3.0,micmac,C,Moyen
plot_00338,3.0,micmac,C,Moyen
plot_00339,3.0,micmac,D,Élevé
plot_00339,3.0,micmac,D,Élevé
plot_00339,3.0,micmac,D,Élevé
plot_00339,3.0,micmac,D,Élevé
plot_00340,3.0,micmac,C,Élevé
plot_00340,3.0,micmac,C,Élevé
plot_00340,3.0,micmac,C,Élevé
plot_00340,3.0,micmac,C,Élevé
plot_00341,3.0,micmac,M,Élevé
plot_00341,3.0,micmac,M,Élevé
plot_00341,3.0,micmac,M,Élevé
plot_00341,3.0,micmac,M,Élevé
plot_00342,3.0,micmac,M,Faible
plot_00342,3.0,micmac,M,Faible
plot_00342,3.0,micmac,M,Faible
plot_00342,3.0,micmac,M,Faible
plot_00343,3.0,micmac,D,Élevé
plot_00343,3.0,micmac,D,Élevé
plot_00343,3.0,micmac,D,Élevé
plot_00343,3.0,micmac,D,Élevé
plot_00344,3.0,micmac,D,Faible
plot_00344,3.0,micmac,D,Faible
plot_00344,3.0,micmac,D,Faible
plot_00344,3.0,micmac,D,Faible
plot_00345,3.0,micmac,D,Élevé
plot_00345,3.0,micmac,D,Élevé
plot_00345,3.0,micmac,D,Élevé
plot_00345,3.0,micmac,D,Élevé
plot_00346,3.0,micmac,D,Moyen
plot_00346,3.0,micmac,D,Moyen
plot_00346,3.0,micmac,D,Moyen
plot_00346,3.0,micmac,D,Moyen
plot_00347,3.0,micmac,M,Moyen
plot_00347,3.0,micmac,M,Moyen
plot_00347,3.0,micmac,M,Moyen
plot_00347,3.0,micmac,M,Moyen
plot_00348,3.0,micmac,C,Élevé
plot_00348,3.0,micmac,C,Élevé
plot_00348,3.0,micmac,C,Élevé
plot_00348,3.0,micmac,C,Élevé
plot_00349,3.0,micmac,M,Élevé
plot_00349,3.0,micmac,M,Élevé
plot_00349,3.0,micmac,M,Élevé
plot_00349,3.0,micmac,M,Élevé
plot_00350,3.0,micmac,C,Élevé
plot_00350,3.0,micmac,C,Élevé
plot_00350,3.0,micmac,C,Élevé
plot_00350,3.0,micmac,C,Élevé
plot_00351,3.0,micmac,M,Élevé
plot_00351,3.0,micmac,M,Élevé
plot_00351,3.0,micmac,M,Élevé
plot_00351,3.0,micmac,M,Élevé
plot_00352,3.0,micmac,M,Élevé
plot_00352,3.0,micmac,M,Élevé
plot_00352,3.0,micmac,M,Élevé
plot_00352,3.0,micmac,M,Élevé
plot_00353,3.0,micmac,C,Élevé
plot_00353,3.0,micmac,C,Élevé
plot_00353,3.0,micmac,C,Élevé
plot_00353,3.0,micmac,C,Élevé
plot_00354,2.0,micmac,C,Élevé
plot_00355,2.0,micmac,C,Élevé
plot_00356,2.0,micmac,D,Élevé
plot_00357,2.0,micmac,M,Élevé
plot_00358,2.0,micmac,M,Élevé
plot_00359,2.0,micmac,M,Élevé
plot_00360,2.0,micmac,M,Élevé
plot_00361,2.0,micmac,C,Élevé
plot_00362,2.0,micmac,C,Élevé
plot_00363,2.0,micmac,M,Élevé
plot_00364,2.0,micmac,D,Élevé
plot_00365,2.0,micmac,M,Élevé
plot_00366,3.0,micmac,M,Élevé
plot_00367,2.0,micmac,D,Élevé
plot_00368,2.0,micmac,C,Élevé
plot_00369,3.0,micmac,C,Élevé
plot_00370,3.0,micmac,D,Élevé
plot_00371,3.0,micmac,D,Élevé
plot_00372,3.0,micmac,D,Élevé
plot_00373,3.0,micmac,D,Élevé
plot_00374,3.0,micmac,D,Élevé
plot_00375,3.0,micmac,D,Moyen
plot_00376,3.0,micmac,C,Élevé
plot_00377,3.0,micmac,M,Élevé
plot_00378,3.0,micmac,M,Élevé
plot_00379,3.0,micmac,C,Élevé
plot_00380,3.0,micmac,D,Élevé
plot_00381,3.0,micmac,M,Élevé
plot_00382,3.0,micmac,C,Élevé
plot_00383,3.0,micmac,C,Élevé
plot_00384,3.0,micmac,M,Élevé
plot_00385,3.0,micmac,D,Élevé
plot_00386,3.0,micmac,M,Élevé
plot_00387,3.0,micmac,M,Moyen
plot_00388,3.0,micmac,D,Élevé
plot_00389,3.0,micmac,D,Élevé
plot_00390,3.0,micmac,C,Moyen
plot_00391,2.0,micmac,C,Faible
plot_00392,3.0,micmac,C,Moyen
plot_00393,3.0,micmac,C,Élevé
plot_00394,3.0,micmac,D,Élevé
plot_00395,3.0,micmac,M,Élevé
plot_00396,3.0,micmac,D,Élevé
plot_00397,3.0,micmac,D,Élevé
plot_00398,3.0,micmac,D,Élevé
plot_00399,3.0,micmac,M,Élevé
plot_00400,3.0,micmac,D,Élevé
plot_00401,3.0,micmac,D,Élevé
plot_00402,3.0,micmac,D,Élevé
plot_00403,3.0,micmac,D,Moyen
plot_00404,3.0,micmac,C,Moyen
plot_00405,2.0,micmac,D,Moyen
plot_00406,3.0,micmac,D,Moyen
plot_00407,3.0,micmac,D,Élevé
plot_00408,3.0,micmac,C,Élevé
plot_00409,3.0,micmac,C,Élevé
plot_00410,3.0,micmac,D,Moyen
plot_00411,3.0,micmac,M,Élevé
plot_00412,3.0,micmac,D,Élevé
plot_00413,3.0,micmac,M,Élevé
plot_00414,2.0,micmac,D,Moyen
plot_00415,3.0,micmac,D,Moyen
plot_00416,3.0,micmac,M,Moyen
plot_00417,3.0,micmac,M,Moyen
plot_00418,3.0,micmac,D,Élevé
plot_00419,3.0,micmac,D,Moyen
plot_00420,3.0,micmac,D,Moyen
plot_00421,3.0,micmac,C,Élevé
plot_00422,3.0,micmac,D,Moyen
plot_00423,3.0,micmac,D,Élevé
plot_00424,2.0,micmac,D,Élevé
plot_00425,2.0,micmac,D,Moyen
plot_00426,2.0,micmac,D,Faible
plot_00427,3.0,micmac,M,Moyen
plot_00428,3.0,micmac,D,Moyen
plot_00429,3.0,micmac,M,Élevé
plot_00430,3.0,micmac,D,Élevé
plot_00431,3.0,micmac,D,Moyen
plot_00432,3.0,micmac,D,Élevé
plot_00433,3.0,micmac,D,Moyen
plot_00434,3.0,micmac,D,Moyen
plot_00435,2.0,micmac,D,Élevé
plot_00436,2.0,micmac,C,Moyen
plot_00437,2.0,micmac,D,Moyen
plot_00438,2.0,micmac,D,Moyen
plot_00439,3.0,micmac,D,Moyen
plot_00440,3.0,micmac,D,Moyen
plot_00441,2.0,micmac,D,Moyen
plot_00442,2.0,micmac,D,Faible
plot_00443,2.0,micmac,D,Moyen
plot_00444,2.0,micmac,D,Moyen
plot_00445,2.0,micmac,D,Moyen
plot_00446,2.0,micmac,D,Moyen
plot_00447,1.0,micmac,D,Moyen
plot_00448,1.0,micmac,D,Moyen
plot_00449,1.0,micmac,D,Faible
plot_00450,1.0,micmac,C,Moyen
plot_00451,1.0,micmac,D,Moyen
plot_00452,2.0,micmac,D,Faible
plot_00453,2.0,micmac,D,Moyen
plot_00454,2.0,micmac,D,Moyen
plot_00455,2.0,micmac,D,Moyen
plot_00456,1.0,micmac,C,Moyen
plot_00457,2.0,micmac,D,Moyen
plot_00458,2.0,micmac,D,Faible
plot_00459,1.0,micmac,D,Moyen
plot_00460,1.0,micmac,D,Moyen
plot_00461,1.0,micmac,D,Faible
plot_00462,1.0,micmac,C,Moyen
plot_00463,2.0,micmac,D,Moyen
plot_00464,1.0,micmac,C,Moyen
plot_00465,1.0,micmac,D,Moyen
plot_00466,1.0,micmac,C,Moyen
plot_00467,1.0,micmac,D,Moyen
plot_00468,1.0,micmac,D,Moyen
plot_00469,2.0,micmac,C,Moyen
plot_00470,2.0,micmac,D,Faible
plot_00471,1.0,micmac,D,Moyen
plot_00472,1.0,micmac,D,Moyen
plot_00473,1.0,micmac,D,Faible
plot_00474,1.0,micmac,C,Moyen
plot_00475,1.0,micmac,D,Moyen
plot_00476,2.0,micmac,D,Moyen
plot_00477,1.0,micmac,M,Faible
plot_00478,1.0,micmac,D,Moyen
plot_00479,1.0,micmac,D,Moyen
plot_00480,2.0,micmac,M,Moyen
plot_00481,2.0,micmac,D,Moyen
plot_00482,1.0,micmac,D,Faible
plot_00483,2.0,micmac,D,Moyen
plot_00484,1.0,micmac,C,Faible
plot_00485,1.0,micmac,M,Moyen
plot_00486,2.0,micmac,D,Moyen
plot_00487,2.0,micmac,D,Moyen
plot_00488,1.0,micmac,C,Moyen
plot_00489,1.0,micmac,M,Moyen
plot_00490,2.0,micmac,D,Faible
plot_00491,1.0,micmac,D,Faible
plot_00492,2.0,micmac,D,Moyen
plot_00493,2.0,micmac,D,Moyen
plot_00494,1.0,micmac,D,Faible
plot_00495,1.0,micmac,M,Faible
plot_00496,1.0,micmac,D,Faible
plot_00497,2.0,micmac,C,Moyen
plot_00498,2.0,micmac,D,Moyen
plot_00499,2.0,micmac,D,Moyen
plot_00500,3.0,micmac,D,Élevé
plot_00501,2.0,micmac,D,Moyen
plot_00502,3.0,micmac,D,Élevé
plot_00503,3.0,micmac,D,Élevé
plot_00504,3.0,micmac,D,Élevé
plot_00505,3.0,micmac,D,Élevé
plot_00506,3.0,micmac,D,Élevé
plot_00507,2.0,micmac,D,Moyen
plot_00508,2.0,micmac,D,Moyen
plot_00509,3.0,micmac,D,Élevé
plot_00510,2.0,micmac,D,Moyen
plot_00511,2.0,micmac,D,Élevé
plot_00512,3.0,micmac,D,Élevé
plot_00513,3.0,micmac,D,Élevé
plot_00514,3.0,micmac,D,Élevé
plot_00515,3.0,micmac,D,Élevé
plot_00516,3.0,micmac,D,Élevé
plot_00517,2.0,micmac,D,Moyen
plot_00518,3.0,micmac,C,Élevé
plot_00519,2.0,micmac,C,Moyen
plot_00520,3.0,micmac,D,Élevé
plot_00521,3.0,micmac,C,Élevé
plot_00522,3.0,micmac,D,Élevé
plot_00523,2.0,micmac,D,Moyen
plot_00524,3.0,micmac,D,Élevé
plot_00525,3.0,micmac,D,Élevé
plot_00526,3.0,micmac,D,Élevé
plot_00527,2.0,micmac,D,Moyen
plot_00528,3.0,micmac,D,Élevé
plot_00529,3.0,micmac,D,Élevé
plot_00530,3.0,micmac,D,Élevé
plot_00531,3.0,micmac,D,Élevé
plot_00532,2.0,micmac,D,Moyen
plot_00533,3.0,micmac,D,Élevé
plot_00534,3.0,micmac,C,Élevé
plot_00535,3.0,micmac,D,Élevé
plot_00536,3.0,micmac,D,Élevé
plot_00537,2.0,micmac,D,Élevé
plot_00538,3.0,micmac,D,Élevé
plot_00539,3.0,micmac,D,Élevé
plot_00540,3.0,micmac,D,Élevé
plot_00541,3.0,micmac,D,Élevé
plot_00542,3.0,micmac,D,Élevé
plot_00543,3.0,micmac,D,Élevé
plot_00544,3.0,micmac,D,Élevé
plot_00545,3.0,micmac,D,Élevé
plot_00546,3.0,micmac,C,Élevé
plot_00547,3.0,micmac,M,Élevé
plot_00548,1.0,micmac,D,Faible
plot_00550,1.0,micmac,D,Faible
plot_00551,1.0,micmac,M,Faible
plot_00552,1.0,micmac,M,Faible
plot_00553,1.0,micmac,D,Moyen
plot_00554,1.0,micmac,D,Faible
plot_00555,1.0,micmac,D,Moyen
plot_00556,1.0,micmac,M,Faible
plot_00557,1.0,micmac,D,Moyen
plot_00558,1.0,micmac,D,Faible
plot_00559,1.0,micmac,D,Faible
plot_00560,1.0,micmac,C,Faible
plot_00561,1.0,micmac,D,Moyen
plot_00562,1.0,micmac,D,Moyen
plot_00563,1.0,micmac,M,Moyen
plot_00564,1.0,micmac,D,Moyen
plot_00565,1.0,micmac,D,Moyen
plot_00566,1.0,micmac,D,Moyen
plot_00567,1.0,micmac,D,Moyen
plot_00568,1.0,micmac,D,Faible
plot_00569,1.0,micmac,D,Faible
plot_00570,1.0,micmac,M,Faible
plot_00571,1.0,micmac,D,Faible
plot_00572,1.0,micmac,M,Faible
plot_00573,1.0,micmac,D,Faible
plot_00574,1.0,micmac,D,Faible
plot_00575,1.0,micmac,D,Faible
plot_00576,1.0,micmac,D,Faible
plot_00577,1.0,micmac,D,Faible
plot_00578,1.0,micmac,D,Faible
plot_00579,1.0,micmac,D,Faible
plot_00580,1.0,micmac,D,Faible
plot_00581,1.0,micmac,D,Faible
plot_00582,1.0,micmac,D,Faible
plot_00583,1.0,micmac,D,Faible
plot_00584,2.0,micmac,D,Moyen
plot_00585,1.0,micmac,D,Faible
plot_00586,2.0,micmac,D,Faible
plot_00587,2.0,micmac,D,Moyen
plot_00588,1.0,micmac,D,Faible
plot_00589,1.0,micmac,D,Faible
plot_00590,1.0,micmac,D,Faible
plot_00591,1.0,micmac,D,Moyen
plot_00592,2.0,micmac,M,Moyen
plot_00593,1.0,micmac,D,Faible
plot_00594,1.0,micmac,D,Faible
plot_00595,2.0,micmac,C,Moyen
plot_00596,1.0,micmac,D,Faible
plot_00597,2.0,micmac,D,Faible
plot_00598,2.0,micmac,D,Moyen
plot_00599,1.0,micmac,D,Faible
plot_00600,2.0,micmac,M,Moyen
plot_00601,2.0,micmac,D,Moyen
plot_00602,2.0,micmac,D,Moyen
plot_00603,2.0,micmac,D,Moyen
plot_00604,2.0,micmac,D,Moyen
plot_00605,2.0,micmac,D,Moyen
plot_00606,2.0,micmac,D,Moyen
plot_00607,2.0,micmac,D,Moyen
plot_00608,2.0,micmac,D,Moyen
plot_00609,2.0,micmac,D,Moyen
plot_00610,2.0,micmac,D,Moyen
plot_00611,2.0,micmac,C,Moyen
plot_00612,2.0,micmac,D,Moyen
plot_00613,2.0,micmac,C,Moyen
plot_00614,3.0,micmac,D,Élevé
plot_00615,2.0,micmac,D,Moyen
plot_00616,3.0,micmac,D,Moyen
plot_00617,3.0,micmac,M,Élevé
plot_00618,3.0,micmac,C,Élevé
plot_00619,3.0,micmac,D,Élevé
plot_00620,3.0,micmac,C,Élevé
plot_00621,2.0,micmac,C,Moyen
plot_00622,2.0,micmac,D,Élevé
plot_00623,3.0,micmac,M,Moyen
plot_00624,3.0,micmac,M,Élevé
plot_00625,3.0,micmac,M,Élevé
plot_00626,3.0,micmac,C,Élevé
plot_00627,2.0,micmac,D,Faible
plot_00628,2.0,micmac,D,Moyen
plot_00629,2.0,micmac,C,Élevé
plot_00630,2.0,micmac,D,Moyen
plot_00631,2.0,micmac,C,Moyen
plot_00632,3.0,micmac,M,Élevé
plot_00633,3.0,micmac,D,Élevé
plot_00634,2.0,micmac,C,Moyen
plot_00635,3.0,micmac,C,Élevé
plot_00636,2.0,micmac,D,Élevé
plot_00637,2.0,micmac,D,Élevé
plot_00638,3.0,micmac,C,Élevé
plot_00639,2.0,micmac,D,Moyen
plot_00640,3.0,micmac,D,Élevé
plot_00641,2.0,micmac,C,Faible
plot_00642,2.0,micmac,D,Moyen
plot_00643,2.0,micmac,M,Moyen
plot_00644,2.0,micmac,C,Élevé
plot_00645,2.0,micmac,M,Élevé
plot_00646,2.0,micmac,D,Élevé
plot_00647,3.0,micmac,D,Élevé
plot_00648,3.0,micmac,M,Élevé
plot_00649,3.0,micmac,D,Élevé
plot_00650,2.0,micmac,D,Moyen
plot_00651,2.0,micmac,D,Moyen
plot_00652,2.0,micmac,D,Moyen
plot_00653,2.0,micmac,D,Élevé
plot_00654,2.0,micmac,D,Moyen
plot_00655,2.0,micmac,D,Élevé
plot_00656,2.0,micmac,D,Élevé
plot_00657,2.0,micmac,M,Faible
plot_00658,2.0,micmac,D,Moyen
plot_00659,2.0,micmac,D,Moyen
plot_00660,2.0,micmac,M,Moyen
plot_00661,2.0,micmac,C,Moyen
plot_00662,2.0,micmac,D,Moyen
plot_00663,2.0,micmac,D,Élevé
plot_00664,2.0,micmac,D,Moyen
plot_00665,2.0,micmac,C,Faible
plot_00666,2.0,micmac,C,Faible
plot_00667,2.0,micmac,D,Élevé
plot_00668,2.0,micmac,C,Faible
plot_00669,2.0,micmac,D,Faible
plot_00670,2.0,micmac,C,Faible
plot_00671,2.0,micmac,D,Faible
plot_00672,2.0,micmac,C,Faible
plot_00673,2.0,micmac,D,Moyen
plot_00674,2.0,micmac,D,Moyen
plot_00675,2.0,micmac,D,Moyen
plot_00676,2.0,micmac,D,Moyen
plot_00677,2.0,micmac,D,Moyen
plot_00678,2.0,micmac,D,Moyen
plot_00679,2.0,micmac,D,Moyen
plot_00680,2.0,micmac,D,Moyen
plot_00681,2.0,micmac,D,Moyen
plot_00682,2.0,micmac,C,Élevé
plot_00683,2.0,micmac,D,Moyen
plot_00684,2.0,micmac,D,Élevé
plot_00685,2.0,micmac,D,Élevé
plot_00686,2.0,micmac,D,Moyen
plot_00687,2.0,micmac,D,Moyen
plot_00688,2.0,micmac,D,Moyen
plot_00689,2.0,micmac,D,Élevé
plot_00690,2.0,micmac,D,Moyen
plot_00691,2.0,micmac,D,Moyen
plot_00692,2.0,micmac,D,Élevé
plot_00693,2.0,micmac,D,Moyen
plot_00694,2.0,micmac,D,Moyen
plot_00695,2.0,micmac,D,Élevé
plot_00696,2.0,micmac,D,Moyen
plot_00697,2.0,micmac,D,Moyen
plot_00698,2.0,micmac,D,Élevé
plot_00699,2.0,micmac,M,Élevé
plot_00700,3.0,micmac,D,Élevé
plot_00701,2.0,micmac,D,Élevé
plot_00702,2.0,micmac,C,Élevé
plot_00703,2.0,micmac,D,Élevé
plot_00704,2.0,micmac,C,Moyen
plot_00705,2.0,micmac,C,Élevé
plot_00706,3.0,micmac,D,Élevé
plot_00707,2.0,micmac,M,Élevé
plot_00708,2.0,micmac,D,Élevé
plot_00709,2.0,micmac,D,Élevé
plot_00710,2.0,micmac,D,Élevé
plot_00711,2.0,micmac,C,Élevé
plot_00712,2.0,micmac,D,Élevé
plot_00713,2.0,micmac,D,Élevé
plot_00714,2.0,micmac,D,Élevé
plot_00715,2.0,micmac,D,Moyen
plot_00716,2.0,micmac,D,Élevé
plot_00717,2.0,micmac,D,Élevé
plot_00718,2.0,micmac,D,Élevé
plot_00719,2.0,micmac,D,Moyen
plot_00720,2.0,micmac,C,Élevé
plot_00721,2.0,micmac,C,Élevé
plot_00722,2.0,micmac,D,Élevé
plot_00723,2.0,micmac,D,Élevé
plot_00724,2.0,micmac,D,Moyen
plot_00725,2.0,micmac,D,Élevé
plot_00726,2.0,micmac,D,Moyen
plot_00727,2.0,micmac,D,Moyen
plot_00729,2.0,micmac,C,Élevé
plot_00730,2.0,micmac,C,Élevé
plot_00731,2.0,micmac,D,Élevé
plot_00732,2.0,micmac,D,Moyen
plot_00733,2.0,micmac,D,Moyen
plot_00734,2.0,micmac,M,Élevé
plot_00735,2.0,micmac,D,Élevé
plot_00736,2.0,micmac,C,Élevé
plot_00737,2.0,micmac,C,Élevé
plot_00738,3.0,micmac,C,Élevé
plot_00739,2.0,micmac,C,Élevé
plot_00740,2.0,micmac,D,Élevé
plot_00741,2.0,micmac,C,Élevé
plot_00742,3.0,micmac,M,Élevé
plot_00743,2.0,micmac,C,Élevé
plot_00744,2.0,micmac,M,Élevé
plot_00745,2.0,micmac,C,Élevé
plot_00746,2.0,micmac,C,Élevé
plot_00747,2.0,micmac,M,Faible
plot_00748,2.0,micmac,C,Faible
plot_00749,2.0,micmac,D,Faible
plot_00750,2.0,micmac,C,Faible
plot_00751,2.0,micmac,D,Faible
plot_00752,2.0,micmac,D,Faible
plot_00753,2.0,micmac,C,Faible
plot_00754,2.0,micmac,C,Faible
plot_00755,2.0,micmac,C,Faible
plot_00756,2.0,micmac,C,Faible
plot_00757,2.0,micmac,C,Moyen
plot_00758,2.0,micmac,C,Moyen
plot_00759,2.0,micmac,C,Faible
plot_00760,2.0,micmac,M,Moyen
plot_00761,2.0,micmac,C,Moyen
plot_00762,2.0,micmac,C,Moyen
plot_00763,2.0,micmac,C,Moyen
plot_00764,2.0,micmac,D,Faible
plot_00765,2.0,micmac,C,Moyen
plot_00766,2.0,micmac,C,Moyen
plot_00767,2.0,micmac,C,Faible
plot_00768,2.0,micmac,D,Élevé
plot_00769,2.0,micmac,D,Moyen
plot_00770,2.0,micmac,M,Moyen
plot_00771,2.0,micmac,C,Moyen
plot_00772,2.0,micmac,M,Moyen
plot_00773,2.0,micmac,C,Moyen
plot_00774,2.0,micmac,C,Moyen
plot_00775,2.0,micmac,C,Faible
plot_00776,2.0,micmac,C,Faible
plot_00777,2.0,micmac,C,Élevé
plot_00778,2.0,micmac,C,Moyen
plot_00779,1.0,micmac,D,Faible
plot_00780,1.0,micmac,D,Faible
plot_00781,1.0,micmac,D,Moyen
plot_00782,1.0,micmac,M,Faible
plot_00783,1.0,micmac,D,Faible
plot_00784,1.0,micmac,D,Moyen
plot_00785,1.0,micmac,C,Moyen
plot_00786,1.0,micmac,D,Faible
plot_00787,1.0,micmac,D,Faible
plot_00788,1.0,micmac,M,Faible
plot_00789,1.0,micmac,D,Faible
plot_00790,1.0,micmac,D,Faible
plot_00791,1.0,micmac,D,Faible
plot_00792,1.0,micmac,D,Faible
plot_00793,1.0,micmac,D,Faible
plot_00794,1.0,micmac,D,Faible
plot_00795,1.0,micmac,D,Moyen
plot_00796,1.0,micmac,D,Faible
plot_00797,1.0,micmac,D,Faible
plot_00798,2.0,micmac,M,Élevé
plot_00799,2.0,micmac,D,Moyen
plot_00800,2.0,micmac,C,Élevé
plot_00801,2.0,micmac,D,Élevé
plot_00802,2.0,micmac,D,Moyen
plot_00803,2.0,micmac,D,Élevé
plot_00804,2.0,micmac,D,Élevé
plot_00805,2.0,micmac,D,Élevé
plot_00806,2.0,micmac,M,Moyen
plot_00807,2.0,micmac,M,Élevé
plot_00808,3.0,micmac,D,Élevé
plot_00809,2.0,micmac,D,Moyen
plot_00810,2.0,micmac,M,Élevé
plot_00811,2.0,micmac,D,Élevé
plot_00812,2.0,micmac,D,Élevé
plot_00813,3.0,micmac,D,Élevé
plot_00814,3.0,micmac,D,Élevé
plot_00815,2.0,micmac,D,Moyen
plot_00816,2.0,micmac,D,Moyen
plot_00817,3.0,micmac,C,Élevé
plot_00818,2.0,micmac,D,Élevé
plot_00819,2.0,micmac,D,Élevé
plot_00820,3.0,micmac,D,Élevé
plot_00821,3.0,micmac,D,Élevé
plot_00822,3.0,micmac,D,Élevé
plot_00823,3.0,micmac,M,Élevé
plot_00824,3.0,micmac,D,Élevé
plot_00825,3.0,micmac,C,Élevé
plot_00826,3.0,micmac,C,Élevé
plot_00827,3.0,micmac,D,Élevé
plot_00828,3.0,micmac,D,Élevé
plot_00829,2.0,micmac,D,Élevé
plot_00830,2.0,micmac,D,Élevé
plot_00831,2.0,micmac,D,Moyen
plot_00832,3.0,micmac,C,Élevé
plot_00833,3.0,micmac,M,Élevé
plot_00834,3.0,micmac,D,Élevé
plot_00835,3.0,micmac,D,Élevé
plot_00836,2.0,micmac,M,Élevé
plot_00837,3.0,micmac,D,Élevé
plot_00838,3.0,micmac,D,Élevé
plot_00839,3.0,micmac,M,Élevé
plot_00840,3.0,micmac,D,Élevé
plot_00841,3.0,micmac,M,Élevé
plot_00842,3.0,micmac,D,Élevé
plot_00843,3.0,micmac,D,Élevé
plot_00844,3.0,micmac,D,Élevé
plot_00845,3.0,micmac,M,Élevé
plot_00846,3.0,micmac,C,Élevé
plot_00847,2.0,micmac,D,Élevé
plot_00848,2.0,micmac,D,Élevé
plot_00849,2.0,micmac,D,Élevé
plot_00850,3.0,micmac,M,Élevé
plot_00851,2.0,micmac,D,Élevé
plot_00852,2.0,micmac,C,Élevé
plot_00853,2.0,micmac,M,Élevé
plot_00854,2.0,micmac,D,Élevé
plot_00855,2.0,micmac,D,Élevé
plot_00856,2.0,micmac,D,Élevé
plot_00857,2.0,micmac,D,Élevé
plot_00858,2.0,micmac,C,Élevé
plot_00859,2.0,micmac,D,Élevé
plot_00860,2.0,micmac,D,Élevé
plot_00861,2.0,micmac,D,Élevé
plot_00862,2.0,micmac,C,Élevé
plot_00863,2.0,micmac,D,Élevé
plot_00864,2.0,micmac,C,Élevé
plot_00865,2.0,micmac,M,Élevé
plot_00866,2.0,micmac,D,Élevé
plot_00867,2.0,micmac,M,Élevé
plot_00868,2.0,micmac,C,Élevé
plot_00869,2.0,micmac,M,Élevé
plot_00870,2.0,micmac,D,Élevé
plot_00871,2.0,micmac,C,Élevé
plot_00872,2.0,micmac,D,Faible
plot_00873,2.0,micmac,D,Faible
plot_00874,2.0,micmac,D,Faible
plot_00875,2.0,micmac,D,Faible
plot_00876,2.0,micmac,D,Faible
plot_00877,2.0,micmac,D,Faible
plot_00878,2.0,micmac,C,Faible
plot_00879,2.0,micmac,D,Faible
plot_00880,2.0,micmac,D,Faible
plot_00881,2.0,micmac,D,Faible
plot_00882,2.0,micmac,D,Faible
plot_00883,2.0,micmac,D,Faible
plot_00884,2.0,micmac,C,Faible
plot_00885,2.0,micmac,D,Faible
plot_00886,2.0,micmac,D,Faible
plot_00887,2.0,micmac,D,Faible
plot_00888,2.0,micmac,C,Faible
plot_00889,2.0,micmac,D,Faible
plot_00890,2.0,micmac,D,Faible
plot_00891,2.0,micmac,D,Faible
plot_00892,2.0,micmac,D,Faible
plot_00893,2.0,micmac,C,Faible
plot_00894,2.0,micmac,D,Faible
plot_00895,2.0,micmac,D,Faible
plot_00896,2.0,micmac,D,Faible
plot_00897,2.0,micmac,D,Faible
plot_00898,2.0,micmac,D,Faible
plot_00899,2.0,micmac,D,Faible
plot_00900,2.0,micmac,D,Faible
plot_00901,2.0,micmac,D,Faible
plot_00902,2.0,micmac,D,Faible
plot_00903,2.0,micmac,D,Faible
plot_00904,2.0,micmac,D,Faible
plot_00905,2.0,micmac,D,Faible
plot_00906,2.0,micmac,C,Faible
plot_00907,2.0,micmac,D,Faible
plot_00908,2.0,micmac,D,Moyen
plot_00909,2.0,micmac,D,Faible
plot_00910,2.0,micmac,C,Faible
plot_00911,2.0,micmac,D,Moyen
plot_00912,2.0,micmac,D,Faible
plot_00913,2.0,micmac,D,Faible
plot_00914,2.0,micmac,D,Moyen
plot_00915,2.0,micmac,D,Faible
plot_00916,2.0,micmac,D,Moyen
plot_00917,2.0,micmac,D,Faible
plot_00918,2.0,micmac,D,Moyen
plot_00919,2.0,micmac,D,Moyen
plot_00920,2.0,micmac,D,Faible
plot_00921,2.0,micmac,D,Faible
plot_00922,2.0,micmac,C,Faible
plot_00923,2.0,micmac,D,Faible
plot_00924,2.0,micmac,C,Faible
plot_00925,2.0,micmac,D,Faible
plot_00926,2.0,micmac,D,Faible
plot_00927,2.0,micmac,D,Faible
plot_00928,2.0,micmac,D,Faible
plot_00929,2.0,micmac,D,Faible
plot_00930,2.0,micmac,D,Faible
plot_00931,2.0,micmac,D,Faible
plot_00932,2.0,micmac,D,Faible
plot_00933,2.0,micmac,D,Faible
plot_00934,2.0,micmac,D,Faible
plot_00935,2.0,micmac,D,Faible
plot_00936,2.0,micmac,D,Faible
plot_00937,2.0,micmac,D,Faible
plot_00938,2.0,micmac,D,Faible
plot_00939,2.0,micmac,D,Faible
plot_00940,2.0,micmac,D,Faible
plot_00941,2.0,micmac,D,Faible
plot_00942,2.0,micmac,D,Faible
plot_00943,2.0,micmac,D,Faible
plot_00944,2.0,micmac,D,Faible
plot_00945,2.0,micmac,D,Faible
plot_00946,2.0,micmac,D,Faible
plot_00947,2.0,micmac,D,Faible
plot_00948,2.0,micmac,D,Faible
plot_00949,2.0,micmac,C,Faible
plot_00950,2.0,micmac,D,Faible
plot_00951,2.0,micmac,D,Faible
plot_00952,2.0,micmac,M,Faible
plot_00953,2.0,micmac,D,Faible
plot_00954,2.0,micmac,C,Faible
plot_00955,2.0,micmac,D,Faible
plot_00956,2.0,micmac,C,Faible
plot_00957,2.0,micmac,C,Faible
plot_00958,2.0,micmac,M,Faible
plot_00959,2.0,micmac,C,Faible
plot_00960,2.0,micmac,D,Faible
plot_00961,2.0,micmac,D,Faible
plot_00962,2.0,micmac,C,Faible
plot_00963,2.0,micmac,M,Faible
plot_00964,2.0,micmac,D,Faible
plot_00965,2.0,micmac,D,Faible
plot_00966,1.0,micmac,D,Faible
plot_00967,1.0,micmac,D,Faible
plot_00968,1.0,micmac,D,Faible
plot_00969,1.0,micmac,D,Faible
plot_00970,1.0,micmac,C,Faible
plot_00971,1.0,micmac,D,Faible
plot_00972,1.0,micmac,D,Faible
plot_00973,1.0,micmac,D,Faible
plot_00974,1.0,micmac,D,Faible
plot_00975,1.0,micmac,C,Faible
plot_00976,1.0,micmac,D,Faible
plot_00977,1.0,micmac,D,Faible
plot_00978,1.0,micmac,D,Faible
plot_00979,1.0,micmac,C,Faible
plot_00980,1.0,micmac,D,Faible
plot_00981,1.0,micmac,D,Faible
plot_00982,1.0,micmac,D,Faible
plot_00983,1.0,micmac,D,Faible
plot_00984,1.0,micmac,C,Faible
plot_00985,1.0,micmac,M,Faible
plot_00986,1.0,micmac,M,Faible
plot_00987,1.0,micmac,D,Faible
plot_00988,1.0,micmac,C,Faible
plot_00989,1.0,micmac,M,Faible
plot_00990,1.0,micmac,D,Moyen
plot_00991,1.0,micmac,M,Faible
plot_00992,1.0,micmac,M,Faible
plot_00993,1.0,micmac,D,Faible
plot_00994,1.0,micmac,D,Moyen
plot_00995,1.0,micmac,D,Faible
plot_00996,1.0,micmac,D,Faible
plot_00997,1.0,micmac,D,Moyen
plot_00998,1.0,micmac,D,Moyen
plot_00999,1.0,micmac,D,Moyen
plot_01000,1.0,micmac,D,Faible
plot_01001,1.0,micmac,D,Faible
plot_01002,1.0,micmac,D,Moyen
plot_01003,1.0,micmac,D,Moyen
plot_01004,1.0,micmac,D,Moyen
plot_01005,1.0,micmac,D,Faible
plot_01006,1.0,micmac,D,Moyen
plot_01007,1.0,micmac,D,Faible
plot_01008,1.0,micmac,D,Faible
plot_01009,1.0,micmac,D,Moyen
plot_01010,1.0,micmac,D,Faible
plot_01011,1.0,micmac,D,Moyen
plot_01012,1.0,micmac,D,Moyen
plot_01013,1.0,micmac,D,Faible
plot_01014,1.0,micmac,D,Moyen
plot_01015,1.0,micmac,D,Faible
plot_01016,1.0,micmac,D,Faible
plot_01017,1.0,micmac,D,Faible
plot_01018,1.0,micmac,D,Faible
plot_01019,1.0,micmac,M,Moyen
plot_01020,1.0,micmac,D,Faible
plot_01021,1.0,micmac,D,Moyen
plot_01022,1.0,micmac,D,Faible
plot_01023,1.0,micmac,D,Faible
plot_01024,1.0,micmac,D,Moyen
plot_01025,1.0,micmac,D,Moyen
plot_01026,1.0,micmac,C,Faible
plot_01027,1.0,micmac,D,Moyen
plot_01028,1.0,micmac,C,Faible
plot_01029,1.0,micmac,D,Faible
plot_01030,1.0,micmac,D,Faible
plot_01031,1.0,micmac,D,Faible
plot_01032,1.0,micmac,D,Faible
plot_01033,1.0,micmac,D,Moyen
plot_01034,1.0,micmac,D,Moyen
plot_01035,2.0,micmac,D,Faible
plot_01036,1.0,micmac,D,Moyen
plot_01037,2.0,micmac,D,Moyen
plot_01038,2.0,micmac,D,Moyen
plot_01039,2.0,micmac,D,Moyen
plot_01040,2.0,micmac,D,Faible
plot_01041,2.0,micmac,D,Moyen
plot_01042,2.0,micmac,C,Moyen
plot_01043,2.0,micmac,D,Faible
plot_01044,2.0,micmac,D,Moyen
plot_01045,2.0,micmac,D,Moyen
plot_01046,2.0,micmac,D,Moyen
plot_01047,2.0,micmac,D,Moyen
plot_01048,2.0,micmac,D,Moyen
plot_01049,2.0,micmac,D,Moyen
plot_01050,2.0,micmac,D,Moyen
plot_01051,2.0,micmac,C,Élevé
plot_01052,2.0,micmac,M,Moyen
plot_01053,2.0,micmac,D,Moyen
plot_01054,2.0,micmac,D,Faible
plot_01055,2.0,micmac,C,Élevé
plot_01056,2.0,micmac,D,Moyen
plot_01057,2.0,micmac,D,Moyen
plot_01058,2.0,micmac,D,Moyen
plot_01059,2.0,micmac,M,Moyen
plot_01060,2.0,micmac,M,Élevé
plot_01061,2.0,micmac,C,Élevé
plot_01062,2.0,micmac,D,Élevé
plot_01063,2.0,micmac,D,Moyen
plot_01064,2.0,micmac,D,Moyen
plot_01065,2.0,micmac,M,Moyen
plot_01066,2.0,micmac,D,Moyen
plot_01067,2.0,micmac,D,Moyen
plot_01068,2.0,micmac,D,Moyen
plot_01069,2.0,micmac,D,Élevé
plot_01070,2.0,micmac,D,Élevé
plot_01071,2.0,micmac,D,Moyen
plot_01072,2.0,micmac,C,Élevé
plot_01073,2.0,micmac,D,Élevé
plot_01074,2.0,micmac,D,Moyen
plot_01075,2.0,micmac,D,Moyen
plot_01076,2.0,micmac,D,Faible
plot_01077,2.0,micmac,D,Élevé
plot_01078,2.0,micmac,C,Élevé
plot_01079,2.0,micmac,M,Élevé
plot_01080,2.0,micmac,D,Élevé
plot_01081,2.0,micmac,M,Élevé
plot_01082,2.0,micmac,D,Moyen
plot_01083,2.0,micmac,D,Élevé
plot_01084,2.0,micmac,D,Élevé
plot_01085,2.0,micmac,C,Élevé
plot_01086,2.0,micmac,M,Élevé
plot_01087,2.0,micmac,C,Élevé
plot_01088,2.0,micmac,D,Élevé
plot_01089,2.0,micmac,D,Moyen
plot_01090,2.0,micmac,D,Élevé
plot_01091,2.0,micmac,C,Élevé
plot_01092,2.0,micmac,D,Élevé
plot_01093,2.0,micmac,M,Élevé
plot_01094,2.0,micmac,C,Élevé
plot_01095,2.0,micmac,C,Élevé
plot_01096,2.0,micmac,D,Élevé
plot_01097,2.0,micmac,D,Élevé
plot_01098,2.0,micmac,M,Élevé
plot_01099,2.0,micmac,M,Élevé
plot_01100,2.0,micmac,C,Moyen
plot_01101,2.0,micmac,M,Moyen
plot_01102,2.0,micmac,D,Moyen
plot_01103,2.0,micmac,D,Élevé
plot_01104,2.0,micmac,C,Élevé
plot_01105,2.0,micmac,C,Élevé
plot_01106,2.0,micmac,C,Élevé
plot_01107,2.0,micmac,D,Moyen
plot_01108,2.0,micmac,M,Élevé
plot_01109,2.0,micmac,M,Élevé
plot_01110,2.0,micmac,D,Élevé
plot_01111,2.0,micmac,D,Élevé
plot_01112,2.0,micmac,D,Moyen
plot_01113,2.0,micmac,D,Moyen
plot_01114,2.0,micmac,C,Élevé
plot_01115,2.0,micmac,C,Élevé
plot_01116,2.0,micmac,C,Élevé
plot_01117,2.0,micmac,D,Élevé
plot_01118,2.0,micmac,D,Élevé
plot_01119,2.0,micmac,C,Élevé
plot_01120,2.0,micmac,D,Élevé
plot_01121,2.0,micmac,M,Élevé
plot_01122,2.0,micmac,C,Élevé
plot_01123,2.0,micmac,D,Moyen
plot_01124,2.0,micmac,D,Moyen
plot_01125,2.0,micmac,C,Élevé
plot_01126,2.0,micmac,D,Moyen
plot_01127,2.0,micmac,C,Élevé
plot_01128,2.0,micmac,M,Élevé
plot_01129,2.0,micmac,C,Élevé
plot_01130,2.0,micmac,D,Élevé
plot_01131,2.0,micmac,D,Moyen
plot_01132,2.0,micmac,M,Élevé
plot_01133,2.0,micmac,D,Élevé
plot_01134,2.0,micmac,D,Élevé
plot_01135,2.0,micmac,D,Élevé
plot_01136,2.0,micmac,D,Élevé
plot_01137,2.0,micmac,M,Élevé
plot_01138,2.0,micmac,C,Élevé
plot_01139,2.0,micmac,D,Élevé
plot_01140,2.0,micmac,D,Élevé
plot_01146,2.0,micmac,D,Moyen
plot_01169,3.0,micmac,D,Élevé
plot_01197,2.0,micmac,D,Moyen
plot_01205,2.0,micmac,D,Moyen
plot_01213,2.0,micmac,D,Moyen
plot_01281,1.0,micmac,D,Faible
plot_01282,1.0,micmac,D,Faible
plot_01283,1.0,micmac,M,Moyen
plot_01284,1.0,micmac,D,Faible
plot_01285,1.0,micmac,D,Moyen
plot_01286,1.0,micmac,D,Faible
plot_01287,1.0,micmac,D,Moyen
plot_01288,1.0,micmac,D,Moyen
plot_01289,1.0,micmac,D,Moyen
plot_01290,1.0,micmac,D,Faible
plot_01291,1.0,micmac,D,Faible
plot_01292,1.0,micmac,D,Moyen
plot_01293,1.0,micmac,D,Moyen
plot_01294,1.0,micmac,C,Faible
plot_01295,1.0,micmac,D,Moyen
plot_01296,1.0,micmac,C,Moyen
plot_01297,1.0,micmac,D,Moyen
plot_01298,1.0,micmac,D,Faible
plot_01299,1.0,micmac,C,Faible
plot_01300,1.0,micmac,D,Faible
plot_01301,1.0,micmac,M,Moyen
plot_01302,1.0,micmac,D,Faible
plot_01303,1.0,micmac,D,Faible
plot_01304,1.0,micmac,D,Faible
plot_01305,1.0,micmac,D,Moyen
plot_01306,1.0,micmac,D,Moyen
plot_01307,1.0,micmac,D,Faible
plot_01308,1.0,micmac,D,Moyen
plot_01309,1.0,micmac,D,Faible
plot_01310,1.0,micmac,D,Faible
plot_01311,1.0,micmac,D,Moyen
plot_01312,1.0,micmac,D,Faible
plot_01313,1.0,micmac,M,Faible
plot_01314,1.0,micmac,D,Faible
plot_01315,1.0,micmac,D,Faible
plot_01316,1.0,micmac,M,Faible
plot_01317,1.0,micmac,D,Faible
plot_01318,1.0,micmac,D,Faible
plot_01319,2.0,micmac,C,Moyen
plot_01320,2.0,micmac,D,Moyen
plot_01321,2.0,micmac,D,Moyen
plot_01322,2.0,micmac,D,Moyen
plot_01323,2.0,micmac,D,Moyen
plot_01324,2.0,micmac,D,Moyen
plot_01325,2.0,micmac,D,Moyen
plot_01326,2.0,micmac,D,Moyen
plot_01327,2.0,micmac,D,Moyen
plot_01328,2.0,micmac,D,Moyen
plot_01329,2.0,micmac,D,Moyen
plot_01330,2.0,micmac,D,Moyen
plot_01331,2.0,micmac,D,Moyen
plot_01332,2.0,micmac,D,Moyen
plot_01333,2.0,micmac,D,Élevé
plot_01334,2.0,micmac,D,Moyen
plot_01335,2.0,micmac,D,Moyen
plot_01336,2.0,micmac,C,Élevé
plot_01337,2.0,micmac,D,Moyen
plot_01338,2.0,micmac,D,Élevé
plot_01339,2.0,micmac,D,Élevé
plot_01340,2.0,micmac,D,Moyen
plot_01341,2.0,micmac,D,Élevé
plot_01342,2.0,micmac,D,Élevé
plot_01343,2.0,micmac,C,Élevé
plot_01344,2.0,micmac,C,Élevé
plot_01345,2.0,micmac,D,Élevé
plot_01346,2.0,micmac,C,Élevé
plot_01347,2.0,micmac,C,Élevé
plot_01348,2.0,micmac,D,Élevé
plot_01349,2.0,micmac,D,Élevé
plot_01350,2.0,micmac,C,Élevé
plot_01351,2.0,micmac,D,Élevé
plot_01352,2.0,micmac,M,Élevé
plot_01353,2.0,micmac,C,Élevé
plot_01354,2.0,micmac,M,Moyen
plot_01355,2.0,micmac,D,Moyen
plot_01356,2.0,micmac,D,Élevé
plot_01357,2.0,micmac,C,Élevé
plot_01358,2.0,micmac,D,Moyen
plot_01359,2.0,micmac,D,Moyen
plot_01360,2.0,micmac,D,Élevé
plot_01361,2.0,micmac,D,Élevé
plot_01362,2.0,micmac,D,Élevé
plot_01363,2.0,micmac,D,Élevé
plot_01364,2.0,micmac,C,Élevé
plot_01365,2.0,micmac,D,Élevé
plot_01366,2.0,micmac,C,Élevé
plot_01367,2.0,micmac,D,Élevé
plot_01368,2.0,micmac,D,Élevé
plot_01369,2.0,micmac,D,Élevé
plot_01370,2.0,micmac,D,Moyen
plot_01371,2.0,micmac,D,Élevé
plot_01372,2.0,micmac,M,Élevé
plot_01373,2.0,micmac,D,Élevé
plot_01374,2.0,micmac,M,Élevé
plot_01375,2.0,micmac,C,Élevé
plot_01376,2.0,micmac,D,Élevé
plot_01377,2.0,micmac,C,Élevé
plot_01378,2.0,micmac,D,Élevé
plot_01379,2.0,micmac,M,Faible
plot_01380,2.0,micmac,D,Faible
plot_01381,2.0,micmac,C,Faible
plot_01382,2.0,micmac,D,Faible
plot_01383,2.0,micmac,D,Faible
plot_01384,2.0,micmac,C,Faible
plot_01385,2.0,micmac,D,Faible
plot_01386,2.0,micmac,D,Faible
plot_01387,2.0,micmac,D,Faible
plot_01388,2.0,micmac,D,Faible
plot_01389,2.0,micmac,D,Faible
plot_01390,2.0,micmac,C,Faible
plot_01391,2.0,micmac,D,Faible
plot_01392,2.0,micmac,M,Faible
plot_01393,2.0,micmac,D,Faible
plot_01394,2.0,micmac,D,Faible
plot_01395,2.0,micmac,D,Faible
plot_01396,2.0,micmac,C,Faible
plot_01397,2.0,micmac,D,Faible
plot_01398,2.0,micmac,D,Faible
plot_01399,2.0,micmac,C,Faible
plot_01400,2.0,micmac,M,Moyen
plot_01401,2.0,micmac,D,Faible
plot_01402,2.0,micmac,D,Faible
plot_01403,2.0,micmac,D,Faible
plot_01404,2.0,micmac,D,Faible
plot_01405,2.0,micmac,M,Moyen
plot_01406,2.0,micmac,D,Faible
plot_01407,2.0,micmac,D,Faible
plot_01408,2.0,micmac,D,Faible
plot_01409,2.0,micmac,D,Faible
plot_01410,2.0,micmac,D,Faible
plot_01411,2.0,micmac,D,Faible
plot_01412,2.0,micmac,D,Faible
plot_01413,2.0,micmac,M,Faible
plot_01414,2.0,micmac,D,Faible
plot_01415,2.0,micmac,C,Faible
plot_01416,2.0,micmac,C,Faible
plot_01417,2.0,micmac,D,Faible
plot_01418,2.0,micmac,D,Faible
plot_01419,2.0,micmac,D,Moyen
plot_01420,2.0,micmac,M,Moyen
plot_01421,2.0,micmac,D,Faible
plot_01422,2.0,micmac,M,Faible
plot_01423,2.0,micmac,C,Faible
plot_01424,2.0,micmac,D,Faible
plot_01425,2.0,micmac,D,Moyen
plot_01426,2.0,micmac,D,Faible
plot_01427,2.0,micmac,M,Faible
plot_01428,2.0,micmac,D,Faible
plot_01429,2.0,micmac,D,Faible
plot_01430,2.0,micmac,D,Faible
plot_01431,2.0,micmac,D,Faible
plot_01432,2.0,micmac,D,Faible
plot_01433,2.0,micmac,C,Faible
plot_01434,2.0,micmac,M,Faible
plot_01435,2.0,micmac,M,Moyen
plot_01436,2.0,micmac,D,Faible
plot_01437,2.0,micmac,M,Faible
plot_01438,2.0,micmac,D,Faible
plot_01439,2.0,micmac,C,Moyen
plot_01440,2.0,micmac,D,Moyen
plot_01441,2.0,micmac,D,Faible
plot_01442,2.0,micmac,D,Faible
plot_01443,2.0,micmac,D,Faible
plot_01444,2.0,micmac,C,Moyen
plot_01445,2.0,micmac,D,Faible
plot_01446,2.0,micmac,D,Faible
plot_01447,2.0,micmac,D,Faible
plot_01448,2.0,micmac,D,Moyen
plot_01449,2.0,micmac,D,Moyen
plot_01450,2.0,micmac,D,Moyen
plot_01451,2.0,micmac,D,Faible
plot_01452,2.0,micmac,D,Moyen
plot_01453,2.0,micmac,D,Faible
plot_01454,2.0,micmac,D,Moyen
plot_01455,2.0,micmac,C,Faible
plot_01456,2.0,micmac,D,Faible
plot_01457,2.0,micmac,M,Faible
plot_01458,2.0,micmac,D,Moyen
plot_01459,2.0,micmac,D,Moyen
plot_01460,2.0,micmac,M,Faible
plot_01461,2.0,micmac,D,Faible
plot_01462,2.0,micmac,D,Faible
plot_01463,2.0,micmac,D,Moyen
plot_01464,2.0,micmac,D,Faible
plot_01465,2.0,micmac,D,Faible
plot_01466,2.0,micmac,C,Faible
plot_01467,2.0,micmac,D,Moyen
plot_01468,2.0,micmac,D,Faible
plot_01469,2.0,micmac,D,Moyen
plot_01470,2.0,micmac,C,Faible
plot_01471,2.0,micmac,D,Faible
plot_01472,2.0,micmac,D,Faible
plot_01473,2.0,micmac,D,Faible
plot_01474,2.0,micmac,D,Moyen
plot_01475,2.0,micmac,D,Moyen
plot_01476,2.0,micmac,D,Moyen
plot_01477,2.0,micmac,D,Faible
plot_01478,2.0,micmac,D,Faible
plot_01479,2.0,micmac,D,Moyen
plot_01480,2.0,micmac,D,Faible
plot_01481,2.0,micmac,M,Faible
plot_01482,2.0,micmac,D,Faible
plot_01483,2.0,micmac,D,Faible
plot_01484,2.0,micmac,D,Moyen
plot_01485,2.0,micmac,D,Moyen
plot_01486,2.0,micmac,D,Faible
plot_01487,2.0,micmac,D,Faible
plot_01488,2.0,micmac,D,Faible
plot_01489,2.0,micmac,D,Moyen
plot_01490,2.0,micmac,D,Moyen
plot_01491,2.0,micmac,D,Moyen
plot_01492,2.0,micmac,D,Moyen
plot_01493,2.0,micmac,D,Faible
plot_01494,2.0,micmac,D,Faible
plot_01495,2.0,micmac,D,Faible
plot_01496,2.0,micmac,C,Faible
plot_01497,2.0,micmac,D,Faible
plot_01498,2.0,micmac,C,Moyen
plot_01499,2.0,micmac,D,Moyen
plot_01500,2.0,micmac,D,Moyen
plot_01501,2.0,micmac,D,Faible
plot_01502,2.0,micmac,D,Moyen
plot_01503,2.0,micmac,C,Moyen
plot_01504,2.0,micmac,D,Moyen
plot_01505,2.0,micmac,D,Faible
plot_01506,2.0,micmac,D,Faible
plot_01507,2.0,micmac,D,Moyen
plot_01508,2.0,micmac,D,Moyen
plot_01509,2.0,micmac,D,Faible
plot_01510,2.0,micmac,D,Faible
plot_01511,2.0,micmac,D,Faible
plot_01512,2.0,micmac,D,Moyen
plot_01513,2.0,micmac,D,Moyen
plot_01514,2.0,micmac,D,Faible
plot_01515,2.0,micmac,D,Faible
plot_01516,2.0,micmac,D,Moyen
plot_01517,2.0,micmac,D,Moyen
plot_01518,2.0,micmac,D,Moyen
plot_01519,2.0,micmac,D,Moyen
plot_01520,2.0,micmac,D,Faible
plot_01521,2.0,micmac,D,Moyen
plot_01522,2.0,micmac,D,Moyen
plot_01523,2.0,micmac,D,Faible
plot_01524,2.0,micmac,D,Moyen
plot_01525,2.0,micmac,D,Moyen
plot_01526,2.0,micmac,D,Faible
plot_01527,2.0,micmac,D,Faible
plot_01528,2.0,micmac,D,Moyen
plot_01529,2.0,micmac,D,Moyen
plot_01530,2.0,micmac,D,Faible
plot_01531,2.0,micmac,D,Faible
plot_01532,2.0,micmac,M,Moyen
plot_01533,2.0,micmac,M,Moyen
plot_01534,3.0,micmac,C,Moyen
plot_01535,3.0,micmac,D,Moyen
plot_01536,3.0,micmac,D,Moyen
plot_01537,2.0,micmac,D,Moyen
plot_01538,3.0,micmac,D,Moyen
plot_01539,2.0,micmac,D,Moyen
plot_01540,2.0,micmac,D,Moyen
plot_01541,3.0,micmac,C,Moyen
plot_01542,2.0,micmac,M,Moyen
plot_01543,3.0,micmac,D,Élevé
plot_01544,3.0,micmac,D,Élevé
plot_01545,3.0,micmac,C,Moyen
plot_01546,2.0,micmac,D,Moyen
plot_01547,3.0,micmac,D,Élevé
plot_01548,3.0,micmac,M,Élevé
plot_01549,2.0,micmac,D,Moyen
plot_01550,2.0,micmac,D,Moyen
plot_01551,2.0,micmac,D,Moyen
plot_01552,3.0,micmac,D,Élevé
plot_01553,3.0,micmac,D,Moyen
plot_01554,3.0,micmac,D,Élevé
plot_01555,3.0,micmac,C,Élevé
plot_01556,3.0,micmac,C,Élevé
plot_01557,2.0,micmac,D,Moyen
plot_01558,2.0,micmac,D,Moyen
plot_01559,3.0,micmac,D,Élevé
plot_01560,3.0,micmac,D,Moyen
plot_01561,3.0,micmac,C,Élevé
plot_01562,2.0,micmac,D,Moyen
plot_01563,2.0,micmac,D,Moyen
plot_01564,3.0,micmac,D,Élevé
plot_01565,3.0,micmac,M,Élevé
plot_01566,3.0,micmac,D,Élevé
plot_01567,3.0,micmac,D,Moyen
plot_01568,3.0,micmac,C,Élevé
plot_01569,3.0,micmac,C,Élevé
plot_01570,3.0,micmac,C,Élevé
plot_01571,2.0,micmac,D,Moyen
plot_01572,2.0,micmac,D,Moyen
plot_01573,3.0,micmac,D,Élevé
plot_01574,3.0,micmac,C,Élevé
plot_01575,3.0,micmac,M,Élevé
plot_01576,2.0,micmac,D,Moyen
plot_01577,3.0,micmac,D,Élevé
plot_01578,3.0,micmac,D,Élevé
plot_01579,3.0,micmac,C,Élevé
plot_01580,3.0,micmac,M,Élevé
plot_01581,2.0,micmac,D,Moyen
plot_01582,2.0,micmac,D,Moyen
plot_01583,3.0,micmac,D,Moyen
plot_01584,3.0,micmac,D,Élevé
plot_01585,3.0,micmac,C,Élevé
plot_01586,3.0,micmac,D,Élevé
plot_01587,3.0,micmac,M,Élevé
plot_01588,3.0,micmac,M,Élevé
plot_01589,3.0,micmac,C,Élevé
plot_01590,2.0,micmac,D,Moyen
plot_01591,3.0,micmac,D,Élevé
plot_01592,3.0,micmac,M,Élevé
plot_01593,3.0,micmac,M,Élevé
plot_01594,3.0,micmac,M,Élevé
plot_01595,3.0,micmac,C,Élevé
plot_01596,3.0,micmac,M,Élevé
plot_01597,3.0,micmac,C,Élevé
plot_01598,3.0,micmac,C,Élevé
plot_01599,2.0,micmac,D,Moyen
plot_01600,2.0,micmac,D,Moyen
plot_01601,3.0,micmac,D,Moyen
plot_01602,3.0,micmac,D,Élevé
plot_01603,3.0,micmac,C,Élevé
plot_01604,3.0,micmac,C,Élevé
plot_01605,3.0,micmac,M,Élevé
plot_01606,3.0,micmac,C,Élevé
plot_01607,3.0,micmac,C,Élevé
plot_01608,3.0,micmac,C,Élevé
plot_01609,3.0,micmac,M,Élevé
plot_01610,3.0,micmac,M,Élevé
plot_01611,3.0,micmac,M,Élevé
plot_01612,3.0,micmac,M,Élevé
plot_01613,3.0,micmac,M,Élevé
plot_01614,3.0,micmac,D,Élevé
plot_01615,2.0,micmac,D,Moyen
plot_01616,3.0,micmac,M,Élevé
plot_01617,3.0,micmac,C,Élevé
plot_01618,3.0,micmac,C,Élevé
plot_01619,3.0,micmac,D,Élevé
plot_01620,3.0,micmac,C,Élevé
plot_01621,3.0,micmac,C,Élevé
plot_01622,3.0,micmac,D,Élevé
plot_01623,3.0,micmac,C,Élevé
plot_01624,3.0,micmac,C,Élevé
plot_01625,3.0,micmac,M,Élevé
plot_01626,3.0,micmac,M,Élevé
plot_01627,2.0,micmac,D,Moyen
plot_01628,2.0,micmac,D,Moyen
plot_01629,2.0,micmac,D,Faible
plot_01630,2.0,micmac,D,Moyen
plot_01631,2.0,micmac,D,Faible
plot_01632,2.0,micmac,D,Moyen
plot_01633,2.0,micmac,D,Moyen
plot_01634,2.0,micmac,D,Moyen
plot_01635,2.0,micmac,D,Moyen
plot_01636,2.0,micmac,D,Moyen
plot_01637,2.0,micmac,D,Faible
plot_01638,2.0,micmac,D,Moyen
plot_01639,2.0,micmac,D,Moyen
plot_01640,2.0,micmac,D,Moyen
plot_01641,2.0,micmac,D,Moyen
plot_01642,2.0,micmac,D,Moyen
plot_01643,2.0,micmac,M,Moyen
plot_01644,2.0,micmac,D,Moyen
plot_01645,2.0,micmac,D,Moyen
plot_01646,2.0,micmac,M,Élevé
plot_01647,2.0,micmac,D,Élevé
plot_01648,2.0,micmac,M,Moyen
plot_01649,2.0,micmac,D,Élevé
plot_01650,3.0,micmac,C,Élevé
plot_01651,3.0,micmac,C,Élevé
plot_01652,3.0,micmac,C,Moyen
plot_01653,2.0,micmac,D,Moyen
plot_01654,2.0,micmac,D,Moyen
plot_01655,2.0,micmac,D,Moyen
plot_01656,2.0,micmac,D,Moyen
plot_01657,2.0,micmac,D,Faible
plot_01658,3.0,micmac,C,Élevé
plot_01659,3.0,micmac,D,Élevé
plot_01660,3.0,micmac,C,Moyen
plot_01661,2.0,micmac,C,Moyen
plot_01662,2.0,micmac,D,Faible
plot_01663,3.0,micmac,D,Élevé
plot_01664,3.0,micmac,C,Élevé
plot_01665,3.0,micmac,M,Élevé
plot_01666,3.0,micmac,D,Élevé
plot_01667,3.0,micmac,C,Élevé
plot_01668,3.0,micmac,M,Élevé
plot_01669,3.0,micmac,D,Élevé
plot_01670,2.0,micmac,C,Élevé
plot_01671,2.0,micmac,M,Élevé
plot_01672,3.0,micmac,D,Élevé
plot_01673,2.0,micmac,D,Moyen
plot_01674,3.0,micmac,M,Élevé
plot_01675,3.0,micmac,M,Élevé
plot_01676,3.0,micmac,C,Élevé
plot_01677,3.0,micmac,C,Élevé
plot_01678,3.0,micmac,C,Élevé
plot_01679,3.0,micmac,D,Élevé
plot_01680,3.0,micmac,M,Élevé
plot_01681,3.0,micmac,C,Élevé
plot_01682,3.0,micmac,M,Élevé
plot_01683,3.0,micmac,D,Élevé
plot_01684,3.0,micmac,D,Élevé
plot_01685,2.0,micmac,C,Élevé
plot_01686,3.0,micmac,C,Élevé
plot_01687,3.0,micmac,D,Élevé
plot_01688,3.0,micmac,D,Élevé
plot_01689,3.0,micmac,C,Élevé
plot_01690,3.0,micmac,D,Élevé
plot_01691,3.0,micmac,M,Élevé
plot_01692,3.0,micmac,C,Élevé
plot_01693,3.0,micmac,C,Élevé
plot_01694,3.0,micmac,D,Élevé
plot_01695,3.0,micmac,C,Élevé
plot_01696,3.0,micmac,D,Élevé
plot_01697,3.0,micmac,C,Élevé
plot_01698,3.0,micmac,C,Élevé
plot_01699,3.0,micmac,C,Élevé
plot_01700,3.0,micmac,C,Élevé
plot_01701,3.0,micmac,D,Élevé
plot_01702,3.0,micmac,D,Élevé
plot_01703,3.0,micmac,M,Élevé
plot_01704,3.0,micmac,D,Élevé
plot_01705,3.0,micmac,C,Élevé
plot_01706,3.0,micmac,D,Élevé
plot_01707,3.0,micmac,D,Élevé
plot_01708,3.0,micmac,C,Élevé
plot_01709,1.0,micmac,D,Faible
plot_01710,1.0,micmac,D,Faible
plot_01711,1.0,micmac,C,Faible
plot_01712,1.0,micmac,D,Faible
plot_01713,1.0,micmac,D,Faible
plot_01714,1.0,micmac,C,Faible
plot_01715,1.0,micmac,M,Faible
plot_01716,1.0,micmac,D,Faible
plot_01717,1.0,micmac,C,Faible
plot_01718,1.0,micmac,C,Faible
plot_01719,1.0,micmac,D,Faible
plot_01720,1.0,micmac,C,Faible
plot_01721,1.0,micmac,D,Faible
plot_01722,1.0,micmac,D,Faible
plot_01723,1.0,micmac,D,Faible
plot_01724,1.0,micmac,D,Faible
plot_01725,1.0,micmac,D,Faible
plot_01726,1.0,micmac,D,Faible
plot_01727,1.0,micmac,D,Faible
plot_01728,1.0,micmac,M,Faible
plot_01729,1.0,micmac,D,Faible
plot_01730,1.0,micmac,C,Faible
plot_01731,1.0,micmac,C,Faible
plot_01732,1.0,micmac,D,Faible
plot_01733,1.0,micmac,D,Faible
plot_01734,1.0,micmac,D,Faible
plot_01735,1.0,micmac,D,Faible
plot_01736,1.0,micmac,D,Faible
plot_01737,1.0,micmac,D,Faible
plot_01738,1.0,micmac,D,Faible
plot_01739,1.0,micmac,D,Faible
plot_01740,1.0,micmac,D,Faible
plot_01741,1.0,micmac,D,Faible
plot_01742,1.0,micmac,D,Faible
plot_01743,1.0,micmac,D,Faible
plot_01744,1.0,micmac,D,Faible
plot_01745,1.0,micmac,D,Faible
plot_01746,1.0,micmac,D,Faible
plot_01747,1.0,micmac,D,Faible
plot_01748,1.0,micmac,D,Faible
plot_01749,1.0,micmac,D,Faible
plot_01750,1.0,micmac,D,Faible
plot_01751,1.0,micmac,D,Faible
plot_01752,1.0,micmac,D,Faible
plot_01753,1.0,micmac,C,Faible
plot_01754,1.0,micmac,D,Faible
plot_01755,1.0,micmac,D,Faible
plot_01756,1.0,micmac,C,Faible
plot_01757,1.0,micmac,D,Faible
plot_01758,1.0,micmac,D,Faible
plot_01759,1.0,micmac,M,Faible
plot_01760,1.0,micmac,D,Moyen
plot_01761,1.0,micmac,D,Faible
plot_01762,1.0,micmac,D,Moyen
plot_01763,1.0,micmac,D,Faible
plot_01764,1.0,micmac,D,Faible
plot_01765,1.0,micmac,D,Moyen
plot_01766,1.0,micmac,D,Faible
plot_01767,1.0,micmac,D,Moyen
plot_01768,1.0,micmac,D,Moyen
plot_01769,1.0,micmac,D,Moyen
plot_01770,1.0,micmac,D,Faible
plot_01771,1.0,micmac,D,Moyen
plot_01772,1.0,micmac,D,Moyen
plot_01773,1.0,micmac,D,Faible
plot_01774,1.0,micmac,D,Faible
plot_01775,1.0,micmac,D,Faible
plot_01776,1.0,micmac,D,Moyen
plot_01777,1.0,micmac,D,Faible
plot_01778,1.0,micmac,D,Faible
plot_01779,1.0,micmac,D,Moyen
plot_01780,1.0,micmac,D,Faible
plot_01781,1.0,micmac,D,Faible
plot_01782,1.0,micmac,D,Faible
plot_01783,1.0,micmac,D,Faible
plot_01784,1.0,micmac,D,Faible
plot_01785,1.0,micmac,D,Faible
plot_01786,1.0,micmac,D,Faible
plot_01787,1.0,micmac,D,Faible
plot_01788,1.0,micmac,D,Faible
plot_01789,1.0,micmac,D,Faible
plot_01790,1.0,micmac,D,Faible
plot_01791,1.0,micmac,D,Faible
plot_01792,1.0,micmac,D,Faible
plot_01793,1.0,micmac,D,Faible
plot_01794,1.0,micmac,D,Faible
plot_01795,1.0,micmac,D,Faible
plot_01796,1.0,micmac,D,Faible
plot_01797,1.0,micmac,M,Faible
plot_01798,1.0,micmac,D,Faible
plot_01799,1.0,micmac,D,Moyen
plot_01800,1.0,micmac,D,Faible
plot_01801,1.0,micmac,D,Faible
plot_01802,1.0,micmac,D,Moyen
plot_01803,1.0,micmac,D,Faible
plot_01804,1.0,micmac,D,Faible
plot_01805,1.0,micmac,M,Faible
plot_01806,1.0,micmac,M,Faible
plot_01807,1.0,micmac,D,Faible
plot_01808,1.0,micmac,D,Faible
plot_01809,1.0,micmac,D,Faible
plot_01810,1.0,micmac,D,Faible
plot_01811,1.0,micmac,D,Moyen
plot_01812,1.0,micmac,D,Faible
plot_01813,1.0,micmac,D,Moyen
plot_01814,1.0,micmac,D,Faible
plot_01815,1.0,micmac,D,Faible
plot_01816,1.0,micmac,M,Faible
plot_01817,1.0,micmac,C,Faible
plot_01818,1.0,micmac,D,Faible
plot_01819,1.0,micmac,D,Faible
plot_01820,1.0,micmac,D,Faible
plot_01821,1.0,micmac,D,Faible
plot_01822,2.0,micmac,D,Élevé
plot_01823,3.0,micmac,D,Élevé
plot_01824,2.0,micmac,D,Élevé
plot_01825,3.0,micmac,D,Élevé
plot_01826,3.0,micmac,C,Élevé
plot_01827,3.0,micmac,D,Élevé
plot_01828,2.0,micmac,D,Élevé
plot_01829,3.0,micmac,D,Élevé
plot_01830,3.0,micmac,D,Moyen
plot_01831,3.0,micmac,D,Moyen
plot_01832,3.0,micmac,C,Moyen
plot_01833,3.0,micmac,D,Élevé
plot_01834,3.0,micmac,D,Moyen
plot_01835,3.0,micmac,D,Élevé
plot_01836,3.0,micmac,D,Élevé
plot_01837,3.0,micmac,D,Moyen
plot_01838,3.0,micmac,C,Moyen
plot_01839,3.0,micmac,D,Moyen
plot_01840,3.0,micmac,C,Moyen
plot_01841,3.0,micmac,D,Moyen
plot_01842,3.0,micmac,D,Moyen
plot_01843,3.0,micmac,C,Moyen
plot_01844,3.0,micmac,D,Moyen
plot_01845,3.0,micmac,C,Moyen
plot_01846,3.0,micmac,D,Faible
plot_01847,3.0,micmac,D,Moyen
plot_01848,2.0,micmac,M,Moyen
plot_01849,2.0,micmac,M,Faible
plot_01850,2.0,micmac,M,Moyen
plot_01851,2.0,micmac,D,Faible
plot_01852,2.0,micmac,M,Faible
plot_01853,2.0,micmac,M,Faible
plot_01854,2.0,micmac,D,Faible
plot_01855,2.0,micmac,D,Moyen
plot_01856,2.0,micmac,D,Moyen
plot_01857,2.0,micmac,C,Faible
plot_01858,2.0,micmac,D,Moyen
plot_01859,2.0,micmac,D,Moyen
plot_01860,2.0,micmac,D,Faible
plot_01861,2.0,micmac,D,Faible
plot_01862,2.0,micmac,D,Faible
plot_01863,2.0,micmac,D,Moyen
plot_01864,2.0,micmac,D,Faible
plot_01865,2.0,micmac,C,Moyen
plot_01866,2.0,micmac,C,Faible
plot_01867,2.0,micmac,M,Faible
plot_01868,2.0,micmac,C,Faible
plot_01869,2.0,micmac,D,Faible
plot_01870,2.0,micmac,D,Faible
plot_01871,2.0,micmac,D,Moyen
plot_01872,2.0,micmac,D,Faible
plot_01873,2.0,micmac,M,Faible
plot_01874,2.0,micmac,D,Faible
plot_01875,2.0,micmac,D,Faible
plot_01876,2.0,micmac,C,Faible
plot_01877,2.0,micmac,D,Moyen
plot_01878,2.0,micmac,D,Moyen
plot_01879,2.0,micmac,D,Moyen
plot_01880,2.0,micmac,C,Moyen
plot_01881,2.0,micmac,D,Moyen
plot_01882,3.0,micmac,D,Élevé
plot_01883,2.0,micmac,D,Moyen
plot_01884,2.0,micmac,D,Moyen
plot_01885,3.0,micmac,D,Élevé
plot_01886,3.0,micmac,D,Élevé
plot_01887,3.0,micmac,D,Élevé
plot_01888,2.0,micmac,C,Moyen
plot_01889,2.0,micmac,D,Moyen
plot_01890,3.0,micmac,D,Élevé
plot_01891,2.0,micmac,D,Moyen
plot_01892,2.0,micmac,D,Élevé
plot_01893,2.0,micmac,D,Moyen
plot_01894,3.0,micmac,D,Élevé
plot_01895,3.0,micmac,C,Élevé
plot_01896,2.0,micmac,D,Moyen
plot_01897,2.0,micmac,D,Moyen
plot_01898,2.0,micmac,D,Moyen
plot_01899,3.0,micmac,D,Élevé
plot_01900,3.0,micmac,D,Élevé
plot_01901,2.0,micmac,D,Moyen
plot_01902,2.0,micmac,D,Moyen
plot_01903,2.0,micmac,D,Moyen
plot_01904,3.0,micmac,D,Élevé
plot_01905,2.0,micmac,D,Moyen
plot_01906,3.0,micmac,D,Élevé
plot_01907,2.0,micmac,D,Moyen
plot_01908,2.0,micmac,D,Moyen
plot_01909,2.0,micmac,D,Moyen
plot_01910,2.0,micmac,D,Faible
plot_01911,2.0,micmac,D,Faible
plot_01912,2.0,micmac,D,Moyen
plot_01913,2.0,micmac,D,Moyen
plot_01914,2.0,micmac,D,Faible
plot_01915,2.0,micmac,D,Faible
plot_01916,2.0,micmac,D,Faible
plot_01917,2.0,micmac,D,Faible
plot_01918,2.0,micmac,D,Faible
plot_01919,2.0,micmac,D,Moyen
plot_01920,2.0,micmac,D,Faible
plot_01921,2.0,micmac,D,Moyen
plot_01922,2.0,micmac,D,Moyen
plot_01923,2.0,micmac,C,Faible
plot_01924,2.0,micmac,D,Faible
plot_01925,2.0,micmac,D,Faible
plot_01926,2.0,micmac,D,Faible
plot_01927,2.0,micmac,D,Faible
plot_01928,2.0,micmac,D,Faible
plot_01929,2.0,micmac,D,Faible
plot_01930,2.0,micmac,D,Faible
plot_01931,2.0,micmac,D,Faible
plot_01932,2.0,micmac,D,Faible
plot_01933,2.0,micmac,D,Faible
plot_01934,2.0,micmac,D,Faible
plot_01935,2.0,micmac,D,Faible
plot_01936,2.0,micmac,D,Faible
plot_01937,2.0,micmac,D,Faible
plot_01938,2.0,micmac,D,Faible
plot_01939,2.0,micmac,C,Moyen
plot_01940,2.0,micmac,D,Faible
plot_01941,2.0,micmac,D,Faible
plot_01942,2.0,micmac,D,Faible
plot_01943,2.0,micmac,D,Moyen
plot_01944,2.0,micmac,D,Moyen
plot_01945,2.0,micmac,D,Faible
plot_01946,2.0,micmac,D,Faible
plot_01947,2.0,micmac,D,Moyen
plot_01948,2.0,micmac,D,Moyen
plot_01949,2.0,micmac,D,Moyen
plot_01950,2.0,micmac,D,Faible
plot_01951,2.0,micmac,D,Moyen
plot_01952,2.0,micmac,D,Moyen
plot_01953,2.0,micmac,D,Moyen
plot_01954,2.0,micmac,D,Faible
plot_01955,2.0,micmac,D,Moyen
plot_01956,2.0,micmac,D,Faible
plot_01957,2.0,micmac,D,Moyen
plot_01958,2.0,micmac,D,Faible
plot_01959,2.0,micmac,D,Moyen
plot_01960,2.0,micmac,D,Moyen
plot_01961,2.0,micmac,D,Moyen
plot_01962,2.0,micmac,D,Moyen
plot_01963,2.0,micmac,C,Faible
plot_01964,2.0,micmac,C,Faible
plot_01965,2.0,micmac,C,Faible
plot_01966,2.0,micmac,C,Faible
plot_01967,2.0,micmac,C,Faible
plot_01968,2.0,micmac,C,Faible
plot_01969,2.0,micmac,M,Faible
plot_01970,2.0,micmac,C,Faible
plot_01971,2.0,micmac,C,Faible
plot_01972,2.0,micmac,M,Faible
plot_01973,2.0,micmac,C,Faible
plot_01974,2.0,micmac,C,Faible
plot_01975,2.0,micmac,C,Faible
plot_01976,2.0,micmac,C,Faible
plot_01977,2.0,micmac,C,Faible
plot_01978,2.0,micmac,C,Faible
plot_01979,2.0,micmac,D,Faible
plot_01980,2.0,micmac,M,Faible
plot_01981,2.0,micmac,D,Faible
plot_01982,2.0,micmac,C,Faible
plot_01983,2.0,micmac,C,Faible
plot_01984,2.0,micmac,C,Faible
plot_01985,2.0,micmac,C,Faible
plot_01986,2.0,micmac,C,Faible
plot_01987,2.0,micmac,C,Faible
plot_01988,2.0,micmac,D,Faible
plot_01989,2.0,micmac,C,Faible
plot_01990,2.0,micmac,C,Faible
plot_01991,2.0,micmac,D,Faible
plot_01992,2.0,micmac,C,Faible
plot_01993,2.0,micmac,M,Faible
plot_01994,2.0,micmac,D,Faible
plot_01995,2.0,micmac,C,Faible
plot_01996,2.0,micmac,C,Faible
plot_01997,2.0,micmac,D,Faible
plot_01998,2.0,micmac,D,Faible
plot_01999,2.0,micmac,C,Faible
plot_02000,2.0,micmac,C,Faible
plot_02001,2.0,micmac,C,Faible
plot_02002,2.0,micmac,D,Faible
plot_02003,2.0,micmac,D,Faible
plot_02004,2.0,micmac,D,Faible
plot_02005,2.0,micmac,D,Faible
plot_02006,2.0,micmac,C,Faible
plot_02007,2.0,micmac,D,Faible
plot_02008,2.0,micmac,C,Faible
plot_02009,2.0,micmac,D,Faible
plot_02010,2.0,micmac,D,Faible
plot_02011,2.0,micmac,D,Faible
plot_02012,2.0,micmac,D,Faible
plot_02013,2.0,micmac,C,Faible
plot_02014,2.0,micmac,D,Faible
plot_02015,2.0,micmac,C,Faible
plot_02016,2.0,micmac,C,Faible
plot_02017,2.0,micmac,M,Faible
plot_02018,2.0,micmac,C,Faible
plot_02019,2.0,micmac,M,Faible
plot_02020,2.0,micmac,C,Faible
plot_02021,2.0,micmac,D,Faible
plot_02022,2.0,micmac,M,Faible
plot_02023,2.0,micmac,D,Faible
plot_02024,2.0,micmac,D,Faible
plot_02025,2.0,micmac,D,Faible
plot_02026,2.0,micmac,C,Faible
plot_02027,2.0,micmac,D,Faible
plot_02028,2.0,micmac,C,Faible
plot_02029,2.0,micmac,D,Faible
plot_02030,2.0,micmac,M,Faible
plot_02031,2.0,micmac,C,Faible
plot_02032,2.0,micmac,D,Faible
plot_02033,2.0,micmac,D,Faible
plot_02034,2.0,micmac,D,Faible
plot_02035,2.0,micmac,C,Faible
plot_02036,2.0,micmac,C,Faible
plot_02037,2.0,micmac,C,Faible
plot_02038,2.0,micmac,D,Faible
plot_02039,2.0,micmac,D,Faible
plot_02040,2.0,micmac,D,Faible
plot_02041,2.0,micmac,D,Faible
plot_02042,2.0,micmac,C,Faible
plot_02043,2.0,micmac,C,Faible
plot_02044,2.0,micmac,D,Faible
plot_02045,2.0,micmac,D,Faible
plot_02046,2.0,micmac,C,Faible
plot_02047,2.0,micmac,D,Faible
plot_02048,2.0,micmac,D,Faible
plot_02049,2.0,micmac,D,Faible
plot_02050,2.0,micmac,D,Faible
plot_02051,2.0,micmac,D,Faible
plot_02052,2.0,micmac,D,Faible
plot_02053,2.0,micmac,C,Faible
plot_02054,2.0,micmac,C,Faible
plot_02055,2.0,micmac,M,Faible
plot_02056,2.0,micmac,D,Faible
plot_02057,2.0,micmac,D,Faible
plot_02058,2.0,micmac,D,Faible
plot_02059,2.0,micmac,D,Faible
plot_02060,2.0,micmac,C,Faible
plot_02061,2.0,micmac,C,Faible
plot_02062,2.0,micmac,C,Faible
plot_02063,2.0,micmac,C,Faible
plot_02064,2.0,micmac,D,Faible
plot_02065,2.0,micmac,D,Faible
plot_02066,2.0,micmac,D,Faible
plot_02067,2.0,micmac,C,Faible
plot_02068,2.0,micmac,C,Faible
plot_02069,3.0,micmac,D,Élevé
plot_02070,3.0,micmac,D,Élevé
plot_02071,3.0,micmac,M,Élevé
plot_02072,3.0,micmac,D,Élevé
plot_02073,3.0,micmac,C,Élevé
plot_02074,3.0,micmac,D,Moyen
plot_02075,3.0,micmac,D,Moyen
plot_02076,3.0,micmac,D,Élevé
plot_02077,3.0,micmac,D,Élevé
plot_02078,3.0,micmac,D,Moyen
plot_02079,3.0,micmac,D,Moyen
plot_02080,2.0,micmac,D,Moyen
plot_02081,2.0,micmac,C,Élevé
plot_02082,3.0,micmac,D,Moyen
plot_02083,3.0,micmac,D,Moyen
plot_02084,2.0,micmac,D,Faible
plot_02085,2.0,micmac,C,Faible
plot_02086,2.0,micmac,C,Faible
plot_02087,2.0,micmac,C,Élevé
plot_02088,3.0,micmac,D,Élevé
plot_02089,3.0,micmac,D,Moyen
plot_02090,3.0,micmac,D,Moyen
plot_02091,2.0,micmac,D,Faible
plot_02092,3.0,micmac,D,Moyen
plot_02093,3.0,micmac,D,Moyen
plot_02094,2.0,micmac,D,Faible
plot_02095,2.0,micmac,D,Faible
plot_02096,2.0,micmac,C,Faible
plot_02097,2.0,micmac,C,Moyen
plot_02098,2.0,micmac,D,Moyen
plot_02099,2.0,micmac,D,Moyen
plot_02100,2.0,micmac,D,Faible
plot_02101,2.0,micmac,D,Élevé
plot_02102,2.0,micmac,D,Moyen
plot_02103,2.0,micmac,M,Faible
plot_02104,2.0,micmac,C,Faible
plot_02105,2.0,micmac,D,Élevé
plot_02106,2.0,micmac,D,Moyen
plot_02107,2.0,micmac,D,Faible
plot_02108,2.0,micmac,C,Faible
plot_02109,2.0,micmac,D,Moyen
plot_02110,2.0,micmac,D,Moyen
plot_02111,2.0,micmac,D,Moyen
plot_02112,2.0,micmac,D,Moyen
plot_02113,2.0,micmac,D,Faible
plot_02114,2.0,micmac,D,Moyen
plot_02115,2.0,micmac,C,Moyen
plot_02116,2.0,micmac,D,Faible
plot_02117,2.0,micmac,M,Faible
plot_02118,2.0,micmac,C,Faible
plot_02119,2.0,micmac,D,Faible
plot_02120,2.0,micmac,C,Faible
plot_02121,2.0,micmac,M,Faible
plot_02122,2.0,micmac,D,Faible
plot_02123,2.0,micmac,C,Faible
plot_02124,1.0,micmac,D,Faible
plot_02125,1.0,micmac,D,Faible
plot_02126,1.0,micmac,M,Faible
plot_02127,1.0,micmac,C,Faible
plot_02128,1.0,micmac,D,Faible
plot_02129,1.0,micmac,M,Faible
plot_02130,1.0,micmac,M,Faible
plot_02131,1.0,micmac,D,Faible
plot_02132,1.0,micmac,C,Faible
plot_02133,1.0,micmac,D,Faible
plot_02134,1.0,micmac,D,Faible
plot_02135,1.0,micmac,D,Faible
plot_02136,1.0,micmac,C,Faible
plot_02137,1.0,micmac,M,Faible
plot_02138,1.0,micmac,D,Faible
plot_02139,1.0,micmac,C,Faible
plot_02140,1.0,micmac,M,Faible
plot_02141,1.0,micmac,D,Faible
plot_02142,1.0,micmac,D,Faible
plot_02143,1.0,micmac,D,Faible
plot_02144,1.0,micmac,C,Faible
plot_02145,1.0,micmac,C,Faible
plot_02146,1.0,micmac,D,Faible
plot_02147,1.0,micmac,D,Faible
plot_02148,1.0,micmac,D,Faible
plot_02149,1.0,micmac,C,Faible
plot_02150,1.0,micmac,D,Faible
plot_02151,1.0,micmac,D,Faible
plot_02152,1.0,micmac,D,Faible
plot_02153,1.0,micmac,D,Faible
plot_02154,1.0,micmac,D,Faible
plot_02155,1.0,micmac,D,Faible
plot_02156,1.0,micmac,D,Faible
plot_02157,1.0,micmac,D,Faible
plot_02158,1.0,micmac,C,Faible
plot_02159,1.0,micmac,D,Faible
plot_02160,1.0,micmac,M,Faible
plot_02161,1.0,micmac,D,Faible
plot_02162,1.0,micmac,D,Faible
plot_02163,1.0,micmac,D,Faible
plot_02164,1.0,micmac,D,Faible
plot_02165,1.0,micmac,D,Faible
plot_02166,1.0,micmac,D,Faible
plot_02167,1.0,micmac,D,Faible
plot_02168,1.0,micmac,D,Faible
plot_02169,1.0,micmac,D,Faible
plot_02170,1.0,micmac,D,Faible
plot_02171,1.0,micmac,D,Faible
plot_02172,1.0,micmac,D,Faible
plot_02173,1.0,micmac,D,Faible
plot_02174,1.0,micmac,D,Faible
plot_02175,1.0,micmac,D,Faible
plot_02176,1.0,micmac,D,Faible
plot_02177,1.0,micmac,D,Faible
plot_02178,1.0,micmac,D,Faible
plot_02179,1.0,micmac,D,Faible
plot_02180,1.0,micmac,D,Faible
plot_02181,1.0,micmac,C,Faible
plot_02182,1.0,micmac,D,Faible
plot_02183,1.0,micmac,D,Faible
plot_02184,1.0,micmac,D,Faible
plot_02185,1.0,micmac,D,Faible
plot_02186,1.0,micmac,C,Faible
plot_02187,1.0,micmac,D,Faible
plot_02188,1.0,micmac,D,Faible
plot_02189,1.0,micmac,D,Faible
plot_02190,1.0,micmac,D,Faible
plot_02191,2.0,micmac,D,Faible
plot_02192,2.0,micmac,D,Moyen
plot_02193,1.0,micmac,D,Faible
plot_02194,1.0,micmac,D,Faible
plot_02195,1.0,micmac,D,Faible
plot_02196,1.0,micmac,D,Faible
plot_02197,1.0,micmac,D,Faible
plot_02198,1.0,micmac,D,Faible
plot_02199,1.0,micmac,D,Faible
plot_02200,2.0,micmac,D,Moyen
plot_02201,1.0,micmac,D,Faible
plot_02202,2.0,micmac,D,Moyen
plot_02203,1.0,micmac,D,Faible
plot_02204,1.0,micmac,D,Faible
plot_02205,1.0,micmac,D,Faible
plot_02206,2.0,micmac,D,Moyen
plot_02207,2.0,micmac,D,Moyen
plot_02208,1.0,micmac,D,Faible
plot_02209,1.0,micmac,D,Faible
plot_02210,1.0,micmac,D,Faible
plot_02211,1.0,micmac,D,Faible
plot_02212,1.0,micmac,D,Faible
plot_02213,1.0,micmac,D,Moyen
plot_02214,1.0,micmac,D,Faible
plot_02215,1.0,micmac,D,Moyen
plot_02216,1.0,micmac,D,Faible
plot_02217,1.0,micmac,D,Faible
plot_02218,1.0,micmac,D,Faible
plot_02219,1.0,micmac,C,Faible
plot_02220,1.0,micmac,D,Faible
plot_02221,1.0,micmac,D,Faible
plot_02222,1.0,micmac,D,Faible
plot_02223,1.0,micmac,D,Faible
plot_02224,1.0,micmac,D,Faible
plot_02225,1.0,micmac,D,Faible
plot_02226,1.0,micmac,D,Faible
plot_02227,1.0,micmac,D,Faible
plot_02228,1.0,micmac,C,Faible
plot_02229,1.0,micmac,C,Faible
plot_02230,1.0,micmac,D,Faible
plot_02231,1.0,micmac,D,Faible
plot_02232,1.0,micmac,D,Faible
plot_02233,1.0,micmac,D,Faible
plot_02234,1.0,micmac,M,Faible
plot_02235,1.0,micmac,D,Faible
plot_02236,1.0,micmac,D,Faible
plot_02237,1.0,micmac,C,Faible
plot_02238,1.0,micmac,D,Faible
plot_02239,1.0,micmac,D,Faible
plot_02240,1.0,micmac,D,Faible
plot_02241,1.0,micmac,C,Faible
plot_02242,1.0,micmac,D,Faible
plot_02243,1.0,micmac,D,Faible
plot_02244,1.0,micmac,D,Faible
plot_02245,1.0,micmac,D,Faible
plot_02246,1.0,micmac,D,Faible
plot_02247,1.0,micmac,D,Faible
plot_02248,1.0,micmac,D,Faible
plot_02249,1.0,micmac,C,Faible
plot_02250,1.0,micmac,D,Faible
plot_02251,1.0,micmac,D,Faible
plot_02252,1.0,micmac,D,Faible
plot_02253,1.0,micmac,D,Faible
plot_02254,1.0,micmac,M,Faible
plot_02255,1.0,micmac,D,Faible
plot_02256,1.0,micmac,D,Faible
plot_02257,1.0,micmac,D,Faible
plot_02258,1.0,micmac,D,Faible
plot_02259,1.0,micmac,D,Faible
plot_02260,1.0,micmac,D,Faible
plot_02261,1.0,micmac,D,Faible
plot_02262,1.0,micmac,D,Faible
plot_02263,1.0,micmac,D,Faible
plot_02264,1.0,micmac,D,Faible
plot_02265,1.0,micmac,D,Faible
plot_02266,1.0,micmac,C,Faible
plot_02267,1.0,micmac,C,Faible
plot_02268,1.0,micmac,C,Faible
plot_02269,1.0,micmac,D,Faible
plot_02270,1.0,micmac,D,Faible
plot_02271,1.0,micmac,D,Faible
plot_02272,1.0,micmac,D,Faible
plot_02273,1.0,micmac,D,Faible
plot_02274,1.0,micmac,D,Faible
plot_02275,1.0,micmac,D,Faible
plot_02276,1.0,micmac,D,Faible
plot_02277,1.0,micmac,M,Faible
plot_02278,1.0,micmac,D,Faible
plot_02279,1.0,micmac,D,Faible
plot_02280,1.0,micmac,M,Faible
plot_02281,1.0,micmac,D,Faible
plot_02282,1.0,micmac,C,Faible
plot_02283,1.0,micmac,D,Faible
plot_02375,2.0,micmac,D,Moyen
plot_02376,2.0,micmac,D,Moyen
plot_02377,2.0,micmac,D,Moyen
plot_02378,2.0,micmac,D,Moyen
plot_02379,2.0,micmac,M,Moyen
plot_02380,2.0,micmac,D,Moyen
plot_02381,2.0,micmac,D,Moyen
plot_02382,2.0,micmac,D,Moyen
plot_02383,2.0,micmac,D,Moyen
plot_02384,2.0,micmac,D,Moyen
plot_02385,2.0,micmac,D,Moyen
plot_02386,2.0,micmac,D,Moyen
plot_02387,2.0,micmac,D,Moyen
plot_02388,2.0,micmac,D,Moyen
plot_02389,2.0,micmac,D,Moyen
plot_02390,2.0,micmac,C,Moyen
plot_02391,2.0,micmac,M,Moyen
plot_02392,2.0,micmac,D,Moyen
plot_02393,2.0,micmac,M,Moyen
plot_02394,2.0,micmac,D,Moyen
plot_02395,2.0,micmac,D,Moyen
plot_02396,3.0,micmac,D,Moyen
plot_02397,3.0,micmac,D,Moyen
plot_02398,3.0,micmac,M,Élevé
plot_02399,2.0,micmac,D,Moyen
plot_02400,2.0,micmac,D,Moyen
plot_02401,2.0,micmac,D,Moyen
plot_02402,3.0,micmac,D,Élevé
plot_02403,3.0,micmac,M,Élevé
plot_02404,3.0,micmac,D,Élevé
plot_02405,3.0,micmac,D,Élevé
plot_02406,3.0,micmac,D,Élevé
plot_02407,3.0,micmac,D,Élevé
plot_02408,3.0,micmac,D,Élevé
plot_02409,3.0,micmac,C,Élevé
plot_02410,3.0,micmac,D,Moyen
plot_02411,3.0,micmac,C,Élevé
plot_02412,3.0,micmac,M,Moyen
plot_02413,3.0,micmac,C,Élevé
plot_02414,3.0,micmac,D,Élevé
plot_02415,3.0,micmac,D,Élevé
plot_02416,3.0,micmac,C,Élevé
plot_02417,3.0,micmac,M,Élevé
plot_02418,3.0,micmac,M,Élevé
plot_02419,3.0,micmac,D,Élevé
plot_02420,3.0,micmac,M,Élevé
plot_02421,3.0,micmac,D,Élevé
plot_02422,3.0,micmac,C,Moyen
plot_02423,3.0,micmac,D,Moyen
plot_02424,3.0,micmac,D,Élevé
plot_02425,3.0,micmac,D,Élevé
plot_02426,3.0,micmac,D,Élevé
plot_02427,3.0,micmac,D,Moyen
plot_02428,3.0,micmac,M,Élevé
plot_02429,3.0,micmac,D,Élevé
plot_02430,3.0,micmac,M,Élevé
plot_02431,3.0,micmac,D,Élevé
plot_02432,3.0,micmac,M,Élevé
plot_02433,3.0,micmac,D,Élevé
plot_02434,3.0,micmac,M,Élevé
plot_02435,3.0,micmac,C,Élevé
plot_02436,3.0,micmac,D,Élevé
plot_02437,3.0,micmac,D,Élevé
plot_02438,3.0,micmac,M,Élevé
plot_02439,3.0,micmac,C,Élevé
plot_02440,3.0,micmac,M,Élevé
plot_02441,3.0,micmac,M,Élevé
plot_02442,3.0,micmac,D,Élevé
plot_02443,3.0,micmac,D,Élevé
plot_02444,3.0,micmac,M,Élevé
plot_02445,3.0,micmac,C,Élevé
plot_02446,3.0,micmac,D,Élevé
plot_02447,3.0,micmac,C,Élevé
plot_02448,3.0,micmac,D,Élevé
plot_02449,3.0,micmac,D,Élevé
plot_02450,3.0,micmac,D,Élevé
plot_02451,3.0,micmac,D,Élevé
plot_02452,3.0,micmac,C,Élevé
plot_02453,3.0,micmac,D,Élevé
plot_02454,3.0,micmac,D,Élevé
plot_02455,3.0,micmac,D,Élevé
plot_02456,3.0,micmac,C,Élevé
plot_02457,3.0,micmac,M,Élevé
plot_02458,3.0,micmac,M,Élevé
plot_02459,3.0,micmac,M,Élevé
plot_02460,3.0,micmac,M,Élevé
plot_02461,3.0,micmac,D,Élevé
plot_02462,3.0,micmac,M,Élevé
plot_02463,3.0,micmac,D,Élevé
plot_02464,3.0,micmac,M,Élevé
plot_02465,3.0,micmac,M,Élevé
plot_02466,3.0,micmac,C,Élevé
plot_02467,3.0,micmac,M,Élevé
plot_02468,3.0,micmac,M,Élevé
plot_02469,2.0,micmac,C,Faible
plot_02470,2.0,micmac,C,Faible
plot_02471,2.0,micmac,C,Faible
plot_02472,2.0,micmac,C,Faible
plot_02473,2.0,micmac,C,Faible
plot_02474,2.0,micmac,C,Faible
plot_02475,2.0,micmac,C,Faible
plot_02476,2.0,micmac,C,Faible
plot_02477,2.0,micmac,C,Faible
plot_02478,2.0,micmac,C,Faible
plot_02479,2.0,micmac,C,Faible
plot_02480,2.0,micmac,C,Faible
plot_02481,2.0,micmac,C,Faible
plot_02482,2.0,micmac,C,Faible
plot_02483,2.0,micmac,M,Faible
plot_02484,2.0,micmac,C,Faible
plot_02485,2.0,micmac,C,Faible
plot_02486,2.0,micmac,C,Faible
plot_02487,2.0,micmac,C,Faible
plot_02488,2.0,micmac,C,Faible
plot_02489,2.0,micmac,D,Faible
plot_02490,2.0,micmac,D,Faible
plot_02491,2.0,micmac,C,Faible
plot_02492,2.0,micmac,D,Faible
plot_02493,2.0,micmac,C,Faible
plot_02494,2.0,micmac,C,Faible
plot_02495,2.0,micmac,C,Faible
plot_02496,2.0,micmac,C,Faible
plot_02497,2.0,micmac,C,Faible
plot_02498,2.0,micmac,C,Faible
plot_02499,2.0,micmac,C,Faible
plot_02500,2.0,micmac,C,Faible
plot_02501,2.0,micmac,C,Faible
plot_02502,2.0,micmac,C,Faible
plot_02503,2.0,micmac,M,Faible
plot_02504,2.0,micmac,C,Faible
plot_02505,2.0,micmac,C,Faible
plot_02506,2.0,micmac,C,Faible
plot_02507,2.0,micmac,C,Faible
plot_02508,2.0,micmac,C,Faible
plot_02509,2.0,micmac,C,Faible
plot_02510,2.0,micmac,D,Faible
plot_02511,2.0,micmac,D,Faible
plot_02512,2.0,micmac,C,Faible
plot_02513,2.0,micmac,C,Faible
plot_02514,2.0,micmac,C,Faible
plot_02515,2.0,micmac,M,Faible
plot_02516,2.0,micmac,D,Faible
plot_02517,2.0,micmac,C,Faible
plot_02518,2.0,micmac,C,Faible
plot_02519,2.0,micmac,C,Faible
plot_02520,2.0,micmac,D,Faible
plot_02521,2.0,micmac,D,Faible
plot_02522,2.0,micmac,C,Faible
plot_02523,2.0,micmac,D,Faible
plot_02524,2.0,micmac,D,Faible
plot_02525,2.0,micmac,C,Faible
plot_02526,2.0,micmac,D,Faible
plot_02527,2.0,micmac,D,Faible
plot_02528,2.0,micmac,D,Faible
plot_02529,2.0,micmac,C,Faible
plot_02530,2.0,micmac,C,Faible
plot_02531,2.0,micmac,C,Faible
plot_02532,2.0,micmac,C,Faible
plot_02533,2.0,micmac,C,Faible
plot_02534,2.0,micmac,D,Faible
plot_02535,2.0,micmac,D,Faible
plot_02536,2.0,micmac,C,Faible
plot_02537,2.0,micmac,C,Faible
plot_02538,2.0,micmac,C,Faible
plot_02539,2.0,micmac,C,Faible
plot_02540,2.0,micmac,D,Faible
plot_02541,2.0,micmac,M,Faible
plot_02542,2.0,micmac,C,Faible
plot_02543,2.0,micmac,C,Faible
plot_02544,2.0,micmac,D,Faible
plot_02545,2.0,micmac,D,Faible
plot_02546,2.0,micmac,C,Faible
plot_02547,2.0,micmac,C,Faible
plot_02548,2.0,micmac,C,Faible
plot_02549,2.0,micmac,C,Faible
plot_02550,2.0,micmac,D,Faible
plot_02551,2.0,micmac,D,Faible
plot_02552,2.0,micmac,C,Faible
plot_02553,2.0,micmac,C,Faible
plot_02554,2.0,micmac,D,Faible
plot_02555,2.0,micmac,C,Faible
plot_02556,2.0,micmac,D,Faible
plot_02557,2.0,micmac,D,Faible
plot_02558,2.0,micmac,C,Faible
plot_02559,2.0,micmac,C,Faible
plot_02560,2.0,micmac,D,Faible
plot_02561,2.0,micmac,D,Faible
plot_02562,2.0,micmac,C,Faible
plot_02563,2.0,micmac,C,Faible
plot_02564,2.0,micmac,C,Faible
plot_02565,2.0,micmac,C,Faible
plot_02566,2.0,micmac,D,Faible
plot_02567,2.0,micmac,C,Faible
plot_02654,3.0,micmac,D,Élevé
plot_02655,3.0,micmac,C,Élevé
plot_02656,3.0,micmac,M,Moyen
plot_02657,3.0,micmac,D,Élevé
plot_02658,3.0,micmac,C,Élevé
plot_02659,3.0,micmac,C,Élevé
plot_02660,2.0,micmac,D,Moyen
plot_02661,3.0,micmac,D,Moyen
plot_02662,3.0,micmac,C,Élevé
plot_02663,3.0,micmac,M,Élevé
plot_02664,3.0,micmac,M,Élevé
plot_02665,3.0,micmac,D,Élevé
plot_02666,3.0,micmac,D,Élevé
plot_02667,3.0,micmac,D,Élevé
plot_02668,3.0,micmac,D,Élevé
plot_02669,3.0,micmac,D,Moyen
plot_02670,3.0,micmac,C,Élevé
plot_02671,2.0,micmac,M,Moyen
plot_02672,3.0,micmac,M,Élevé
plot_02673,3.0,micmac,C,Élevé
plot_02674,3.0,micmac,D,Élevé
plot_02675,2.0,micmac,D,Moyen
plot_02676,3.0,micmac,D,Élevé
plot_02677,2.0,micmac,D,Moyen
plot_02678,2.0,micmac,D,Moyen
plot_02679,2.0,micmac,D,Élevé
plot_02680,3.0,micmac,C,Élevé
plot_02681,3.0,micmac,D,Élevé
plot_02682,3.0,micmac,D,Élevé
plot_02683,3.0,micmac,D,Élevé
plot_02684,3.0,micmac,M,Élevé
plot_02685,3.0,micmac,M,Élevé
plot_02686,2.0,micmac,D,Élevé
plot_02687,2.0,micmac,M,Élevé
plot_02688,2.0,micmac,D,Élevé
plot_02689,3.0,micmac,M,Élevé
plot_02690,3.0,micmac,C,Élevé
plot_02691,3.0,micmac,C,Élevé
plot_02692,3.0,micmac,C,Élevé
plot_02693,3.0,micmac,D,Élevé
plot_02694,3.0,micmac,D,Élevé
plot_02695,3.0,micmac,C,Élevé
plot_02696,3.0,micmac,M,Élevé
plot_02697,3.0,micmac,D,Élevé
plot_02698,3.0,micmac,D,Élevé
plot_02699,3.0,micmac,D,Élevé
plot_02700,2.0,micmac,D,Élevé
plot_02701,3.0,micmac,D,Élevé
plot_02702,2.0,micmac,D,Élevé
plot_02703,2.0,micmac,D,Élevé
plot_02704,2.0,micmac,D,Élevé
plot_02705,2.0,micmac,D,Élevé
plot_02706,2.0,micmac,D,Élevé
plot_02707,2.0,micmac,M,Élevé
plot_02708,3.0,micmac,C,Élevé
plot_02709,2.0,micmac,C,Moyen
plot_02710,2.0,micmac,D,Moyen
plot_02711,2.0,micmac,C,Élevé
plot_02712,3.0,micmac,D,Élevé
plot_02713,2.0,micmac,M,Élevé
plot_02714,2.0,micmac,D,Élevé
plot_02715,3.0,micmac,C,Élevé
plot_02716,3.0,micmac,C,Élevé
plot_02717,2.0,micmac,D,Élevé
plot_02718,2.0,micmac,D,Élevé
plot_02719,2.0,micmac,C,Élevé
plot_02720,3.0,micmac,M,Élevé
plot_02721,3.0,micmac,D,Élevé
plot_02722,2.0,micmac,C,Élevé
plot_02723,3.0,micmac,M,Élevé
plot_02724,3.0,micmac,C,Élevé
plot_02725,3.0,micmac,C,Élevé
plot_02726,3.0,micmac,C,Élevé
plot_02727,3.0,micmac,C,Élevé
plot_02728,2.0,micmac,C,Élevé
plot_02729,2.0,micmac,D,Élevé
plot_02730,3.0,micmac,C,Élevé
plot_02731,3.0,micmac,C,Élevé
plot_02732,2.0,micmac,D,Élevé
plot_02733,2.0,micmac,D,Élevé
plot_02734,3.0,micmac,C,Élevé
plot_02735,2.0,micmac,M,Élevé
plot_02736,2.0,micmac,M,Élevé
plot_02737,3.0,micmac,C,Élevé
plot_02738,3.0,micmac,M,Élevé
plot_02739,2.0,micmac,D,Élevé
plot_02740,2.0,micmac,M,Élevé
plot_02741,3.0,micmac,M,Élevé
plot_02742,3.0,micmac,C,Élevé
plot_02743,3.0,micmac,M,Élevé
plot_02744,2.0,micmac,C,Élevé
plot_02745,2.0,micmac,C,Élevé
plot_02746,2.0,micmac,M,Élevé
plot_02747,3.0,micmac,D,Élevé
plot_02748,3.0,micmac,M,Élevé
plot_02749,2.0,micmac,C,Élevé
plot_02750,2.0,micmac,M,Élevé
plot_02751,2.0,micmac,M,Élevé
plot_02752,3.0,micmac,C,Élevé
plot_02753,3.0,micmac,C,Élevé
plot_02754,2.0,micmac,D,Élevé
plot_02755,3.0,micmac,D,Élevé
plot_02756,2.0,micmac,D,Élevé
plot_02757,2.0,micmac,M,Élevé
plot_02758,2.0,micmac,D,Moyen
plot_02759,2.0,micmac,D,Élevé
plot_02760,2.0,micmac,C,Élevé
plot_02761,2.0,micmac,M,Élevé
plot_02762,2.0,micmac,D,Élevé
plot_02763,2.0,micmac,M,Élevé
plot_02764,2.0,micmac,C,Élevé
plot_02765,2.0,micmac,D,Élevé
plot_02766,2.0,micmac,M,Élevé
plot_02767,2.0,micmac,D,Élevé
plot_02768,2.0,micmac,M,Élevé
plot_02769,2.0,micmac,C,Élevé
plot_02770,2.0,micmac,M,Élevé
plot_02771,2.0,micmac,D,Élevé
plot_02772,2.0,micmac,M,Élevé
plot_02773,2.0,micmac,C,Élevé
plot_02774,2.0,micmac,C,Élevé
plot_02775,2.0,micmac,C,Élevé
plot_02776,2.0,micmac,C,Élevé
plot_02777,2.0,micmac,C,Élevé
plot_02778,2.0,micmac,C,Élevé
plot_02779,2.0,micmac,C,Élevé
plot_02780,2.0,micmac,C,Élevé
plot_02781,3.0,micmac,C,Élevé
plot_02782,2.0,micmac,C,Élevé
plot_02783,2.0,micmac,D,Élevé
plot_02784,3.0,micmac,C,Élevé
plot_02785,3.0,micmac,C,Élevé
plot_02786,1.0,micmac,D,Faible
plot_02786,1.0,micmac,D,Faible
plot_02786,1.0,micmac,D,Faible
plot_02786,1.0,micmac,D,Faible
plot_02787,1.0,micmac,M,Faible
plot_02787,1.0,micmac,M,Faible
plot_02787,1.0,micmac,M,Faible
plot_02787,1.0,micmac,M,Faible
plot_02788,1.0,micmac,C,Faible
plot_02788,1.0,micmac,C,Faible
plot_02788,1.0,micmac,C,Faible
plot_02788,1.0,micmac,C,Faible
plot_02789,1.0,micmac,D,Faible
plot_02790,1.0,micmac,D,Faible
plot_02790,1.0,micmac,D,Faible
plot_02790,1.0,micmac,D,Faible
plot_02790,1.0,micmac,D,Faible
plot_02791,1.0,micmac,D,Faible
plot_02791,1.0,micmac,D,Faible
plot_02791,1.0,micmac,D,Faible
plot_02791,1.0,micmac,D,Faible
plot_02792,2.0,micmac,D,Faible
plot_02792,2.0,micmac,D,Faible
plot_02792,2.0,micmac,D,Faible
plot_02792,2.0,micmac,D,Faible
plot_02793,1.0,micmac,D,Faible
plot_02793,1.0,micmac,D,Faible
plot_02793,1.0,micmac,D,Faible
plot_02793,1.0,micmac,D,Faible
plot_02794,1.0,micmac,D,Faible
plot_02794,1.0,micmac,D,Faible
plot_02794,1.0,micmac,D,Faible
plot_02794,1.0,micmac,D,Faible
plot_02795,1.0,micmac,D,Faible
plot_02795,1.0,micmac,D,Faible
plot_02795,1.0,micmac,D,Faible
plot_02795,1.0,micmac,D,Faible
plot_02796,1.0,micmac,D,Faible
plot_02796,1.0,micmac,D,Faible
plot_02796,1.0,micmac,D,Faible
plot_02796,1.0,micmac,D,Faible
plot_02797,1.0,micmac,D,Faible
plot_02797,1.0,micmac,D,Faible
plot_02797,1.0,micmac,D,Faible
plot_02797,1.0,micmac,D,Faible
plot_02798,1.0,micmac,D,Faible
plot_02798,1.0,micmac,D,Faible
plot_02798,1.0,micmac,D,Faible
plot_02798,1.0,micmac,D,Faible
plot_02799,1.0,micmac,D,Faible
plot_02799,1.0,micmac,D,Faible
plot_02799,1.0,micmac,D,Faible
plot_02799,1.0,micmac,D,Faible
plot_02800,1.0,micmac,D,Faible
plot_02800,1.0,micmac,D,Faible
plot_02800,1.0,micmac,D,Faible
plot_02800,1.0,micmac,D,Faible
plot_02801,1.0,micmac,D,Faible
plot_02801,1.0,micmac,D,Faible
plot_02801,1.0,micmac,D,Faible
plot_02801,1.0,micmac,D,Faible
plot_02802,1.0,micmac,D,Faible
plot_02802,1.0,micmac,D,Faible
plot_02802,1.0,micmac,D,Faible
plot_02802,1.0,micmac,D,Faible
plot_02803,1.0,micmac,D,Faible
plot_02803,1.0,micmac,D,Faible
plot_02803,1.0,micmac,D,Faible
plot_02803,1.0,micmac,D,Faible
plot_02804,1.0,micmac,C,Faible
plot_02804,1.0,micmac,C,Faible
plot_02804,1.0,micmac,C,Faible
plot_02804,1.0,micmac,C,Faible
plot_02805,1.0,micmac,D,Faible
plot_02805,1.0,micmac,D,Faible
plot_02805,1.0,micmac,D,Faible
plot_02805,1.0,micmac,D,Faible
plot_02806,1.0,micmac,D,Faible
plot_02806,1.0,micmac,D,Faible
plot_02806,1.0,micmac,D,Faible
plot_02806,1.0,micmac,D,Faible
plot_02807,1.0,micmac,D,Faible
plot_02807,1.0,micmac,D,Faible
plot_02807,1.0,micmac,D,Faible
plot_02807,1.0,micmac,D,Faible
plot_02808,1.0,micmac,D,Faible
plot_02808,1.0,micmac,D,Faible
plot_02808,1.0,micmac,D,Faible
plot_02808,1.0,micmac,D,Faible
plot_02809,1.0,micmac,C,Faible
plot_02809,1.0,micmac,C,Faible
plot_02809,1.0,micmac,C,Faible
plot_02809,1.0,micmac,C,Faible
plot_02810,1.0,micmac,D,Faible
plot_02810,1.0,micmac,D,Faible
plot_02810,1.0,micmac,D,Faible
plot_02810,1.0,micmac,D,Faible
plot_02811,1.0,micmac,D,Faible
plot_02811,1.0,micmac,D,Faible
plot_02811,1.0,micmac,D,Faible
plot_02811,1.0,micmac,D,Faible
plot_02812,1.0,micmac,D,Faible
plot_02812,1.0,micmac,D,Faible
plot_02812,1.0,micmac,D,Faible
plot_02812,1.0,micmac,D,Faible
plot_02813,1.0,micmac,C,Faible
plot_02813,1.0,micmac,C,Faible
plot_02813,1.0,micmac,C,Faible
plot_02813,1.0,micmac,C,Faible
plot_02814,1.0,micmac,D,Faible
plot_02814,1.0,micmac,D,Faible
plot_02814,1.0,micmac,D,Faible
plot_02814,1.0,micmac,D,Faible
plot_02815,1.0,micmac,D,Faible
plot_02815,1.0,micmac,D,Faible
plot_02815,1.0,micmac,D,Faible
plot_02815,1.0,micmac,D,Faible
plot_02816,1.0,micmac,D,Faible
plot_02816,1.0,micmac,D,Faible
plot_02816,1.0,micmac,D,Faible
plot_02816,1.0,micmac,D,Faible
plot_02817,1.0,micmac,D,Faible
plot_02817,1.0,micmac,D,Faible
plot_02817,1.0,micmac,D,Faible
plot_02817,1.0,micmac,D,Faible
plot_02818,1.0,micmac,D,Faible
plot_02819,1.0,micmac,D,Faible
plot_02820,1.0,micmac,D,Faible
plot_02821,1.0,micmac,D,Faible
plot_02822,1.0,micmac,D,Faible
plot_02823,1.0,micmac,D,Faible
plot_02824,1.0,micmac,D,Faible
plot_02825,1.0,micmac,D,Faible
plot_02826,1.0,micmac,M,Faible
plot_02827,1.0,micmac,D,Faible
plot_02828,1.0,micmac,D,Faible
plot_02829,1.0,micmac,M,Faible
plot_02830,1.0,micmac,D,Faible
plot_02831,1.0,micmac,D,Faible
plot_02832,1.0,micmac,D,Faible
plot_02833,1.0,micmac,M,Faible
plot_02834,1.0,micmac,C,Faible
plot_02835,1.0,micmac,D,Faible
plot_02836,1.0,micmac,D,Faible
plot_02837,1.0,micmac,D,Faible
plot_02838,1.0,micmac,D,Faible
plot_02839,1.0,micmac,M,Faible
plot_02840,1.0,micmac,D,Faible
plot_02841,1.0,micmac,C,Faible
plot_02842,1.0,micmac,D,Faible
plot_02843,1.0,micmac,D,Faible
plot_02844,1.0,micmac,C,Faible
plot_02845,1.0,micmac,D,Faible
plot_02846,1.0,micmac,C,Faible
plot_02847,1.0,micmac,D,Faible
plot_02848,1.0,micmac,D,Faible
plot_02849,1.0,micmac,D,Faible
plot_02850,1.0,micmac,D,Faible
plot_02851,1.0,micmac,D,Faible
plot_02852,1.0,micmac,D,Faible
plot_02853,1.0,micmac,M,Faible
plot_02854,1.0,micmac,C,Faible
plot_02855,1.0,micmac,C,Faible
plot_02856,1.0,micmac,D,Faible
plot_02857,1.0,micmac,D,Faible
plot_02858,1.0,micmac,D,Faible
plot_02859,1.0,micmac,C,Faible
plot_02860,1.0,micmac,M,Faible
plot_02861,1.0,micmac,D,Faible
plot_02862,1.0,micmac,D,Faible
plot_02863,1.0,micmac,D,Faible
plot_02864,1.0,micmac,D,Faible
plot_02865,1.0,micmac,D,Faible
plot_02866,1.0,micmac,D,Faible
plot_02867,1.0,micmac,D,Faible
plot_02868,1.0,micmac,M,Faible
plot_02869,1.0,micmac,D,Faible
plot_02870,1.0,micmac,D,Faible
plot_02871,1.0,micmac,M,Faible
plot_02872,1.0,micmac,M,Faible
plot_02873,1.0,micmac,D,Faible
plot_02874,1.0,micmac,D,Faible
plot_02875,1.0,micmac,M,Faible
plot_02876,1.0,micmac,D,Faible
plot_02877,1.0,micmac,D,Faible
plot_02878,1.0,micmac,D,Faible
plot_02879,1.0,micmac,D,Faible
plot_02880,1.0,micmac,D,Faible
plot_02881,1.0,micmac,D,Faible
plot_02882,1.0,micmac,D,Faible
plot_02883,1.0,micmac,D,Faible
plot_02884,1.0,micmac,D,Faible
plot_02885,1.0,micmac,D,Faible
plot_02886,1.0,micmac,D,Faible
plot_02887,1.0,micmac,D,Faible
plot_02888,1.0,micmac,D,Faible
plot_02889,1.0,micmac,D,Faible
plot_02890,1.0,micmac,D,Faible
plot_02891,1.0,micmac,D,Faible
plot_02892,1.0,micmac,D,Faible
plot_02893,1.0,micmac,D,Faible
plot_02894,1.0,micmac,D,Faible
plot_02895,1.0,micmac,D,Faible
plot_02896,1.0,micmac,D,Faible
plot_02897,1.0,micmac,C,Moyen
plot_02898,2.0,micmac,D,Moyen
plot_02899,2.0,micmac,M,Moyen
plot_02900,2.0,micmac,D,Moyen
plot_02901,2.0,micmac,D,Moyen
plot_02902,2.0,micmac,D,Faible
plot_02903,2.0,micmac,D,Faible
plot_02904,2.0,micmac,D,Moyen
plot_02905,2.0,micmac,D,Moyen
plot_02906,2.0,micmac,D,Moyen
plot_02907,2.0,micmac,D,Moyen
plot_02908,2.0,micmac,D,Moyen
plot_02909,2.0,micmac,D,Moyen
plot_02910,2.0,micmac,D,Moyen
plot_02911,2.0,micmac,C,Moyen
plot_02912,2.0,micmac,M,Moyen
plot_02913,2.0,micmac,D,Moyen
plot_02914,2.0,micmac,D,Moyen
plot_02915,2.0,micmac,D,Moyen
plot_02916,2.0,micmac,D,Moyen
plot_02917,2.0,micmac,D,Moyen
plot_02918,2.0,micmac,D,Moyen
plot_02919,2.0,micmac,D,Moyen
plot_02920,2.0,micmac,D,Moyen
plot_02921,2.0,micmac,D,Faible
plot_02922,2.0,micmac,D,Moyen
plot_02923,2.0,micmac,D,Moyen
plot_02924,2.0,micmac,D,Moyen
plot_02925,2.0,micmac,D,Moyen
plot_02926,2.0,micmac,C,Moyen
plot_02927,2.0,micmac,D,Moyen
plot_02928,2.0,micmac,D,Moyen
plot_02929,2.0,micmac,D,Moyen
plot_02930,2.0,micmac,D,Moyen
plot_02931,2.0,micmac,D,Faible
plot_02932,2.0,micmac,D,Moyen
plot_02933,2.0,micmac,D,Moyen
plot_02934,2.0,micmac,D,Moyen
plot_02935,2.0,micmac,D,Moyen
plot_02936,2.0,micmac,D,Moyen
plot_02937,2.0,micmac,D,Moyen
plot_02938,2.0,micmac,D,Moyen
plot_02939,2.0,micmac,M,Moyen
plot_02940,2.0,micmac,D,Moyen
plot_02941,2.0,micmac,D,Moyen
plot_02942,2.0,micmac,D,Moyen
plot_02943,2.0,micmac,D,Moyen
plot_02944,2.0,micmac,M,Moyen
plot_02945,2.0,micmac,D,Moyen
plot_02946,2.0,micmac,D,Moyen
plot_02947,2.0,micmac,D,Moyen
plot_02948,2.0,micmac,D,Moyen
plot_02949,2.0,micmac,D,Moyen
plot_02950,2.0,micmac,D,Moyen
plot_02951,2.0,micmac,D,Moyen
plot_02952,2.0,micmac,D,Moyen
plot_02953,2.0,micmac,D,Élevé
plot_02954,2.0,micmac,D,Moyen
plot_02955,2.0,micmac,D,Moyen
plot_02956,2.0,micmac,D,Moyen
plot_02957,2.0,micmac,D,Moyen
plot_02958,2.0,micmac,D,Moyen
plot_02959,2.0,micmac,D,Élevé
plot_02960,2.0,micmac,D,Élevé
plot_02961,2.0,micmac,D,Moyen
plot_02962,2.0,micmac,D,Élevé
plot_02963,2.0,micmac,D,Moyen
plot_02964,2.0,micmac,D,Moyen
plot_02965,2.0,micmac,D,Moyen
plot_02966,2.0,micmac,D,Moyen
plot_02967,2.0,micmac,D,Moyen
plot_02968,2.0,micmac,D,Faible
plot_02969,2.0,micmac,C,Faible
plot_02970,2.0,micmac,D,Faible
plot_02971,2.0,micmac,D,Faible
plot_02972,2.0,micmac,D,Faible
plot_02973,2.0,micmac,C,Faible
plot_02974,2.0,micmac,C,Faible
plot_02975,2.0,micmac,D,Faible
plot_02976,2.0,micmac,C,Faible
plot_02977,2.0,micmac,D,Faible
plot_02978,2.0,micmac,D,Faible
plot_02979,2.0,micmac,D,Faible
plot_02980,2.0,micmac,D,Faible
plot_02981,2.0,micmac,M,Faible
plot_02982,2.0,micmac,D,Faible
plot_02983,2.0,micmac,D,Faible
plot_02984,2.0,micmac,C,Faible
plot_02985,2.0,micmac,D,Faible
plot_02986,2.0,micmac,D,Faible
plot_02987,2.0,micmac,D,Faible
plot_02988,2.0,micmac,D,Faible
plot_02989,2.0,micmac,D,Faible
plot_02990,2.0,micmac,D,Faible
plot_02991,2.0,micmac,D,Faible
plot_02992,2.0,micmac,D,Faible
plot_02993,2.0,micmac,D,Faible
plot_02994,2.0,micmac,D,Faible
plot_02995,2.0,micmac,D,Faible
plot_02996,2.0,micmac,D,Faible
plot_02997,2.0,micmac,D,Faible
plot_02998,2.0,micmac,D,Moyen
plot_02999,2.0,micmac,D,Faible
plot_03000,2.0,micmac,D,Faible
plot_03001,2.0,micmac,D,Faible
plot_03002,2.0,micmac,D,Faible
plot_03003,2.0,micmac,D,Moyen
plot_03014,2.0,micmac,D,Élevé
plot_03078,1.0,micmac,D,Faible
plot_03078,1.0,micmac,D,Faible
plot_03078,1.0,micmac,D,Faible
plot_03078,1.0,micmac,D,Faible
plot_03079,1.0,micmac,C,Faible
plot_03079,1.0,micmac,C,Faible
plot_03079,1.0,micmac,C,Faible
plot_03079,1.0,micmac,C,Faible
plot_03080,1.0,micmac,D,Faible
plot_03080,1.0,micmac,D,Faible
plot_03080,1.0,micmac,D,Faible
plot_03080,1.0,micmac,D,Faible
plot_03081,1.0,micmac,D,Faible
plot_03081,1.0,micmac,D,Faible
plot_03081,1.0,micmac,D,Faible
plot_03081,1.0,micmac,D,Faible
plot_03082,1.0,micmac,D,Faible
plot_03082,1.0,micmac,D,Faible
plot_03082,1.0,micmac,D,Faible
plot_03082,1.0,micmac,D,Faible
plot_03083,1.0,micmac,C,Faible
plot_03083,1.0,micmac,C,Faible
plot_03083,1.0,micmac,C,Faible
plot_03083,1.0,micmac,C,Faible
plot_03084,1.0,micmac,C,Faible
plot_03084,1.0,micmac,C,Faible
plot_03084,1.0,micmac,C,Faible
plot_03084,1.0,micmac,C,Faible
plot_03085,1.0,micmac,D,Faible
plot_03085,1.0,micmac,D,Faible
plot_03085,1.0,micmac,D,Faible
plot_03085,1.0,micmac,D,Faible
plot_03086,1.0,micmac,D,Faible
plot_03086,1.0,micmac,D,Faible
plot_03086,1.0,micmac,D,Faible
plot_03086,1.0,micmac,D,Faible
plot_03087,1.0,micmac,D,Faible
plot_03087,1.0,micmac,D,Faible
plot_03087,1.0,micmac,D,Faible
plot_03087,1.0,micmac,D,Faible
plot_03088,1.0,micmac,D,Faible
plot_03088,1.0,micmac,D,Faible
plot_03088,1.0,micmac,D,Faible
plot_03088,1.0,micmac,D,Faible
plot_03089,1.0,micmac,C,Faible
plot_03089,1.0,micmac,C,Faible
plot_03089,1.0,micmac,C,Faible
plot_03089,1.0,micmac,C,Faible
plot_03090,1.0,micmac,D,Faible
plot_03090,1.0,micmac,D,Faible
plot_03090,1.0,micmac,D,Faible
plot_03090,1.0,micmac,D,Faible
plot_03091,1.0,micmac,D,Faible
plot_03091,1.0,micmac,D,Faible
plot_03091,1.0,micmac,D,Faible
plot_03091,1.0,micmac,D,Faible
plot_03092,1.0,micmac,C,Faible
plot_03092,1.0,micmac,C,Faible
plot_03092,1.0,micmac,C,Faible
plot_03092,1.0,micmac,C,Faible
plot_03093,1.0,micmac,D,Faible
plot_03093,1.0,micmac,D,Faible
plot_03093,1.0,micmac,D,Faible
plot_03093,1.0,micmac,D,Faible
plot_03094,1.0,micmac,D,Faible
plot_03094,1.0,micmac,D,Faible
plot_03094,1.0,micmac,D,Faible
plot_03094,1.0,micmac,D,Faible
plot_03095,1.0,micmac,C,Faible
plot_03095,1.0,micmac,C,Faible
plot_03095,1.0,micmac,C,Faible
plot_03095,1.0,micmac,C,Faible
plot_03096,1.0,micmac,D,Faible
plot_03096,1.0,micmac,D,Faible
plot_03096,1.0,micmac,D,Faible
plot_03096,1.0,micmac,D,Faible
plot_03097,1.0,micmac,D,Faible
plot_03097,1.0,micmac,D,Faible
plot_03097,1.0,micmac,D,Faible
plot_03097,1.0,micmac,D,Faible
plot_03098,1.0,micmac,M,Faible
plot_03098,1.0,micmac,M,Faible
plot_03098,1.0,micmac,M,Faible
plot_03098,1.0,micmac,M,Faible
plot_03099,1.0,micmac,D,Faible
plot_03099,1.0,micmac,D,Faible
plot_03099,1.0,micmac,D,Faible
plot_03099,1.0,micmac,D,Faible
plot_03100,1.0,micmac,D,Faible
plot_03100,1.0,micmac,D,Faible
plot_03100,1.0,micmac,D,Faible
plot_03100,1.0,micmac,D,Faible
plot_03101,1.0,micmac,D,Faible
plot_03101,1.0,micmac,D,Faible
plot_03101,1.0,micmac,D,Faible
plot_03101,1.0,micmac,D,Faible
plot_03102,1.0,micmac,D,Faible
plot_03102,1.0,micmac,D,Faible
plot_03102,1.0,micmac,D,Faible
plot_03102,1.0,micmac,D,Faible
plot_03103,1.0,micmac,C,Faible
plot_03103,1.0,micmac,C,Faible
plot_03103,1.0,micmac,C,Faible
plot_03103,1.0,micmac,C,Faible
plot_03104,1.0,micmac,D,Faible
plot_03104,1.0,micmac,D,Faible
plot_03104,1.0,micmac,D,Faible
plot_03104,1.0,micmac,D,Faible
plot_03105,1.0,micmac,D,Faible
plot_03105,1.0,micmac,D,Faible
plot_03105,1.0,micmac,D,Faible
plot_03105,1.0,micmac,D,Faible
plot_03106,1.0,micmac,D,Faible
plot_03106,1.0,micmac,D,Faible
plot_03106,1.0,micmac,D,Faible
plot_03106,1.0,micmac,D,Faible
plot_03107,1.0,micmac,D,Faible
plot_03107,1.0,micmac,D,Faible
plot_03107,1.0,micmac,D,Faible
plot_03107,1.0,micmac,D,Faible
plot_03108,1.0,micmac,C,Faible
plot_03108,1.0,micmac,C,Faible
plot_03108,1.0,micmac,C,Faible
plot_03108,1.0,micmac,C,Faible
plot_03109,1.0,micmac,D,Faible
plot_03109,1.0,micmac,D,Faible
plot_03109,1.0,micmac,D,Faible
plot_03109,1.0,micmac,D,Faible
plot_03110,1.0,micmac,C,Faible
plot_03110,1.0,micmac,C,Faible
plot_03110,1.0,micmac,C,Faible
plot_03110,1.0,micmac,C,Faible
plot_03111,1.0,micmac,D,Faible
plot_03111,1.0,micmac,D,Faible
plot_03111,1.0,micmac,D,Faible
plot_03111,1.0,micmac,D,Faible
plot_03112,1.0,micmac,D,Faible
plot_03112,1.0,micmac,D,Faible
plot_03112,1.0,micmac,D,Faible
plot_03112,1.0,micmac,D,Faible
plot_03113,1.0,micmac,C,Faible
plot_03113,1.0,micmac,C,Faible
plot_03113,1.0,micmac,C,Faible
plot_03113,1.0,micmac,C,Faible
plot_03114,1.0,micmac,C,Faible
plot_03114,1.0,micmac,C,Faible
plot_03114,1.0,micmac,C,Faible
plot_03114,1.0,micmac,C,Faible
plot_03115,1.0,micmac,C,Faible
plot_03115,1.0,micmac,C,Faible
plot_03115,1.0,micmac,C,Faible
plot_03115,1.0,micmac,C,Faible
plot_03116,1.0,micmac,D,Faible
plot_03116,1.0,micmac,D,Faible
plot_03116,1.0,micmac,D,Faible
plot_03116,1.0,micmac,D,Faible
plot_03117,1.0,micmac,D,Faible
plot_03117,1.0,micmac,D,Faible
plot_03117,1.0,micmac,D,Faible
plot_03117,1.0,micmac,D,Faible
plot_03118,1.0,micmac,C,Faible
plot_03118,1.0,micmac,C,Faible
plot_03118,1.0,micmac,C,Faible
plot_03118,1.0,micmac,C,Faible
plot_03119,1.0,micmac,C,Faible
plot_03119,1.0,micmac,C,Faible
plot_03119,1.0,micmac,C,Faible
plot_03119,1.0,micmac,C,Faible
plot_03120,1.0,micmac,D,Faible
plot_03120,1.0,micmac,D,Faible
plot_03120,1.0,micmac,D,Faible
plot_03120,1.0,micmac,D,Faible
plot_03121,1.0,micmac,C,Faible
plot_03121,1.0,micmac,C,Faible
plot_03121,1.0,micmac,C,Faible
plot_03121,1.0,micmac,C,Faible
plot_03122,1.0,micmac,C,Faible
plot_03122,1.0,micmac,C,Faible
plot_03122,1.0,micmac,C,Faible
plot_03122,1.0,micmac,C,Faible
plot_03123,1.0,micmac,D,Faible
plot_03123,1.0,micmac,D,Faible
plot_03123,1.0,micmac,D,Faible
plot_03123,1.0,micmac,D,Faible
plot_03124,1.0,micmac,M,Faible
plot_03124,1.0,micmac,M,Faible
plot_03124,1.0,micmac,M,Faible
plot_03124,1.0,micmac,M,Faible
plot_03125,1.0,micmac,D,Faible
plot_03125,1.0,micmac,D,Faible
plot_03125,1.0,micmac,D,Faible
plot_03125,1.0,micmac,D,Faible
plot_03126,1.0,micmac,D,Faible
plot_03126,1.0,micmac,D,Faible
plot_03126,1.0,micmac,D,Faible
plot_03126,1.0,micmac,D,Faible
plot_03127,1.0,micmac,D,Faible
plot_03127,1.0,micmac,D,Faible
plot_03127,1.0,micmac,D,Faible
plot_03127,1.0,micmac,D,Faible
plot_03128,1.0,micmac,D,Faible
plot_03129,1.0,micmac,D,Faible
plot_03130,1.0,micmac,D,Faible
plot_03131,1.0,micmac,D,Faible
plot_03132,1.0,micmac,C,Faible
plot_03133,1.0,micmac,D,Faible
plot_03134,1.0,micmac,D,Faible
plot_03135,1.0,micmac,D,Faible
plot_03136,1.0,micmac,M,Faible
plot_03137,1.0,micmac,D,Faible
plot_03138,1.0,micmac,D,Faible
plot_03139,1.0,micmac,D,Faible
plot_03140,1.0,micmac,D,Faible
plot_03141,1.0,micmac,D,Faible
plot_03142,1.0,micmac,D,Faible
plot_03143,1.0,micmac,D,Moyen
plot_03144,1.0,micmac,D,Moyen
plot_03145,1.0,micmac,D,Faible
plot_03146,1.0,micmac,D,Faible
plot_03147,1.0,micmac,D,Moyen
plot_03148,1.0,micmac,D,Faible
plot_03149,1.0,micmac,D,Faible
plot_03150,1.0,micmac,D,Faible
plot_03151,1.0,micmac,D,Moyen
plot_03152,1.0,micmac,D,Faible
plot_03153,1.0,micmac,D,Faible
plot_03154,1.0,micmac,D,Moyen
plot_03155,1.0,micmac,D,Faible
plot_03156,1.0,micmac,D,Moyen
plot_03157,1.0,micmac,D,Moyen
plot_03158,1.0,micmac,D,Moyen
plot_03159,1.0,micmac,D,Faible
plot_03160,1.0,micmac,D,Moyen
plot_03161,1.0,micmac,D,Moyen
plot_03162,1.0,micmac,D,Faible
plot_03163,1.0,micmac,D,Moyen
plot_03164,1.0,micmac,D,Moyen
plot_03165,1.0,micmac,D,Moyen
plot_03166,1.0,micmac,C,Moyen
plot_03167,1.0,micmac,D,Moyen
plot_03168,1.0,micmac,D,Moyen
plot_03169,1.0,micmac,D,Moyen
plot_03170,1.0,micmac,D,Moyen
plot_03171,1.0,micmac,D,Moyen
plot_03172,1.0,micmac,D,Moyen
plot_03173,1.0,micmac,D,Faible
plot_03174,1.0,micmac,D,Moyen
plot_03175,1.0,micmac,D,Faible
plot_03176,1.0,micmac,D,Faible
plot_03177,1.0,micmac,D,Faible
plot_03178,1.0,micmac,D,Faible
plot_03179,1.0,micmac,C,Faible
plot_03180,1.0,micmac,C,Faible
plot_03181,1.0,micmac,M,Faible
plot_03182,1.0,micmac,C,Faible
plot_03183,1.0,micmac,M,Faible
plot_03184,1.0,micmac,C,Faible
plot_03185,1.0,micmac,D,Faible
plot_03186,1.0,micmac,M,Faible
plot_03187,1.0,micmac,C,Moyen
plot_03188,1.0,micmac,D,Faible
plot_03189,1.0,micmac,D,Faible
plot_03190,1.0,micmac,C,Moyen
plot_03191,1.0,micmac,D,Faible
plot_03192,1.0,micmac,D,Faible
plot_03193,1.0,micmac,D,Faible
plot_03194,1.0,micmac,D,Moyen
plot_03195,1.0,micmac,D,Faible
plot_03196,1.0,micmac,D,Faible
plot_03197,1.0,micmac,M,Moyen
plot_03198,1.0,micmac,D,Faible
plot_03199,1.0,micmac,D,Faible
plot_03200,1.0,micmac,D,Faible
plot_03201,1.0,micmac,D,Faible
plot_03202,1.0,micmac,D,Faible
plot_03203,1.0,micmac,D,Faible
plot_03204,1.0,micmac,D,Faible
plot_03205,1.0,micmac,D,Faible
plot_03206,1.0,micmac,D,Faible
plot_03207,1.0,micmac,D,Faible
plot_03208,1.0,micmac,D,Faible
plot_03209,1.0,micmac,D,Faible
plot_03210,1.0,micmac,D,Faible
plot_03211,1.0,micmac,D,Faible
plot_03212,2.0,micmac,M,Moyen
plot_03213,1.0,micmac,D,Faible
plot_03214,1.0,micmac,D,Faible
plot_03215,2.0,micmac,D,Moyen
plot_03216,1.0,micmac,D,Faible
plot_03217,2.0,micmac,M,Moyen
plot_03218,1.0,micmac,D,Faible
plot_03219,2.0,micmac,D,Moyen
plot_03220,1.0,micmac,D,Moyen
plot_03221,2.0,micmac,D,Moyen
plot_03222,2.0,micmac,D,Moyen
plot_03223,2.0,micmac,D,Moyen
plot_03224,2.0,micmac,D,Moyen
plot_03225,2.0,micmac,D,Moyen
plot_03226,2.0,micmac,C,Moyen
plot_03227,2.0,micmac,D,Moyen
plot_03228,2.0,micmac,D,Moyen
plot_03229,2.0,micmac,D,Moyen
plot_03230,2.0,micmac,D,Moyen
plot_03231,2.0,micmac,D,Moyen
plot_03232,2.0,micmac,D,Moyen
plot_03233,2.0,micmac,D,Moyen
plot_03234,2.0,micmac,D,Moyen
plot_03235,2.0,micmac,D,Moyen
plot_03236,2.0,micmac,D,Moyen
plot_03237,2.0,micmac,D,Moyen
plot_03238,2.0,micmac,M,Moyen
plot_03239,2.0,micmac,D,Moyen
plot_03240,2.0,micmac,D,Moyen
plot_03241,2.0,micmac,M,Moyen
plot_03242,2.0,micmac,D,Moyen
plot_03243,2.0,micmac,D,Moyen
plot_03244,2.0,micmac,D,Moyen
plot_03245,2.0,micmac,D,Moyen
plot_03246,2.0,micmac,M,Moyen
plot_03247,2.0,micmac,M,Moyen
plot_03248,2.0,micmac,D,Moyen
plot_03249,2.0,micmac,D,Moyen
plot_03250,2.0,micmac,D,Moyen
plot_03251,2.0,micmac,D,Moyen
plot_03252,2.0,micmac,M,Moyen
plot_03253,2.0,micmac,D,Moyen
plot_03254,2.0,micmac,D,Moyen
plot_03255,2.0,micmac,M,Moyen
plot_03256,2.0,micmac,D,Moyen
plot_03257,2.0,micmac,M,Moyen
plot_03258,2.0,micmac,D,Moyen
plot_03259,2.0,micmac,D,Moyen
plot_03260,2.0,micmac,D,Moyen
plot_03261,2.0,micmac,D,Moyen
plot_03262,2.0,micmac,D,Moyen
plot_03263,2.0,micmac,D,Moyen
plot_03264,2.0,micmac,M,Moyen
plot_03265,2.0,micmac,M,Moyen
plot_03266,2.0,micmac,D,Moyen
plot_03267,2.0,micmac,D,Moyen
plot_03268,2.0,micmac,D,Moyen
plot_03269,2.0,micmac,D,Moyen
plot_03270,2.0,micmac,D,Moyen
plot_03271,2.0,micmac,D,Moyen
plot_03272,2.0,micmac,D,Moyen
plot_03273,2.0,micmac,D,Moyen
plot_03274,2.0,micmac,D,Moyen
plot_03275,2.0,micmac,D,Moyen
plot_03276,2.0,micmac,D,Moyen
plot_03277,2.0,micmac,D,Moyen
plot_03278,2.0,micmac,D,Moyen
plot_03279,2.0,micmac,C,Moyen
plot_03280,2.0,micmac,D,Moyen
plot_03281,2.0,micmac,D,Moyen
plot_03282,2.0,micmac,D,Moyen
plot_03283,2.0,micmac,D,Moyen
plot_03284,2.0,micmac,D,Moyen
plot_03285,2.0,micmac,D,Moyen
plot_03286,2.0,micmac,D,Moyen
plot_03287,2.0,micmac,D,Moyen
plot_03288,2.0,micmac,D,Moyen
plot_03289,2.0,micmac,D,Moyen
plot_03290,2.0,micmac,M,Moyen
plot_03291,2.0,micmac,D,Moyen
plot_03292,2.0,micmac,D,Moyen
plot_03293,2.0,micmac,D,Moyen
plot_03294,2.0,micmac,D,Moyen
plot_03295,1.0,micmac,D,Faible
plot_03296,1.0,micmac,D,Moyen
plot_03297,1.0,micmac,D,Faible
plot_03298,1.0,micmac,D,Faible
plot_03299,1.0,micmac,D,Faible
plot_03300,1.0,micmac,D,Faible
plot_03301,1.0,micmac,D,Faible
plot_03302,1.0,micmac,D,Faible
plot_03303,1.0,micmac,D,Faible
plot_03304,1.0,micmac,D,Faible
plot_03305,1.0,micmac,D,Faible
plot_03306,1.0,micmac,C,Moyen
plot_03307,1.0,micmac,M,Faible
plot_03308,1.0,micmac,C,Moyen
plot_03309,1.0,micmac,D,Moyen
plot_03310,1.0,micmac,D,Faible
plot_03311,1.0,micmac,D,Faible
plot_03312,2.0,micmac,D,Moyen
plot_03313,2.0,micmac,D,Moyen
plot_03314,2.0,micmac,D,Moyen
plot_03315,2.0,micmac,D,Moyen
plot_03316,2.0,micmac,D,Moyen
plot_03317,2.0,micmac,D,Moyen
plot_03318,2.0,micmac,D,Moyen
plot_03319,2.0,micmac,D,Moyen
plot_03320,2.0,micmac,D,Faible
plot_03321,2.0,micmac,D,Moyen
plot_03322,2.0,micmac,D,Moyen
plot_03323,2.0,micmac,D,Moyen
plot_03324,2.0,micmac,D,Moyen
plot_03325,2.0,micmac,D,Moyen
plot_03326,2.0,micmac,D,Moyen
plot_03327,2.0,micmac,D,Moyen
plot_03328,2.0,micmac,D,Moyen
plot_03329,2.0,micmac,D,Moyen
plot_03330,2.0,micmac,D,Moyen
plot_03331,2.0,micmac,D,Moyen
plot_03332,2.0,micmac,D,Moyen
plot_03333,2.0,micmac,D,Moyen
plot_03334,2.0,micmac,D,Moyen
plot_03335,2.0,micmac,D,Moyen
plot_03336,2.0,micmac,D,Moyen
plot_03337,2.0,micmac,D,Moyen
plot_03338,2.0,micmac,D,Moyen
plot_03339,2.0,micmac,D,Moyen
plot_03340,2.0,micmac,D,Moyen
plot_03341,2.0,micmac,D,Moyen
plot_03342,2.0,micmac,D,Moyen
plot_03343,2.0,micmac,D,Moyen
plot_03344,2.0,micmac,D,Moyen
plot_03345,2.0,micmac,D,Moyen
plot_03346,2.0,micmac,D,Moyen
plot_03347,2.0,micmac,D,Moyen
plot_03348,2.0,micmac,M,Moyen
plot_03349,2.0,micmac,D,Moyen
plot_03350,2.0,micmac,D,Moyen
plot_03351,2.0,micmac,D,Moyen
plot_03352,2.0,micmac,D,Moyen
plot_03353,2.0,micmac,D,Moyen
plot_03354,2.0,micmac,D,Moyen
plot_03355,2.0,micmac,D,Moyen
plot_03356,2.0,micmac,D,Moyen
plot_03357,2.0,micmac,D,Moyen
plot_03358,2.0,micmac,D,Moyen
plot_03359,2.0,micmac,D,Moyen
plot_03360,2.0,micmac,D,Moyen
plot_03361,2.0,micmac,D,Moyen
plot_03362,2.0,micmac,D,Moyen
plot_03363,2.0,micmac,D,Moyen
plot_03364,2.0,micmac,D,Moyen
plot_03365,2.0,micmac,D,Moyen
plot_03366,2.0,micmac,D,Moyen
plot_03367,2.0,micmac,D,Moyen
plot_03368,2.0,micmac,D,Moyen
plot_03369,2.0,micmac,D,Moyen
plot_03370,2.0,micmac,D,Moyen
plot_03371,2.0,micmac,D,Moyen
plot_03372,2.0,micmac,D,Moyen
plot_03373,2.0,micmac,M,Moyen
plot_03374,2.0,micmac,D,Moyen
plot_03375,2.0,micmac,D,Moyen
plot_03376,2.0,micmac,D,Moyen
plot_03377,2.0,micmac,D,Moyen
plot_03378,3.0,micmac,M,Moyen
plot_03380,3.0,micmac,C,Moyen
plot_03381,3.0,micmac,C,Moyen
plot_03382,3.0,micmac,C,Moyen
plot_03383,3.0,micmac,C,Élevé
plot_03384,2.0,micmac,D,Moyen
plot_03385,2.0,micmac,D,Moyen
plot_03386,2.0,micmac,D,Faible
plot_03387,1.0,micmac,D,Moyen
plot_03388,1.0,micmac,M,Moyen
plot_03389,2.0,micmac,D,Moyen
plot_03390,1.0,micmac,D,Moyen
plot_03391,2.0,micmac,D,Moyen
plot_03392,2.0,micmac,D,Faible
plot_03393,1.0,micmac,D,Moyen
plot_03394,1.0,micmac,D,Moyen
plot_03395,1.0,micmac,D,Moyen
plot_03396,1.0,micmac,D,Faible
plot_03397,2.0,micmac,D,Moyen
plot_03398,2.0,micmac,D,Moyen
plot_03399,2.0,micmac,D,Moyen
plot_03400,1.0,micmac,D,Moyen
plot_03401,2.0,micmac,D,Moyen
plot_03402,2.0,micmac,D,Moyen
plot_03403,1.0,micmac,M,Moyen
plot_03404,1.0,micmac,D,Moyen
plot_03405,1.0,micmac,D,Faible
plot_03406,2.0,micmac,D,Moyen
plot_03407,2.0,micmac,D,Moyen
plot_03408,2.0,micmac,D,Moyen
plot_03409,2.0,micmac,D,Moyen
plot_03410,1.0,micmac,D,Faible
plot_03411,1.0,micmac,D,Faible
plot_03412,2.0,micmac,D,Moyen
plot_03413,2.0,micmac,D,Moyen
plot_03414,1.0,micmac,D,Moyen
plot_03415,1.0,micmac,D,Moyen
plot_03416,2.0,micmac,D,Moyen
plot_03417,2.0,micmac,C,Moyen
plot_03418,2.0,micmac,D,Moyen
plot_03419,2.0,micmac,D,Moyen
plot_03420,2.0,micmac,D,Moyen
plot_03421,2.0,micmac,D,Moyen
plot_03422,2.0,micmac,D,Moyen
plot_03423,2.0,micmac,D,Moyen
plot_03424,2.0,micmac,D,Moyen
plot_03425,2.0,micmac,D,Moyen
plot_03426,2.0,micmac,D,Moyen
plot_03427,2.0,micmac,D,Moyen
plot_03428,2.0,micmac,C,Moyen
plot_03429,2.0,micmac,D,Moyen
plot_03430,2.0,micmac,M,Moyen
plot_03431,2.0,micmac,M,Moyen
plot_03432,2.0,micmac,D,Moyen
plot_03433,2.0,micmac,D,Moyen
plot_03434,2.0,micmac,D,Moyen
plot_03435,2.0,micmac,D,Moyen
plot_03436,2.0,micmac,D,Moyen
plot_03437,2.0,micmac,D,Moyen
plot_03438,2.0,micmac,C,Moyen
plot_03439,2.0,micmac,D,Moyen
plot_03440,2.0,micmac,D,Moyen
plot_03441,2.0,micmac,D,Moyen
plot_03442,2.0,micmac,D,Moyen
plot_03443,2.0,micmac,D,Moyen
plot_03444,2.0,micmac,D,Moyen
plot_03445,2.0,micmac,D,Moyen
plot_03446,2.0,micmac,D,Moyen
plot_03447,2.0,micmac,D,Moyen
plot_03448,2.0,micmac,D,Moyen
plot_03449,2.0,micmac,D,Moyen
plot_03450,2.0,micmac,D,Moyen
plot_03451,2.0,micmac,D,Moyen
plot_03452,2.0,micmac,D,Moyen
plot_03453,2.0,micmac,C,Moyen
plot_03454,2.0,micmac,D,Moyen
plot_03455,2.0,micmac,D,Moyen
plot_03456,2.0,micmac,D,Moyen
plot_03457,2.0,micmac,D,Moyen
plot_03458,2.0,micmac,D,Moyen
plot_03459,2.0,micmac,D,Moyen
plot_03460,2.0,micmac,D,Moyen
plot_03461,2.0,micmac,D,Moyen
plot_03462,2.0,micmac,D,Moyen
plot_03463,2.0,micmac,D,Moyen
plot_03464,2.0,micmac,D,Moyen
plot_03465,2.0,micmac,D,Moyen
plot_03466,2.0,micmac,D,Moyen
plot_03467,2.0,micmac,M,Moyen
plot_03468,2.0,micmac,D,Moyen
plot_03469,2.0,micmac,D,Moyen
plot_03470,2.0,micmac,D,Moyen
plot_03471,2.0,micmac,D,Moyen
plot_03472,2.0,micmac,D,Moyen
plot_03473,2.0,micmac,D,Moyen
plot_03474,2.0,micmac,D,Moyen
plot_03475,2.0,micmac,D,Moyen
plot_03476,2.0,micmac,D,Moyen
plot_03477,2.0,micmac,D,Moyen
plot_03478,2.0,micmac,D,Moyen
plot_03479,2.0,micmac,D,Moyen
plot_03480,2.0,micmac,D,Moyen
plot_03481,2.0,micmac,D,Moyen
plot_03482,1.0,micmac,D,Faible
plot_03483,1.0,micmac,D,Faible
plot_03484,1.0,micmac,D,Faible
plot_03485,1.0,micmac,D,Moyen
plot_03486,1.0,micmac,D,Faible
plot_03487,1.0,micmac,D,Faible
plot_03488,1.0,micmac,D,Faible
plot_03489,1.0,micmac,D,Faible
plot_03490,1.0,micmac,D,Faible
plot_03491,1.0,micmac,D,Faible
plot_03492,1.0,micmac,D,Faible
plot_03493,1.0,micmac,D,Faible
plot_03494,1.0,micmac,M,Faible
plot_03495,1.0,micmac,D,Faible
plot_03496,1.0,micmac,D,Faible
plot_03497,1.0,micmac,C,Faible
plot_03498,1.0,micmac,D,Faible
plot_03499,1.0,micmac,D,Faible
plot_03500,1.0,micmac,M,Faible
plot_03501,1.0,micmac,D,Faible
plot_03502,1.0,micmac,M,Faible
plot_03503,1.0,micmac,D,Faible
plot_03504,1.0,micmac,D,Faible
plot_03505,1.0,micmac,D,Faible
plot_03506,1.0,micmac,D,Faible
plot_03507,1.0,micmac,D,Faible
plot_03508,1.0,micmac,D,Faible
plot_03509,1.0,micmac,M,Faible
plot_03510,1.0,micmac,M,Faible
plot_03511,1.0,micmac,D,Faible
plot_03512,1.0,micmac,D,Faible
plot_03513,1.0,micmac,M,Faible
plot_03514,1.0,micmac,D,Faible
plot_03515,1.0,micmac,D,Faible
plot_03516,1.0,micmac,C,Faible
plot_03517,1.0,micmac,D,Faible
plot_03518,1.0,micmac,D,Faible
plot_03519,1.0,micmac,D,Faible
plot_03520,1.0,micmac,C,Faible
plot_03521,1.0,micmac,D,Faible
plot_03522,1.0,micmac,D,Faible
plot_03523,1.0,micmac,C,Faible
plot_03524,1.0,micmac,D,Faible
plot_03525,1.0,micmac,M,Faible
plot_03526,1.0,micmac,M,Faible
plot_03527,1.0,micmac,M,Faible
plot_03528,1.0,micmac,D,Faible
plot_03529,1.0,micmac,D,Faible
plot_03530,1.0,micmac,D,Faible
plot_03531,1.0,micmac,D,Faible
plot_03532,1.0,micmac,D,Faible
plot_03533,1.0,micmac,D,Faible
plot_03534,1.0,micmac,D,Faible
plot_03535,1.0,micmac,D,Faible
plot_03536,1.0,micmac,D,Faible
plot_03537,1.0,micmac,D,Faible
plot_03538,1.0,micmac,C,Faible
plot_03539,2.0,micmac,D,Moyen
plot_03540,2.0,micmac,D,Moyen
plot_03541,2.0,micmac,D,Faible
plot_03542,2.0,micmac,D,Moyen
plot_03543,2.0,micmac,D,Faible
plot_03544,2.0,micmac,D,Moyen
plot_03545,2.0,micmac,D,Moyen
plot_03546,2.0,micmac,C,Moyen
plot_03547,2.0,micmac,D,Moyen
plot_03548,2.0,micmac,D,Moyen
plot_03549,2.0,micmac,D,Moyen
plot_03550,2.0,micmac,D,Moyen
plot_03551,2.0,micmac,D,Moyen
plot_03552,2.0,micmac,D,Moyen
plot_03553,2.0,micmac,D,Moyen
plot_03554,2.0,micmac,D,Moyen
plot_03555,2.0,micmac,D,Moyen
plot_03556,2.0,micmac,D,Moyen
plot_03557,2.0,micmac,D,Moyen
plot_03558,2.0,micmac,C,Moyen
plot_03559,2.0,micmac,D,Moyen
plot_03560,2.0,micmac,D,Moyen
plot_03561,2.0,micmac,D,Moyen
plot_03562,2.0,micmac,D,Moyen
plot_03563,2.0,micmac,D,Moyen
plot_03564,2.0,micmac,D,Moyen
plot_03565,2.0,micmac,D,Moyen
plot_03566,2.0,micmac,D,Moyen
plot_03567,2.0,micmac,D,Moyen
plot_03568,2.0,micmac,D,Moyen
plot_03569,2.0,micmac,D,Moyen
plot_03570,2.0,micmac,D,Moyen
plot_03571,2.0,micmac,D,Moyen
plot_03572,2.0,micmac,D,Moyen
plot_03573,2.0,micmac,D,Moyen
plot_03574,2.0,micmac,D,Moyen
plot_03575,2.0,micmac,D,Moyen
plot_03576,2.0,micmac,D,Moyen
plot_03577,2.0,micmac,D,Moyen
plot_03578,2.0,micmac,D,Moyen
plot_03579,2.0,micmac,D,Moyen
plot_03580,2.0,micmac,D,Moyen
plot_03581,2.0,micmac,D,Moyen
plot_03582,3.0,micmac,D,Moyen
plot_03583,2.0,micmac,M,Moyen
plot_03584,3.0,micmac,C,Moyen
plot_03585,3.0,micmac,M,Moyen
plot_03586,2.0,micmac,D,Moyen
plot_03587,2.0,micmac,M,Moyen
plot_03588,3.0,micmac,C,Moyen
plot_03589,3.0,micmac,D,Moyen
plot_03590,3.0,micmac,M,Moyen
plot_03591,3.0,micmac,D,Moyen
plot_03592,3.0,micmac,C,Moyen
plot_03593,3.0,micmac,D,Moyen
plot_03594,3.0,micmac,C,Moyen
plot_03595,3.0,micmac,C,Élevé
plot_03596,3.0,micmac,M,Moyen
plot_03597,3.0,micmac,D,Moyen
plot_03598,3.0,micmac,D,Moyen
plot_03599,3.0,micmac,D,Moyen
plot_03600,3.0,micmac,C,Moyen
plot_03601,3.0,micmac,M,Élevé
plot_03602,3.0,micmac,C,Élevé
plot_03603,3.0,micmac,C,Moyen
plot_03604,3.0,micmac,C,Moyen
plot_03605,3.0,micmac,M,Moyen
plot_03606,3.0,micmac,M,Moyen
plot_03607,3.0,micmac,M,Moyen
plot_03608,1.0,micmac,D,Faible
plot_03609,1.0,micmac,D,Moyen
plot_03610,2.0,micmac,D,Moyen
plot_03611,2.0,micmac,D,Moyen
plot_03612,2.0,micmac,D,Moyen
plot_03613,2.0,micmac,C,Moyen
plot_03614,2.0,micmac,D,Moyen
plot_03615,2.0,micmac,D,Moyen
plot_03616,2.0,micmac,D,Moyen
plot_03617,2.0,micmac,D,Moyen
plot_03618,2.0,micmac,D,Moyen
plot_03619,2.0,micmac,D,Moyen
plot_03620,2.0,micmac,D,Moyen
plot_03621,2.0,micmac,D,Moyen
plot_03622,2.0,micmac,D,Moyen
plot_03623,2.0,micmac,D,Moyen
plot_03624,2.0,micmac,D,Moyen
plot_03625,2.0,micmac,D,Moyen
plot_03626,2.0,micmac,D,Moyen
plot_03627,2.0,micmac,D,Moyen
plot_03628,2.0,micmac,C,Moyen
plot_03629,2.0,micmac,D,Faible
plot_03630,2.0,micmac,D,Moyen
plot_03631,2.0,micmac,C,Moyen
plot_03632,2.0,micmac,D,Moyen
plot_03633,2.0,micmac,D,Moyen
plot_03634,2.0,micmac,D,Moyen
plot_03635,2.0,micmac,D,Moyen
plot_03636,2.0,micmac,D,Moyen
plot_03637,2.0,micmac,D,Moyen
plot_03638,2.0,micmac,D,Moyen
plot_03639,2.0,micmac,D,Faible
plot_03640,2.0,micmac,D,Moyen
plot_03641,2.0,micmac,D,Moyen
plot_03642,2.0,micmac,C,Moyen
plot_03643,2.0,micmac,D,Moyen
plot_03644,2.0,micmac,D,Moyen
plot_03645,2.0,micmac,D,Moyen
plot_03646,2.0,micmac,D,Moyen
plot_03647,2.0,micmac,D,Moyen
plot_03648,2.0,micmac,D,Moyen
plot_03649,2.0,micmac,D,Moyen
plot_03650,2.0,micmac,D,Moyen
plot_03651,2.0,micmac,D,Moyen
plot_03652,2.0,micmac,D,Moyen
plot_03653,2.0,micmac,D,Moyen
plot_03654,2.0,micmac,D,Moyen
plot_03655,2.0,micmac,D,Moyen
plot_03656,2.0,micmac,D,Moyen
plot_03657,2.0,micmac,D,Moyen
plot_03658,2.0,micmac,D,Moyen
plot_03659,2.0,micmac,D,Moyen
plot_03660,2.0,micmac,D,Moyen
plot_03661,2.0,micmac,D,Moyen
plot_03662,2.0,micmac,D,Moyen
plot_03663,2.0,micmac,C,Moyen
plot_03664,2.0,micmac,D,Moyen
plot_03665,2.0,micmac,D,Moyen
plot_03666,2.0,micmac,D,Moyen
plot_03667,3.0,micmac,D,Moyen
plot_03668,3.0,micmac,C,Moyen
plot_03669,2.0,micmac,D,Moyen
plot_03670,3.0,micmac,C,Moyen
plot_03671,2.0,micmac,D,Moyen
plot_03672,2.0,micmac,D,Moyen
plot_03673,2.0,micmac,D,Moyen
plot_03674,3.0,micmac,D,Élevé
plot_03675,3.0,micmac,C,Moyen
plot_03676,2.0,micmac,D,Moyen
plot_03677,2.0,micmac,D,Moyen
plot_03678,3.0,micmac,D,Élevé
plot_03679,2.0,micmac,D,Moyen
plot_03680,3.0,micmac,C,Moyen
plot_03681,3.0,micmac,D,Moyen
plot_03682,2.0,micmac,D,Moyen
plot_03683,2.0,micmac,D,Moyen
plot_03684,3.0,micmac,C,Élevé
plot_03685,3.0,micmac,M,Élevé
plot_03686,3.0,micmac,D,Élevé
plot_03687,3.0,micmac,D,Moyen
plot_03688,3.0,micmac,M,Élevé
plot_03689,3.0,micmac,D,Élevé
plot_03690,3.0,micmac,D,Moyen
plot_03691,3.0,micmac,D,Élevé
plot_03692,3.0,micmac,D,Élevé
plot_03693,3.0,micmac,D,Moyen
plot_03694,3.0,micmac,D,Élevé
plot_03695,1.0,micmac,D,Faible
plot_03696,1.0,micmac,D,Faible
plot_03697,1.0,micmac,D,Faible
plot_03698,1.0,micmac,D,Faible
plot_03699,1.0,micmac,D,Faible
plot_03700,1.0,micmac,D,Faible
plot_03701,1.0,micmac,D,Faible
plot_03702,1.0,micmac,D,Faible
plot_03703,1.0,micmac,D,Faible
plot_03704,1.0,micmac,D,Faible
plot_03705,1.0,micmac,D,Faible
plot_03706,1.0,micmac,D,Faible
plot_03707,1.0,micmac,D,Faible
plot_03708,1.0,micmac,D,Faible
plot_03709,1.0,micmac,D,Faible
plot_03710,1.0,micmac,D,Faible
plot_03711,1.0,micmac,D,Faible
plot_03712,1.0,micmac,D,Faible
plot_03713,1.0,micmac,D,Faible
plot_03714,1.0,micmac,D,Moyen
plot_03715,1.0,micmac,D,Faible
plot_03716,1.0,micmac,D,Faible
plot_03717,1.0,micmac,D,Faible
plot_03718,1.0,micmac,D,Faible
plot_03719,1.0,micmac,D,Faible
plot_03720,1.0,micmac,D,Faible
plot_03721,1.0,micmac,D,Faible
plot_03722,1.0,micmac,D,Faible
plot_03723,1.0,micmac,D,Faible
plot_03724,1.0,micmac,D,Faible
plot_03725,1.0,micmac,D,Faible
plot_03726,1.0,micmac,D,Faible
plot_03727,1.0,micmac,D,Faible
plot_03728,1.0,micmac,D,Faible
plot_03729,1.0,micmac,M,Faible
plot_03730,1.0,micmac,D,Faible
plot_03731,1.0,micmac,D,Faible
plot_03732,1.0,micmac,D,Faible
plot_03733,1.0,micmac,D,Moyen
plot_03734,1.0,micmac,D,Faible
plot_03735,1.0,micmac,D,Faible
plot_03736,1.0,micmac,D,Faible
plot_03737,1.0,micmac,D,Faible
plot_03738,1.0,micmac,D,Faible
plot_03739,1.0,micmac,D,Faible
plot_03740,1.0,micmac,D,Faible
plot_03741,1.0,micmac,D,Faible
plot_03742,1.0,micmac,D,Faible
plot_03743,1.0,micmac,D,Faible
plot_03744,1.0,micmac,D,Faible
plot_03745,1.0,micmac,D,Faible
plot_03746,1.0,micmac,D,Faible
plot_03747,1.0,micmac,D,Faible
plot_03748,1.0,micmac,D,Faible
plot_03749,1.0,micmac,D,Faible
plot_03750,1.0,micmac,D,Faible
plot_03751,1.0,micmac,D,Faible
plot_03752,1.0,micmac,D,Faible
plot_03753,1.0,micmac,D,Faible
plot_03754,1.0,micmac,C,Faible
plot_03755,1.0,micmac,D,Faible
plot_03756,1.0,micmac,D,Faible
plot_03757,1.0,micmac,D,Faible
plot_03758,1.0,micmac,D,Faible
plot_03759,1.0,micmac,D,Faible
plot_03760,1.0,micmac,D,Faible
plot_03761,1.0,micmac,D,Faible
plot_03762,1.0,micmac,D,Faible
plot_03763,1.0,micmac,D,Faible
plot_03764,1.0,micmac,D,Faible
plot_03765,1.0,micmac,D,Faible
plot_03766,1.0,micmac,D,Faible
plot_03767,1.0,micmac,D,Faible
plot_03768,1.0,micmac,D,Faible
plot_03769,1.0,micmac,D,Faible
plot_03771,1.0,micmac,D,Faible
plot_03772,1.0,micmac,D,Faible
plot_03773,1.0,micmac,D,Faible
plot_03774,1.0,micmac,M,Faible
plot_03775,1.0,micmac,D,Faible
plot_03776,1.0,micmac,D,Faible
plot_03777,1.0,micmac,D,Moyen
plot_03778,1.0,micmac,D,Moyen
plot_03779,1.0,micmac,D,Moyen
plot_03780,1.0,micmac,D,Moyen
plot_03781,1.0,micmac,D,Moyen
plot_03782,1.0,micmac,D,Faible
plot_03783,1.0,micmac,D,Moyen
plot_03784,1.0,micmac,D,Moyen
plot_03785,1.0,micmac,D,Moyen
plot_03786,1.0,micmac,D,Moyen
plot_03787,1.0,micmac,D,Moyen
plot_03788,1.0,micmac,D,Moyen
plot_03789,1.0,micmac,D,Moyen
plot_03790,1.0,micmac,D,Moyen
plot_03791,1.0,micmac,M,Moyen
plot_03792,1.0,micmac,D,Moyen
plot_03793,1.0,micmac,D,Moyen
plot_03794,1.0,micmac,D,Moyen
plot_03795,1.0,micmac,D,Faible
plot_03796,1.0,micmac,D,Faible
plot_03797,1.0,micmac,C,Moyen
plot_03798,1.0,micmac,D,Faible
plot_03799,1.0,micmac,M,Moyen
plot_03800,1.0,micmac,D,Moyen
plot_03801,1.0,micmac,M,Faible
plot_03802,1.0,micmac,M,Faible
plot_03803,1.0,micmac,D,Moyen
plot_03804,1.0,micmac,M,Moyen
plot_03805,1.0,micmac,D,Moyen
plot_03806,1.0,micmac,D,Faible
plot_03807,1.0,micmac,D,Faible
plot_03808,1.0,micmac,D,Faible
plot_03809,1.0,micmac,C,Faible
plot_03810,1.0,micmac,D,Faible
plot_03811,1.0,micmac,D,Moyen
plot_03812,1.0,micmac,D,Faible
plot_03813,1.0,micmac,D,Faible
plot_03814,1.0,micmac,D,Faible
plot_03815,1.0,micmac,D,Faible
plot_03816,1.0,micmac,D,Faible
plot_03817,1.0,micmac,D,Faible
plot_03818,1.0,micmac,D,Faible
plot_03819,1.0,micmac,D,Faible
plot_03820,1.0,micmac,D,Faible
plot_03821,1.0,micmac,D,Faible
plot_03822,1.0,micmac,D,Faible
plot_03823,1.0,micmac,D,Faible
plot_03824,1.0,micmac,D,Faible
plot_03825,1.0,micmac,D,Faible
plot_03826,1.0,micmac,D,Faible
plot_03827,1.0,micmac,D,Faible
plot_03828,1.0,micmac,D,Faible
plot_03829,1.0,micmac,D,Faible
plot_03830,1.0,micmac,D,Faible
plot_03831,1.0,micmac,D,Faible
plot_03832,1.0,micmac,D,Faible
plot_03833,2.0,micmac,D,Moyen
plot_03834,2.0,micmac,M,Élevé
plot_03835,2.0,micmac,D,Élevé
plot_03836,2.0,micmac,C,Élevé
plot_03837,2.0,micmac,M,Élevé
plot_03838,2.0,micmac,D,Élevé
plot_03839,2.0,micmac,D,Élevé
plot_03840,2.0,micmac,D,Élevé
plot_03841,2.0,micmac,D,Élevé
plot_03842,2.0,micmac,D,Élevé
plot_03843,2.0,micmac,C,Élevé
plot_03844,2.0,micmac,D,Élevé
plot_03845,2.0,micmac,D,Élevé
plot_03846,2.0,micmac,D,Élevé
plot_03847,2.0,micmac,D,Élevé
plot_03848,2.0,micmac,D,Élevé
plot_03849,2.0,micmac,C,Élevé
plot_03850,2.0,micmac,D,Élevé
plot_03851,2.0,micmac,D,Élevé
plot_03852,2.0,micmac,D,Élevé
plot_03853,2.0,micmac,C,Élevé
plot_03854,2.0,micmac,C,Élevé
plot_03855,2.0,micmac,D,Moyen
plot_03856,2.0,micmac,D,Moyen
plot_03857,2.0,micmac,M,Élevé
plot_03858,2.0,micmac,C,Élevé
plot_03859,3.0,micmac,C,Élevé
plot_03860,2.0,micmac,D,Élevé
plot_03861,2.0,micmac,C,Élevé
plot_03862,3.0,micmac,C,Élevé
plot_03863,3.0,micmac,D,Élevé
plot_03864,2.0,micmac,D,Élevé
plot_03865,3.0,micmac,C,Élevé
plot_03866,2.0,micmac,D,Moyen
plot_03867,2.0,micmac,D,Élevé
plot_03868,3.0,micmac,D,Élevé
plot_03869,3.0,micmac,D,Élevé
plot_03870,3.0,micmac,D,Élevé
plot_03871,3.0,micmac,D,Élevé
plot_03872,3.0,micmac,M,Élevé
plot_03873,3.0,micmac,C,Élevé
plot_03874,2.0,micmac,D,Élevé
plot_03875,3.0,micmac,D,Élevé
plot_03876,3.0,micmac,D,Élevé
plot_03877,3.0,micmac,D,Élevé
plot_03878,3.0,micmac,M,Élevé
plot_03879,3.0,micmac,M,Élevé
plot_03880,3.0,micmac,M,Élevé
plot_03881,3.0,micmac,M,Élevé
plot_03882,2.0,micmac,D,Moyen
plot_03883,3.0,micmac,D,Élevé
plot_03884,3.0,micmac,D,Élevé
plot_03885,2.0,micmac,D,Élevé
plot_03886,2.0,micmac,D,Élevé
plot_03887,3.0,micmac,D,Élevé
plot_03888,2.0,micmac,D,Moyen
plot_03889,3.0,micmac,D,Élevé
plot_03890,2.0,micmac,D,Moyen
plot_03891,3.0,micmac,D,Élevé
plot_03892,2.0,micmac,C,Élevé
plot_03893,2.0,micmac,D,Élevé
plot_03894,2.0,micmac,D,Moyen
plot_03895,2.0,micmac,D,Moyen
plot_03896,2.0,micmac,D,Moyen
plot_03897,3.0,micmac,M,Moyen
plot_03898,3.0,micmac,D,Moyen
plot_03899,2.0,micmac,D,Moyen
plot_03900,3.0,micmac,C,Élevé
plot_03901,3.0,micmac,D,Élevé
plot_03902,3.0,micmac,C,Élevé
plot_03903,2.0,micmac,D,Moyen
plot_03904,3.0,micmac,C,Élevé
plot_03905,2.0,micmac,M,Moyen
plot_03906,3.0,micmac,M,Élevé
plot_03907,3.0,micmac,C,Élevé
plot_03908,3.0,micmac,C,Élevé
plot_03909,3.0,micmac,M,Élevé
plot_03910,3.0,micmac,D,Élevé
plot_03911,3.0,micmac,C,Élevé
plot_03912,3.0,micmac,C,Moyen
plot_03913,3.0,micmac,M,Élevé
plot_03914,3.0,micmac,C,Élevé
plot_03915,3.0,micmac,C,Élevé
plot_03916,3.0,micmac,C,Élevé
plot_03917,3.0,micmac,D,Élevé
plot_03918,3.0,micmac,C,Élevé
plot_03919,3.0,micmac,C,Élevé
plot_03920,3.0,micmac,C,Élevé
plot_03921,3.0,micmac,C,Élevé
plot_03922,3.0,micmac,C,Élevé
plot_03923,3.0,micmac,C,Élevé
plot_03924,3.0,micmac,C,Élevé
plot_03925,3.0,micmac,C,Élevé
plot_03926,3.0,micmac,C,Élevé
plot_03927,3.0,micmac,C,Élevé
plot_03928,3.0,micmac,M,Élevé
plot_03929,3.0,micmac,M,Élevé
plot_03930,3.0,micmac,C,Élevé
plot_03931,3.0,micmac,M,Élevé
plot_03932,3.0,micmac,D,Élevé
plot_03933,3.0,micmac,C,Élevé
plot_03934,3.0,micmac,M,Élevé
plot_03935,3.0,micmac,C,Élevé
plot_03936,3.0,micmac,D,Élevé
plot_03937,3.0,micmac,M,Élevé
plot_03938,3.0,micmac,D,Élevé
plot_03939,3.0,micmac,D,Élevé
plot_03940,3.0,micmac,C,Élevé
plot_03941,3.0,micmac,C,Élevé
plot_03942,2.0,micmac,D,Faible
plot_03943,2.0,micmac,C,Faible
plot_03944,2.0,micmac,D,Faible
plot_03945,2.0,micmac,D,Faible
plot_03946,2.0,micmac,D,Faible
plot_03947,2.0,micmac,D,Faible
plot_03948,2.0,micmac,D,Faible
plot_03949,2.0,micmac,D,Moyen
plot_03950,3.0,micmac,D,Élevé
plot_03951,2.0,micmac,D,Faible
plot_03952,2.0,micmac,D,Faible
plot_03953,2.0,micmac,D,Faible
plot_03954,3.0,micmac,D,Moyen
plot_03955,2.0,micmac,D,Faible
plot_03956,3.0,micmac,D,Moyen
plot_03957,2.0,micmac,D,Faible
plot_03958,2.0,micmac,D,Faible
plot_03959,2.0,micmac,D,Moyen
plot_03960,2.0,micmac,D,Faible
plot_03961,2.0,micmac,M,Faible
plot_03962,2.0,micmac,D,Élevé
plot_03963,3.0,micmac,D,Élevé
plot_03964,2.0,micmac,D,Faible
plot_03965,2.0,micmac,D,Faible
plot_03966,2.0,micmac,D,Faible
plot_03967,2.0,micmac,D,Faible
plot_03968,3.0,micmac,D,Élevé
plot_03969,3.0,micmac,D,Élevé
plot_03970,3.0,micmac,D,Élevé
plot_03971,3.0,micmac,D,Élevé
plot_03972,2.0,micmac,D,Faible
plot_03973,2.0,micmac,D,Moyen
plot_03974,2.0,micmac,D,Moyen
plot_03975,2.0,micmac,D,Faible
plot_03976,2.0,micmac,D,Moyen
plot_03977,3.0,micmac,D,Moyen
plot_03978,3.0,micmac,D,Élevé
plot_03979,2.0,micmac,D,Moyen
plot_03980,2.0,micmac,M,Faible
plot_03981,2.0,micmac,D,Faible
plot_03982,2.0,micmac,D,Moyen
plot_03983,2.0,micmac,D,Faible
plot_03984,2.0,micmac,D,Faible
plot_03985,2.0,micmac,D,Moyen
plot_03986,2.0,micmac,D,Faible
plot_03987,2.0,micmac,D,Moyen
plot_03988,2.0,micmac,D,Moyen
plot_03989,2.0,micmac,D,Moyen
plot_03990,3.0,micmac,M,Élevé
plot_03991,2.0,micmac,M,Faible
plot_03992,2.0,micmac,D,Moyen
plot_03993,2.0,micmac,D,Moyen
plot_03994,2.0,micmac,D,Faible
plot_03995,3.0,micmac,C,Élevé
plot_03996,2.0,micmac,D,Moyen
plot_03997,2.0,micmac,D,Moyen
plot_03998,3.0,micmac,D,Élevé
plot_03999,3.0,micmac,D,Moyen
plot_04000,3.0,micmac,D,Élevé
plot_04001,2.0,micmac,D,Moyen
plot_04002,2.0,micmac,D,Moyen
plot_04003,2.0,micmac,D,Moyen
plot_04004,3.0,micmac,D,Élevé
plot_04005,2.0,micmac,D,Moyen
plot_04006,2.0,micmac,D,Moyen
plot_04007,2.0,micmac,M,Élevé
plot_04008,3.0,micmac,D,Élevé
plot_04009,2.0,micmac,D,Moyen
plot_04010,3.0,micmac,D,Élevé
plot_04011,3.0,micmac,D,Élevé
plot_04012,2.0,micmac,D,Moyen
plot_04013,2.0,micmac,D,Moyen
plot_04014,3.0,micmac,D,Élevé
plot_04015,2.0,micmac,D,Moyen
plot_04016,2.0,micmac,D,Moyen
plot_04017,2.0,micmac,C,Moyen
plot_04018,2.0,micmac,D,Moyen
plot_04019,3.0,micmac,D,Élevé
plot_04020,3.0,micmac,D,Moyen
plot_04021,3.0,micmac,D,Élevé
plot_04022,2.0,micmac,D,Moyen
plot_04023,2.0,micmac,D,Moyen
plot_04024,2.0,micmac,D,Moyen
plot_04025,2.0,micmac,D,Moyen
plot_04026,3.0,micmac,D,Élevé
plot_04027,3.0,micmac,C,Élevé
plot_04028,3.0,micmac,D,Élevé
plot_04029,2.0,micmac,D,Moyen
plot_04030,2.0,micmac,D,Élevé
plot_04031,2.0,micmac,D,Moyen
plot_04032,3.0,micmac,M,Élevé
plot_04033,3.0,micmac,C,Élevé
plot_04034,2.0,micmac,D,Moyen
plot_04035,2.0,micmac,D,Moyen
plot_04036,2.0,micmac,D,Moyen
plot_04037,2.0,micmac,M,Moyen
plot_04038,2.0,micmac,D,Élevé
plot_04039,3.0,micmac,D,Élevé
plot_04040,2.0,micmac,D,Moyen
plot_04041,3.0,micmac,D,Élevé
plot_04042,3.0,micmac,D,Élevé
plot_04043,3.0,micmac,D,Élevé
plot_04044,3.0,micmac,D,Élevé
plot_04045,2.0,micmac,D,Moyen
plot_04046,3.0,micmac,C,Élevé
plot_04047,2.0,micmac,D,Moyen
plot_04048,2.0,micmac,D,Élevé
plot_04049,3.0,micmac,D,Élevé
plot_04050,2.0,micmac,D,Élevé
plot_04051,3.0,micmac,D,Élevé
plot_04052,3.0,micmac,M,Élevé
plot_04053,2.0,micmac,D,Moyen
plot_04054,3.0,micmac,D,Élevé
plot_04055,3.0,micmac,C,Élevé
plot_04056,3.0,micmac,D,Élevé
plot_04057,2.0,micmac,D,Moyen
plot_04058,3.0,micmac,D,Élevé
plot_04059,3.0,micmac,D,Élevé
plot_04060,3.0,micmac,D,Élevé
plot_04061,3.0,micmac,D,Élevé
plot_04062,3.0,micmac,D,Élevé
plot_04063,3.0,micmac,M,Élevé
plot_04064,3.0,micmac,C,Élevé
plot_04065,3.0,micmac,C,Élevé
plot_04066,3.0,micmac,C,Élevé
plot_04067,3.0,micmac,C,Élevé
plot_04068,3.0,micmac,C,Élevé
plot_04069,3.0,micmac,C,Élevé
plot_04070,3.0,micmac,C,Élevé
plot_04071,3.0,micmac,D,Élevé
plot_04072,3.0,micmac,D,Élevé
plot_04073,3.0,micmac,C,Élevé
plot_04074,2.0,micmac,D,Moyen
plot_04075,3.0,micmac,C,Élevé
plot_04076,2.0,micmac,D,Moyen
plot_04077,2.0,micmac,D,Moyen
plot_04078,3.0,micmac,M,Élevé
plot_04079,3.0,micmac,D,Élevé
plot_04080,3.0,micmac,D,Élevé
plot_04081,3.0,micmac,D,Élevé
plot_04082,3.0,micmac,C,Élevé
plot_04083,3.0,micmac,D,Élevé
plot_04084,2.0,micmac,D,Faible
plot_04085,2.0,micmac,D,Élevé
plot_04086,3.0,micmac,C,Élevé
plot_04087,2.0,micmac,D,Moyen
plot_04088,3.0,micmac,M,Élevé
plot_04089,2.0,micmac,D,Élevé
plot_04090,3.0,micmac,D,Élevé
plot_04091,3.0,micmac,D,Élevé
plot_04092,3.0,micmac,D,Moyen
plot_04093,3.0,micmac,D,Élevé
plot_04094,2.0,micmac,D,Élevé
plot_04095,3.0,micmac,D,Élevé
plot_04096,2.0,micmac,C,Faible
plot_04097,2.0,micmac,D,Faible
plot_04098,3.0,micmac,D,Élevé
plot_04099,2.0,micmac,D,Moyen
plot_04100,2.0,micmac,C,Faible
plot_04101,2.0,micmac,D,Élevé
plot_04102,2.0,micmac,D,Faible
plot_04103,2.0,micmac,D,Moyen
plot_04104,2.0,micmac,D,Moyen
plot_04105,2.0,micmac,D,Moyen
plot_04106,2.0,micmac,M,Moyen
plot_04107,2.0,micmac,D,Moyen
plot_04108,2.0,micmac,D,Moyen
plot_04109,2.0,micmac,M,Moyen
plot_04110,2.0,micmac,M,Moyen
plot_04111,3.0,micmac,C,Moyen
plot_04112,2.0,micmac,D,Moyen
plot_04113,3.0,micmac,C,Moyen
plot_04114,3.0,micmac,M,Moyen
plot_04115,3.0,micmac,C,Élevé
plot_04116,3.0,micmac,M,Moyen
plot_04117,3.0,micmac,C,Moyen
plot_04118,3.0,micmac,D,Moyen
plot_04119,3.0,micmac,D,Élevé
plot_04120,3.0,micmac,C,Moyen
plot_04121,3.0,micmac,M,Moyen
plot_04122,3.0,micmac,M,Élevé
plot_04123,3.0,micmac,C,Élevé
plot_04124,3.0,micmac,M,Élevé
plot_04125,3.0,micmac,D,Élevé
plot_04126,3.0,micmac,C,Élevé
plot_04127,3.0,micmac,C,Moyen
plot_04128,3.0,micmac,D,Élevé
plot_04129,3.0,micmac,C,Élevé
plot_04130,3.0,micmac,M,Moyen
plot_04131,3.0,micmac,D,Moyen
plot_04132,3.0,micmac,C,Moyen
plot_04133,2.0,micmac,D,Moyen
plot_04134,2.0,micmac,D,Moyen
plot_04135,3.0,micmac,C,Élevé
plot_04136,3.0,micmac,M,Élevé
plot_04137,3.0,micmac,D,Moyen
plot_04138,3.0,micmac,M,Moyen
plot_04139,3.0,micmac,D,Élevé
plot_04140,3.0,micmac,D,Moyen
plot_04141,2.0,micmac,D,Moyen
plot_04142,2.0,micmac,D,Moyen
plot_04143,2.0,micmac,D,Moyen
plot_04144,3.0,micmac,M,Élevé
plot_04145,3.0,micmac,D,Élevé
plot_04146,3.0,micmac,C,Moyen
plot_04147,2.0,micmac,D,Moyen
plot_04148,3.0,micmac,C,Moyen
plot_04149,3.0,micmac,D,Moyen
plot_04150,3.0,micmac,M,Moyen
plot_04151,2.0,micmac,D,Moyen
plot_04152,2.0,micmac,M,Faible
plot_04153,2.0,micmac,D,Faible
plot_04154,3.0,micmac,D,Élevé
plot_04155,3.0,micmac,D,Moyen
plot_04156,2.0,micmac,D,Faible
plot_04157,2.0,micmac,D,Moyen
plot_04158,2.0,micmac,D,Faible
plot_04159,2.0,micmac,D,Faible
plot_04160,2.0,micmac,D,Faible
plot_04161,2.0,micmac,D,Faible
plot_04162,2.0,micmac,D,Faible
plot_04163,2.0,micmac,C,Faible
plot_04164,2.0,micmac,M,Faible
plot_04165,2.0,micmac,D,Faible
plot_04166,2.0,micmac,D,Faible
plot_04167,2.0,micmac,D,Faible
plot_04168,2.0,micmac,D,Faible
plot_04169,2.0,micmac,D,Faible
plot_04170,2.0,micmac,D,Faible
plot_04171,2.0,micmac,D,Faible
plot_04172,2.0,micmac,D,Faible
plot_04173,2.0,micmac,D,Faible
plot_04174,2.0,micmac,D,Faible
plot_04175,2.0,micmac,D,Faible
plot_04176,2.0,micmac,M,Faible
plot_04177,2.0,micmac,D,Faible
plot_04178,2.0,micmac,D,Faible
plot_04179,2.0,micmac,D,Faible
plot_04180,3.0,micmac,M,Élevé
plot_04181,3.0,micmac,M,Élevé
plot_04182,3.0,micmac,C,Élevé
plot_04183,3.0,micmac,C,Élevé
plot_04184,3.0,micmac,C,Élevé
plot_04185,3.0,micmac,M,Élevé
plot_04186,3.0,micmac,M,Élevé
plot_04187,3.0,micmac,D,Moyen
plot_04188,3.0,micmac,C,Élevé
plot_04189,3.0,micmac,M,Élevé
plot_04190,3.0,micmac,M,Élevé
plot_04191,3.0,micmac,C,Élevé
plot_04192,3.0,micmac,C,Élevé
plot_04193,3.0,micmac,M,Élevé
plot_04194,3.0,micmac,C,Élevé
plot_04195,3.0,micmac,D,Élevé
plot_04196,3.0,micmac,D,Élevé
plot_04197,3.0,micmac,M,Élevé
plot_04198,3.0,micmac,D,Élevé
plot_04199,3.0,micmac,C,Élevé
plot_04200,3.0,micmac,M,Élevé
plot_04201,3.0,micmac,D,Moyen
plot_04202,3.0,micmac,M,Élevé
plot_04203,3.0,micmac,M,Élevé
plot_04204,3.0,micmac,C,Élevé
plot_04205,3.0,micmac,M,Élevé
plot_04206,3.0,micmac,D,Élevé
plot_04207,2.0,micmac,D,Moyen
plot_04208,3.0,micmac,D,Moyen
plot_04209,3.0,micmac,D,Moyen
plot_04210,3.0,micmac,D,Élevé
plot_04211,3.0,micmac,D,Moyen
plot_04212,3.0,micmac,D,Élevé
plot_04213,3.0,micmac,D,Élevé
plot_04214,2.0,micmac,D,Faible
plot_04215,2.0,micmac,M,Élevé
plot_04216,3.0,micmac,C,Moyen
plot_04217,2.0,micmac,D,Moyen
plot_04218,2.0,micmac,D,Faible
plot_04219,2.0,micmac,D,Faible
plot_04220,2.0,micmac,D,Faible
plot_04221,2.0,micmac,D,Moyen
plot_04222,2.0,micmac,D,Moyen
plot_04223,2.0,micmac,D,Moyen
plot_04224,2.0,micmac,D,Moyen
plot_04225,2.0,micmac,D,Moyen
plot_04226,2.0,micmac,D,Moyen
plot_04227,2.0,micmac,D,Faible
plot_04228,2.0,micmac,D,Moyen
plot_04229,2.0,micmac,D,Moyen
plot_04230,2.0,micmac,D,Moyen
plot_04231,2.0,micmac,D,Moyen
plot_04232,2.0,micmac,D,Moyen
plot_04233,2.0,micmac,D,Moyen
plot_04234,3.0,micmac,M,Élevé
plot_04235,2.0,micmac,D,Moyen
plot_04236,2.0,micmac,D,Moyen
plot_04237,2.0,micmac,M,Moyen
plot_04238,2.0,micmac,D,Moyen
plot_04239,2.0,micmac,D,Moyen
plot_04240,2.0,micmac,D,Moyen
plot_04241,2.0,micmac,D,Moyen
plot_04242,3.0,micmac,M,Élevé
plot_04243,2.0,micmac,D,Élevé
plot_04244,3.0,micmac,C,Élevé
plot_04245,3.0,micmac,M,Élevé
plot_04246,3.0,micmac,C,Élevé
plot_04247,3.0,micmac,D,Élevé
plot_04248,3.0,micmac,M,Élevé
plot_04249,3.0,micmac,C,Élevé
plot_04250,3.0,micmac,D,Élevé
plot_04251,3.0,micmac,C,Élevé
plot_04252,3.0,micmac,D,Élevé
plot_04253,3.0,micmac,C,Élevé
plot_04254,3.0,micmac,D,Élevé
plot_04255,3.0,micmac,C,Élevé
plot_04256,3.0,micmac,D,Élevé
plot_04257,3.0,micmac,C,Élevé
plot_04258,3.0,micmac,C,Élevé
plot_04259,3.0,micmac,C,Élevé
plot_04260,3.0,micmac,M,Moyen
plot_04261,3.0,micmac,D,Élevé
plot_04262,3.0,micmac,D,Moyen
plot_04263,3.0,micmac,M,Élevé
plot_04264,3.0,micmac,M,Élevé
plot_04265,3.0,micmac,D,Élevé
plot_04266,3.0,micmac,C,Élevé
plot_04267,2.0,micmac,D,Moyen
plot_04268,2.0,micmac,D,Moyen
plot_04269,3.0,micmac,D,Élevé
plot_04270,3.0,micmac,D,Élevé
plot_04271,3.0,micmac,D,Moyen
plot_04272,3.0,micmac,C,Élevé
plot_04273,2.0,micmac,D,Faible
plot_04274,3.0,micmac,D,Moyen
plot_04275,3.0,micmac,D,Moyen
plot_04276,3.0,micmac,D,Moyen
plot_04277,3.0,micmac,D,Faible
plot_04278,2.0,micmac,D,Faible
plot_04279,2.0,micmac,D,Moyen
plot_04280,2.0,micmac,D,Moyen
plot_04367,2.0,micmac,D,Moyen
plot_04368,2.0,micmac,D,Moyen
plot_04369,3.0,micmac,C,Élevé
plot_04370,3.0,micmac,C,Élevé
plot_04371,2.0,micmac,D,Moyen
plot_04373,3.0,micmac,C,Élevé
plot_04374,3.0,micmac,D,Moyen
plot_04375,2.0,micmac,M,Moyen
plot_04376,3.0,micmac,D,Moyen
plot_04377,3.0,micmac,D,Élevé
plot_04378,3.0,micmac,C,Moyen
plot_04379,3.0,micmac,D,Moyen
plot_04380,2.0,micmac,D,Moyen
plot_04381,2.0,micmac,D,Moyen
plot_04382,2.0,micmac,D,Moyen
plot_04383,3.0,micmac,D,Élevé
plot_04384,2.0,micmac,D,Moyen
plot_04385,2.0,micmac,M,Moyen
plot_04386,2.0,micmac,D,Moyen
plot_04387,2.0,micmac,M,Moyen
plot_04388,2.0,micmac,D,Moyen
plot_04389,2.0,micmac,M,Moyen
plot_04390,2.0,micmac,D,Moyen
plot_04391,2.0,micmac,D,Moyen
plot_04392,2.0,micmac,C,Élevé
plot_04393,2.0,micmac,M,Élevé
plot_04394,2.0,micmac,D,Moyen
plot_04395,2.0,micmac,D,Moyen
plot_04396,2.0,micmac,D,Élevé
plot_04397,2.0,micmac,D,Moyen
plot_04398,2.0,micmac,D,Élevé
plot_04399,2.0,micmac,D,Moyen
plot_04400,2.0,micmac,D,Moyen
plot_04401,2.0,micmac,D,Moyen
plot_04402,2.0,micmac,D,Moyen
plot_04403,2.0,micmac,D,Moyen
plot_04404,2.0,micmac,D,Moyen
plot_04405,3.0,micmac,C,Moyen
plot_04406,3.0,micmac,D,Élevé
plot_04407,2.0,micmac,D,Moyen
plot_04408,2.0,micmac,D,Moyen
plot_04409,3.0,micmac,C,Moyen
plot_04410,3.0,micmac,D,Élevé
plot_04411,3.0,micmac,C,Élevé
plot_04412,2.0,micmac,D,Moyen
plot_04413,3.0,micmac,D,Moyen
plot_04414,2.0,micmac,D,Moyen
plot_04415,2.0,micmac,D,Moyen
plot_04416,3.0,micmac,D,Élevé
plot_04417,2.0,micmac,D,Moyen
plot_04418,2.0,micmac,D,Faible
plot_04419,2.0,micmac,D,Moyen
plot_04420,2.0,micmac,D,Moyen
plot_04421,2.0,micmac,D,Moyen
plot_04422,2.0,micmac,D,Faible
plot_04423,2.0,micmac,D,Moyen
plot_04424,2.0,micmac,D,Moyen
plot_04425,2.0,micmac,D,Moyen
plot_04426,3.0,micmac,D,Moyen
plot_04427,3.0,micmac,D,Élevé
plot_04428,2.0,micmac,D,Moyen
plot_04429,2.0,micmac,D,Moyen
plot_04430,2.0,micmac,D,Faible
plot_04431,2.0,micmac,D,Faible
plot_04432,2.0,micmac,D,Moyen
plot_04433,2.0,micmac,D,Faible
plot_04434,2.0,micmac,D,Faible
plot_04435,2.0,micmac,D,Faible
plot_04436,2.0,micmac,D,Moyen
plot_04437,2.0,micmac,D,Faible
plot_04438,2.0,micmac,D,Faible
plot_04439,2.0,micmac,D,Faible
plot_04440,2.0,micmac,D,Moyen
plot_04441,2.0,micmac,D,Moyen
plot_04442,2.0,micmac,D,Faible
plot_04443,2.0,micmac,D,Moyen
plot_04444,3.0,micmac,D,Moyen
plot_04445,1.0,micmac,D,Faible
plot_04446,1.0,micmac,C,Moyen
plot_04447,1.0,micmac,C,Faible
plot_04448,1.0,micmac,D,Faible
plot_04449,1.0,micmac,D,Faible
plot_04450,1.0,micmac,D,Faible
plot_04451,1.0,micmac,D,Faible
plot_04452,1.0,micmac,D,Faible
plot_04453,1.0,micmac,D,Faible
plot_04454,1.0,micmac,D,Faible
plot_04455,1.0,micmac,D,Moyen
plot_04456,1.0,micmac,D,Moyen
plot_04457,1.0,micmac,D,Faible
plot_04458,1.0,micmac,D,Faible
plot_04459,1.0,micmac,C,Faible
plot_04460,1.0,micmac,D,Faible
plot_04461,1.0,micmac,C,Faible
plot_04462,1.0,micmac,D,Faible
plot_04463,1.0,micmac,C,Faible
plot_04464,1.0,micmac,D,Faible
plot_04465,1.0,micmac,C,Faible
plot_04466,1.0,micmac,D,Faible
plot_04467,1.0,micmac,D,Faible
plot_04468,1.0,micmac,C,Faible
plot_04469,1.0,micmac,D,Faible
plot_04470,1.0,micmac,D,Faible
plot_04471,1.0,micmac,D,Faible
plot_04472,1.0,micmac,C,Faible
plot_04473,1.0,micmac,D,Faible
plot_04474,1.0,micmac,D,Faible
plot_04475,1.0,micmac,C,Faible
plot_04476,1.0,micmac,D,Faible
plot_04477,1.0,micmac,D,Faible
plot_04478,1.0,micmac,D,Faible
plot_04479,1.0,micmac,M,Faible
plot_04480,1.0,micmac,D,Faible
plot_04481,1.0,micmac,C,Faible
plot_04482,1.0,micmac,C,Faible
plot_04483,1.0,micmac,D,Faible
plot_04484,1.0,micmac,D,Faible
plot_04485,1.0,micmac,D,Faible
plot_04486,1.0,micmac,D,Faible
plot_04487,1.0,micmac,D,Faible
plot_04488,1.0,micmac,D,Faible
plot_04489,1.0,micmac,D,Faible
plot_04490,1.0,micmac,D,Faible
plot_04491,1.0,micmac,D,Faible
plot_04492,1.0,micmac,D,Faible
plot_04493,2.0,micmac,D,Moyen
plot_04494,3.0,micmac,D,Élevé
plot_04495,3.0,micmac,M,Élevé
plot_04496,3.0,micmac,D,Moyen
plot_04497,3.0,micmac,D,Élevé
plot_04498,3.0,micmac,C,Élevé
plot_04499,2.0,micmac,M,Élevé
plot_04500,3.0,micmac,D,Moyen
plot_04501,2.0,micmac,D,Moyen
plot_04502,3.0,micmac,C,Élevé
plot_04503,3.0,micmac,D,Élevé
plot_04504,3.0,micmac,D,Élevé
plot_04505,3.0,micmac,D,Élevé
plot_04506,3.0,micmac,D,Élevé
plot_04507,3.0,micmac,M,Élevé
plot_04508,3.0,micmac,M,Élevé
plot_04509,3.0,micmac,C,Élevé
plot_04510,3.0,micmac,M,Élevé
plot_04511,2.0,micmac,D,Élevé
plot_04512,3.0,micmac,M,Élevé
plot_04513,2.0,micmac,D,Moyen
plot_04514,2.0,micmac,D,Élevé
plot_04515,3.0,micmac,C,Élevé
plot_04516,3.0,micmac,M,Élevé
plot_04517,3.0,micmac,C,Élevé
plot_04518,3.0,micmac,M,Élevé
plot_04519,3.0,micmac,M,Élevé
plot_04520,3.0,micmac,M,Élevé
plot_04521,3.0,micmac,M,Élevé
plot_04522,3.0,micmac,M,Élevé
plot_04523,3.0,micmac,C,Élevé
plot_04524,3.0,micmac,M,Élevé
plot_04525,3.0,micmac,C,Élevé
plot_04526,3.0,micmac,M,Élevé
plot_04527,3.0,micmac,D,Élevé
plot_04528,3.0,micmac,M,Élevé
plot_04529,3.0,micmac,C,Élevé
plot_04530,3.0,micmac,D,Élevé
plot_04531,3.0,micmac,C,Élevé
plot_04532,3.0,micmac,D,Élevé
plot_04533,3.0,micmac,C,Élevé
plot_04534,3.0,micmac,M,Élevé
plot_04535,3.0,micmac,D,Élevé
plot_04536,3.0,micmac,C,Élevé
plot_04537,3.0,micmac,D,Élevé
plot_04538,3.0,micmac,M,Élevé
plot_04539,3.0,micmac,C,Élevé
plot_04540,3.0,micmac,C,Élevé
plot_04595,1.0,micmac,D,Faible
plot_04596,1.0,micmac,D,Faible
plot_04597,1.0,micmac,D,Faible
plot_04598,1.0,micmac,D,Faible
plot_04599,1.0,micmac,D,Faible
plot_04600,1.0,micmac,D,Faible
plot_04601,1.0,micmac,D,Faible
plot_04602,1.0,micmac,M,Faible
plot_04603,1.0,micmac,C,Faible
plot_04604,1.0,micmac,C,Faible
plot_04605,1.0,micmac,D,Faible
plot_04606,1.0,micmac,D,Faible
plot_04607,1.0,micmac,D,Faible
plot_04608,1.0,micmac,D,Faible
plot_04609,1.0,micmac,D,Faible
plot_04610,1.0,micmac,C,Faible
plot_04611,1.0,micmac,D,Faible
plot_04612,1.0,micmac,D,Faible
plot_04613,1.0,micmac,C,Faible
plot_04614,1.0,micmac,D,Faible
plot_04615,1.0,micmac,D,Faible
plot_04616,1.0,micmac,C,Faible
plot_04617,1.0,micmac,D,Faible
plot_04618,1.0,micmac,D,Faible
plot_04619,1.0,micmac,D,Faible
plot_04620,1.0,micmac,D,Faible
plot_04621,1.0,micmac,D,Faible
plot_04622,1.0,micmac,D,Faible
plot_04623,1.0,micmac,D,Faible
plot_04624,1.0,micmac,D,Faible
plot_04625,1.0,micmac,D,Faible
plot_04626,1.0,micmac,D,Faible
plot_04627,1.0,micmac,D,Faible
plot_04628,1.0,micmac,D,Faible
plot_04629,1.0,micmac,M,Faible
plot_04630,1.0,micmac,D,Faible
plot_04631,1.0,micmac,D,Faible
plot_04632,1.0,micmac,D,Faible
plot_04633,1.0,micmac,D,Faible
plot_04634,1.0,micmac,D,Faible
plot_04635,1.0,micmac,D,Faible
plot_04636,1.0,micmac,M,Faible
plot_04637,1.0,micmac,C,Moyen
plot_04638,1.0,micmac,D,Faible
plot_04690,1.0,micmac,D,Faible
plot_04691,1.0,micmac,D,Faible
plot_04692,1.0,micmac,D,Faible
plot_04693,1.0,micmac,D,Faible
plot_04694,1.0,micmac,M,Faible
plot_04695,1.0,micmac,D,Faible
plot_04696,1.0,micmac,C,Faible
plot_04697,1.0,micmac,C,Faible
plot_04698,1.0,micmac,D,Faible
plot_04699,1.0,micmac,D,Faible
plot_04700,1.0,micmac,D,Faible
plot_04701,1.0,micmac,D,Faible
plot_04702,1.0,micmac,D,Faible
plot_04703,1.0,micmac,D,Faible
plot_04704,1.0,micmac,D,Faible
plot_04705,1.0,micmac,D,Faible
plot_04706,1.0,micmac,D,Faible
plot_04707,1.0,micmac,D,Faible
plot_04708,1.0,micmac,D,Faible
plot_04709,1.0,micmac,D,Faible
plot_04710,1.0,micmac,D,Faible
plot_04711,1.0,micmac,D,Faible
plot_04712,1.0,micmac,D,Faible
plot_04713,1.0,micmac,D,Faible
plot_04714,1.0,micmac,D,Faible
plot_04715,1.0,micmac,D,Faible
plot_04716,1.0,micmac,M,Faible
plot_04717,1.0,micmac,D,Faible
plot_04718,1.0,micmac,D,Faible
plot_04719,1.0,micmac,D,Faible
plot_04720,2.0,micmac,D,Faible
plot_04721,2.0,micmac,D,Faible
plot_04722,2.0,micmac,D,Faible
plot_04723,2.0,micmac,D,Faible
plot_04724,2.0,micmac,D,Faible
plot_04725,2.0,micmac,D,Faible
plot_04726,2.0,micmac,D,Faible
plot_04727,1.0,micmac,C,Faible
plot_04728,1.0,micmac,D,Faible
plot_04729,1.0,micmac,D,Faible
plot_04730,1.0,micmac,D,Faible
plot_04731,1.0,micmac,D,Faible
plot_04732,1.0,micmac,D,Faible
plot_04733,1.0,micmac,D,Faible
plot_04734,1.0,micmac,D,Moyen
plot_04735,1.0,micmac,D,Faible
plot_04736,1.0,micmac,D,Faible
plot_04737,1.0,micmac,D,Faible
plot_04738,1.0,micmac,D,Faible
plot_04739,1.0,micmac,D,Faible
plot_04740,1.0,micmac,D,Faible
plot_04741,1.0,micmac,M,Faible
plot_04742,1.0,micmac,D,Faible
plot_04743,1.0,micmac,M,Faible
plot_04744,1.0,micmac,C,Faible
plot_04745,1.0,micmac,D,Faible
plot_04746,1.0,micmac,D,Faible
plot_04747,1.0,micmac,D,Faible
plot_04748,1.0,micmac,D,Faible
plot_04749,1.0,micmac,D,Faible
plot_04750,1.0,micmac,D,Faible
plot_04751,1.0,micmac,D,Faible
plot_04752,2.0,micmac,D,Moyen
plot_04753,2.0,micmac,D,Faible
plot_04754,2.0,micmac,D,Moyen
plot_04755,2.0,micmac,D,Faible
plot_04756,2.0,micmac,C,Moyen
plot_04757,2.0,micmac,D,Moyen
plot_04758,2.0,micmac,D,Moyen
plot_04759,2.0,micmac,D,Moyen
plot_04760,2.0,micmac,D,Moyen
plot_04761,2.0,micmac,D,Moyen
plot_04762,2.0,micmac,D,Faible
plot_04763,2.0,micmac,D,Moyen
plot_04764,2.0,micmac,D,Faible
plot_04765,2.0,micmac,D,Faible
plot_04766,2.0,micmac,D,Faible
plot_04767,2.0,micmac,D,Moyen
plot_04768,2.0,micmac,D,Moyen
plot_04769,2.0,micmac,D,Moyen
plot_04770,2.0,micmac,D,Moyen
plot_04771,2.0,micmac,D,Moyen
plot_04772,2.0,micmac,D,Moyen
plot_04773,2.0,micmac,D,Moyen
plot_04774,3.0,micmac,M,Élevé
plot_04775,2.0,micmac,D,Moyen
plot_04776,2.0,micmac,D,Moyen
plot_04777,2.0,micmac,D,Faible
plot_04778,2.0,micmac,D,Faible
plot_04779,2.0,micmac,D,Élevé
plot_04780,2.0,micmac,D,Moyen
plot_04781,3.0,micmac,D,Moyen
plot_04782,2.0,micmac,D,Moyen
plot_04783,2.0,micmac,D,Moyen
plot_04784,3.0,micmac,D,Élevé
plot_04785,2.0,micmac,D,Moyen
plot_04786,3.0,micmac,M,Élevé
plot_04787,2.0,micmac,D,Moyen
plot_04788,3.0,micmac,C,Moyen
plot_04789,3.0,micmac,D,Élevé
plot_04790,3.0,micmac,D,Élevé
plot_04791,3.0,micmac,M,Élevé
plot_04792,3.0,micmac,C,Élevé
plot_04793,3.0,micmac,D,Élevé
plot_04794,3.0,micmac,D,Élevé
plot_04795,3.0,micmac,D,Moyen
plot_04796,3.0,micmac,D,Élevé
plot_04797,3.0,micmac,D,Élevé
plot_04798,3.0,micmac,D,Élevé
plot_04799,3.0,micmac,D,Élevé
plot_04800,3.0,micmac,C,Élevé
plot_04801,3.0,micmac,C,Élevé
plot_04802,2.0,micmac,D,Moyen
plot_04803,2.0,micmac,D,Faible
plot_04804,2.0,micmac,D,Faible
plot_04805,2.0,micmac,D,Moyen
plot_04806,2.0,micmac,D,Faible
plot_04807,2.0,micmac,D,Faible
plot_04808,2.0,micmac,D,Faible
plot_04809,2.0,micmac,D,Faible
plot_04810,2.0,micmac,D,Moyen
plot_04811,2.0,micmac,D,Faible
plot_04812,2.0,micmac,D,Faible
plot_04813,2.0,micmac,D,Faible
plot_04814,2.0,micmac,D,Faible
plot_04815,2.0,micmac,D,Faible
plot_04816,2.0,micmac,C,Faible
plot_04817,2.0,micmac,D,Faible
plot_04818,2.0,micmac,D,Faible
plot_04819,2.0,micmac,D,Faible
plot_04820,2.0,micmac,D,Moyen
plot_04821,2.0,micmac,D,Moyen
plot_04822,2.0,micmac,D,Moyen
plot_04823,2.0,micmac,C,Moyen
plot_04824,2.0,micmac,D,Moyen
plot_04825,2.0,micmac,D,Moyen
plot_04826,2.0,micmac,D,Moyen
plot_04827,2.0,micmac,D,Moyen
plot_04828,2.0,micmac,D,Élevé
plot_04829,2.0,micmac,D,Moyen
plot_04830,2.0,micmac,M,Moyen
plot_04831,2.0,micmac,D,Moyen
plot_04832,2.0,micmac,D,Moyen
plot_04833,2.0,micmac,D,Élevé
plot_04834,2.0,micmac,M,Élevé
plot_04835,2.0,micmac,D,Élevé
plot_04836,2.0,micmac,M,Moyen
plot_04837,2.0,micmac,D,Moyen
plot_04838,2.0,micmac,D,Moyen
plot_04839,2.0,micmac,D,Moyen
plot_04840,2.0,micmac,D,Élevé
plot_04841,2.0,micmac,D,Élevé
plot_04842,2.0,micmac,C,Moyen
plot_04843,2.0,micmac,D,Moyen
plot_04844,2.0,micmac,M,Élevé
plot_04845,2.0,micmac,D,Moyen
plot_04846,3.0,micmac,D,Élevé
plot_04847,3.0,micmac,D,Élevé
plot_04848,2.0,micmac,M,Élevé
plot_04849,2.0,micmac,C,Moyen
plot_04850,2.0,micmac,M,Moyen
plot_04851,2.0,micmac,D,Moyen
plot_04852,2.0,micmac,M,Moyen
plot_04853,2.0,micmac,D,Moyen
plot_04854,2.0,micmac,D,Moyen
plot_04855,2.0,micmac,D,Élevé
plot_04856,2.0,micmac,C,Moyen
plot_04857,3.0,micmac,C,Élevé
plot_04858,2.0,micmac,M,Moyen
plot_04859,2.0,micmac,D,Moyen
plot_04860,2.0,micmac,C,Moyen
plot_04861,2.0,micmac,D,Moyen
plot_04862,3.0,micmac,C,Élevé
plot_04863,3.0,micmac,D,Élevé
plot_04864,3.0,micmac,C,Élevé
plot_04865,2.0,micmac,C,Moyen
plot_04866,2.0,micmac,M,Moyen
plot_04867,2.0,micmac,M,Moyen
plot_04868,2.0,micmac,D,Moyen
plot_04869,2.0,micmac,D,Moyen
plot_04870,2.0,micmac,C,Moyen
plot_04871,2.0,micmac,M,Faible
plot_04872,3.0,micmac,D,Élevé
plot_04873,3.0,micmac,M,Élevé
plot_04874,3.0,micmac,C,Élevé
plot_04875,3.0,micmac,C,Élevé
plot_04876,3.0,micmac,M,Élevé
plot_04877,3.0,micmac,M,Moyen
plot_04878,2.0,micmac,M,Moyen
plot_04879,2.0,micmac,M,Faible
plot_04880,2.0,micmac,D,Faible
plot_04881,3.0,micmac,D,Faible
plot_04882,3.0,micmac,D,Moyen
plot_04883,3.0,micmac,D,Moyen
plot_04884,3.0,micmac,D,Élevé
plot_04885,2.0,micmac,C,Moyen
plot_04886,2.0,micmac,D,Moyen
plot_04887,3.0,micmac,M,Faible
plot_04888,3.0,micmac,D,Faible
plot_04889,2.0,micmac,M,Moyen
plot_04890,3.0,micmac,M,Faible
plot_04891,3.0,micmac,C,Faible
plot_04892,3.0,micmac,D,Faible
plot_04893,3.0,micmac,D,Moyen
plot_04894,3.0,micmac,D,Faible
plot_04895,3.0,micmac,D,Moyen
plot_04896,3.0,micmac,D,Faible
plot_04897,3.0,micmac,M,Moyen
plot_04898,3.0,micmac,D,Faible
plot_04899,3.0,micmac,D,Faible
plot_04900,3.0,micmac,D,Faible
plot_04901,3.0,micmac,D,Faible
plot_04902,3.0,micmac,D,Faible
plot_04903,3.0,micmac,C,Moyen
plot_04904,3.0,micmac,M,Faible
plot_04905,2.0,micmac,C,Faible
plot_04906,2.0,micmac,D,Moyen
plot_04907,2.0,micmac,C,Moyen
plot_04908,2.0,micmac,D,Faible
plot_04909,2.0,micmac,C,Moyen
plot_04910,2.0,micmac,D,Élevé
plot_04911,2.0,micmac,M,Élevé
plot_04912,2.0,micmac,M,Moyen
plot_04913,2.0,micmac,D,Élevé
plot_04914,3.0,micmac,M,Élevé
plot_04915,2.0,micmac,C,Élevé
plot_04916,2.0,micmac,D,Élevé
plot_04917,2.0,micmac,M,Élevé
plot_04918,2.0,micmac,M,Moyen
plot_04919,2.0,micmac,M,Moyen
plot_04920,2.0,micmac,M,Moyen
plot_04921,2.0,micmac,D,Élevé
plot_04922,2.0,micmac,M,Élevé
plot_04923,2.0,micmac,D,Élevé
plot_04924,2.0,micmac,D,Moyen
plot_04925,2.0,micmac,M,Moyen
plot_04926,2.0,micmac,M,Moyen
plot_04927,2.0,micmac,M,Élevé
plot_04928,2.0,micmac,D,Élevé
plot_04929,2.0,micmac,D,Moyen
plot_04930,2.0,micmac,D,Moyen
plot_04931,2.0,micmac,D,Élevé
plot_04932,2.0,micmac,D,Élevé
plot_04933,2.0,micmac,C,Élevé
plot_04934,2.0,micmac,D,Moyen
plot_04935,2.0,micmac,C,Faible
plot_04936,2.0,micmac,M,Faible
plot_04937,1.0,micmac,C,Faible
plot_04938,1.0,micmac,D,Faible
plot_04939,1.0,micmac,D,Faible
plot_04940,1.0,micmac,D,Faible
plot_04941,1.0,micmac,D,Faible
plot_04942,1.0,micmac,C,Faible
plot_04943,1.0,micmac,C,Faible
plot_04944,1.0,micmac,D,Faible
plot_04945,1.0,micmac,D,Faible
plot_04946,1.0,micmac,D,Faible
plot_04947,1.0,micmac,D,Faible
plot_04948,1.0,micmac,D,Faible
plot_04949,1.0,micmac,D,Faible
plot_04950,1.0,micmac,D,Moyen
plot_04951,1.0,micmac,D,Faible
plot_04952,1.0,micmac,D,Faible
plot_04953,1.0,micmac,D,Faible
plot_04954,1.0,micmac,C,Faible
plot_04955,1.0,micmac,D,Faible
plot_04956,1.0,micmac,D,Faible
plot_04957,1.0,micmac,D,Faible
plot_04958,2.0,micmac,D,Faible
plot_04959,1.0,micmac,D,Faible
plot_04960,1.0,micmac,D,Faible
plot_04961,1.0,micmac,D,Faible
plot_04962,1.0,micmac,D,Faible
plot_04963,1.0,micmac,C,Faible
plot_04964,1.0,micmac,D,Faible
plot_04965,1.0,micmac,D,Faible
plot_04966,1.0,micmac,D,Faible
plot_04967,1.0,micmac,D,Faible
plot_04968,1.0,micmac,C,Faible
plot_04969,1.0,micmac,D,Faible
plot_04970,1.0,micmac,D,Faible
plot_04971,1.0,micmac,D,Faible
plot_04972,1.0,micmac,D,Faible
plot_04973,1.0,micmac,D,Faible
plot_04974,1.0,micmac,C,Faible
plot_04975,1.0,micmac,M,Faible
plot_04976,1.0,micmac,D,Faible
plot_04977,1.0,micmac,M,Faible
plot_04978,1.0,micmac,D,Faible
plot_04979,1.0,micmac,D,Faible
plot_04980,1.0,micmac,D,Faible
plot_04981,1.0,micmac,D,Faible
plot_04982,2.0,micmac,D,Faible
plot_04983,1.0,micmac,M,Faible
plot_04984,2.0,micmac,D,Faible
plot_04985,1.0,micmac,D,Faible
plot_04986,1.0,micmac,D,Faible
plot_04987,2.0,micmac,D,Faible
plot_04988,1.0,micmac,C,Faible
plot_04989,1.0,micmac,D,Faible
plot_04990,1.0,micmac,D,Faible
plot_04991,1.0,micmac,C,Faible
plot_04992,1.0,micmac,D,Faible
plot_04993,1.0,micmac,D,Faible
plot_04994,1.0,micmac,D,Faible
plot_04995,1.0,micmac,D,Faible
plot_04996,1.0,micmac,D,Faible
plot_04997,1.0,micmac,D,Faible
plot_04998,2.0,micmac,M,Faible
plot_04999,1.0,micmac,D,Faible
plot_05000,1.0,micmac,D,Faible
plot_05001,1.0,micmac,D,Faible
plot_05002,2.0,micmac,D,Faible
plot_05003,2.0,micmac,D,Faible
plot_05004,1.0,micmac,D,Faible
plot_05005,2.0,micmac,D,Moyen
plot_05006,2.0,micmac,D,Moyen
plot_05007,2.0,micmac,D,Moyen
plot_05008,2.0,micmac,D,Moyen
plot_05009,2.0,micmac,D,Moyen
plot_05010,2.0,micmac,D,Moyen
plot_05011,2.0,micmac,M,Moyen
plot_05012,2.0,micmac,M,Moyen
plot_05013,2.0,micmac,D,Moyen
plot_05014,2.0,micmac,D,Moyen
plot_05015,2.0,micmac,D,Moyen
plot_05016,2.0,micmac,D,Moyen
plot_05017,2.0,micmac,D,Moyen
plot_05018,2.0,micmac,D,Moyen
plot_05019,2.0,micmac,M,Moyen
plot_05020,2.0,micmac,D,Moyen
plot_05021,2.0,micmac,D,Moyen
plot_05022,2.0,micmac,C,Élevé
plot_05023,2.0,micmac,D,Moyen
plot_05024,2.0,micmac,C,Moyen
plot_05025,2.0,micmac,D,Moyen
plot_05026,2.0,micmac,D,Moyen
plot_05027,2.0,micmac,C,Moyen
plot_05028,2.0,micmac,D,Moyen
plot_05029,2.0,micmac,D,Élevé
plot_05030,2.0,micmac,D,Moyen
plot_05031,2.0,micmac,D,Moyen
plot_05032,2.0,micmac,D,Moyen
plot_05033,2.0,micmac,D,Moyen
plot_05034,2.0,micmac,D,Moyen
plot_05035,2.0,micmac,C,Élevé
plot_05036,2.0,micmac,D,Moyen
plot_05037,2.0,micmac,D,Moyen
plot_05038,2.0,micmac,C,Moyen
plot_05039,2.0,micmac,D,Moyen
plot_05040,2.0,micmac,D,Moyen
plot_05041,2.0,micmac,D,Moyen
plot_05042,2.0,micmac,M,Moyen
plot_05043,2.0,micmac,C,Moyen
plot_05044,2.0,micmac,M,Moyen
plot_05045,2.0,micmac,D,Moyen
plot_05046,2.0,micmac,D,Moyen
plot_05047,2.0,micmac,D,Moyen
plot_05048,2.0,micmac,D,Moyen
plot_05049,2.0,micmac,C,Moyen
plot_05050,2.0,micmac,D,Moyen
plot_05051,2.0,micmac,D,Élevé
plot_05052,2.0,micmac,C,Élevé
plot_05053,2.0,micmac,C,Élevé
plot_05069,2.0,micmac,D,Moyen
plot_05185,1.0,micmac,D,Faible
plot_05186,1.0,micmac,D,Faible
plot_05187,1.0,micmac,D,Faible
plot_05188,1.0,micmac,D,Faible
plot_05189,1.0,micmac,D,Faible
plot_05190,1.0,micmac,D,Faible
plot_05191,1.0,micmac,D,Moyen
plot_05192,1.0,micmac,D,Moyen
plot_05193,1.0,micmac,D,Faible
plot_05194,1.0,micmac,D,Faible
plot_05195,1.0,micmac,D,Moyen
plot_05196,1.0,micmac,D,Faible
plot_05197,1.0,micmac,D,Moyen
plot_05198,1.0,micmac,D,Faible
plot_05199,1.0,micmac,M,Faible
plot_05200,1.0,micmac,D,Moyen
plot_05201,1.0,micmac,D,Moyen
plot_05202,1.0,micmac,D,Moyen
plot_05203,1.0,micmac,D,Faible
plot_05204,1.0,micmac,D,Moyen
plot_05205,1.0,micmac,D,Moyen
plot_05206,1.0,micmac,D,Faible
plot_05207,1.0,micmac,D,Faible
plot_05208,1.0,micmac,D,Faible
plot_05209,1.0,micmac,D,Faible
plot_05210,1.0,micmac,M,Faible
plot_05211,1.0,micmac,D,Moyen
plot_05212,1.0,micmac,D,Moyen
plot_05213,1.0,micmac,D,Moyen
plot_05214,1.0,micmac,D,Moyen
plot_05215,1.0,micmac,D,Moyen
plot_05216,1.0,micmac,D,Moyen
plot_05217,1.0,micmac,D,Moyen
plot_05218,1.0,micmac,D,Moyen
plot_05219,1.0,micmac,M,Faible
plot_05220,1.0,micmac,C,Moyen
plot_05221,1.0,micmac,D,Faible
plot_05222,1.0,micmac,D,Moyen
plot_05223,1.0,micmac,D,Moyen
plot_05224,1.0,micmac,D,Moyen
plot_05225,1.0,micmac,D,Moyen
plot_05226,1.0,micmac,D,Faible
plot_05227,1.0,micmac,D,Moyen
plot_05228,1.0,micmac,D,Moyen
plot_05229,1.0,micmac,D,Moyen
plot_05230,1.0,micmac,D,Moyen
plot_05231,1.0,micmac,D,Faible
plot_05232,1.0,micmac,D,Faible
plot_05233,1.0,micmac,C,Moyen
plot_05234,1.0,micmac,D,Faible
plot_05235,1.0,micmac,D,Faible
plot_05236,2.0,micmac,D,Moyen
plot_05237,1.0,micmac,D,Moyen
plot_05238,1.0,micmac,D,Faible
plot_05239,2.0,micmac,C,Faible
plot_05240,1.0,micmac,D,Faible
plot_05241,2.0,micmac,D,Faible
plot_05242,2.0,micmac,M,Faible
plot_05243,2.0,micmac,D,Faible
plot_05244,2.0,micmac,D,Moyen
plot_05245,2.0,micmac,M,Faible
plot_05246,2.0,micmac,D,Faible
plot_05247,2.0,micmac,D,Moyen
plot_05248,2.0,micmac,D,Moyen
plot_05249,2.0,micmac,D,Faible
plot_05250,2.0,micmac,D,Faible
plot_05251,2.0,micmac,D,Moyen
plot_05252,2.0,micmac,D,Moyen
plot_05253,2.0,micmac,D,Moyen
plot_05254,2.0,micmac,D,Moyen
plot_05255,2.0,micmac,M,Faible
plot_05256,2.0,micmac,D,Moyen
plot_05257,2.0,micmac,D,Moyen
plot_05258,2.0,micmac,C,Moyen
plot_05259,2.0,micmac,D,Faible
plot_05260,2.0,micmac,D,Moyen
plot_05261,2.0,micmac,D,Faible
plot_05262,2.0,micmac,D,Moyen
plot_05263,2.0,micmac,D,Moyen
plot_05264,3.0,micmac,D,Moyen
plot_05265,2.0,micmac,D,Faible
plot_05266,2.0,micmac,D,Moyen
plot_05267,2.0,micmac,D,Moyen
plot_05268,2.0,micmac,D,Moyen
plot_05269,2.0,micmac,D,Moyen
plot_05270,2.0,micmac,D,Moyen
plot_05271,2.0,micmac,D,Moyen
plot_05272,2.0,micmac,C,Moyen
plot_05273,2.0,micmac,M,Moyen
plot_05274,3.0,micmac,D,Moyen
plot_05275,2.0,micmac,D,Moyen
plot_05276,2.0,micmac,D,Moyen
plot_05277,2.0,micmac,D,Faible
plot_05278,3.0,micmac,D,Moyen
plot_05279,2.0,micmac,D,Moyen
plot_05280,2.0,micmac,D,Moyen
plot_05281,2.0,micmac,D,Moyen
plot_05282,2.0,micmac,D,Moyen
plot_05283,2.0,micmac,D,Moyen
plot_05284,2.0,micmac,D,Moyen
plot_05285,2.0,micmac,D,Moyen
plot_05287,3.0,micmac,D,Élevé
plot_05288,3.0,micmac,M,Élevé
plot_05289,3.0,micmac,D,Élevé
plot_05290,2.0,micmac,D,Moyen
plot_05291,3.0,micmac,C,Élevé
plot_05292,2.0,micmac,D,Moyen
plot_05293,1.0,micmac,D,Faible
plot_05294,1.0,micmac,D,Faible
plot_05295,1.0,micmac,M,Faible
plot_05296,1.0,micmac,D,Faible
plot_05297,1.0,micmac,D,Faible
plot_05298,1.0,micmac,D,Faible
plot_05299,1.0,micmac,D,Faible
plot_05300,1.0,micmac,D,Faible
plot_05301,1.0,micmac,D,Faible
plot_05302,1.0,micmac,M,Faible
plot_05303,1.0,micmac,D,Faible
plot_05304,1.0,micmac,D,Faible
plot_05305,1.0,micmac,D,Faible
plot_05306,1.0,micmac,D,Faible
plot_05307,1.0,micmac,D,Faible
plot_05308,1.0,micmac,D,Faible
plot_05309,1.0,micmac,C,Faible
plot_05310,1.0,micmac,D,Faible
plot_05311,1.0,micmac,D,Faible
plot_05312,1.0,micmac,D,Faible
plot_05313,1.0,micmac,D,Faible
plot_05314,1.0,micmac,D,Faible
plot_05315,1.0,micmac,D,Faible
plot_05316,1.0,micmac,D,Faible
plot_05317,1.0,micmac,D,Faible
plot_05318,1.0,micmac,D,Faible
plot_05319,1.0,micmac,D,Faible
plot_05320,1.0,micmac,D,Faible
plot_05321,2.0,micmac,D,Faible
plot_05322,2.0,micmac,D,Faible
plot_05323,2.0,micmac,D,Faible
plot_05324,2.0,micmac,D,Moyen
plot_05325,2.0,micmac,D,Moyen
plot_05326,2.0,micmac,D,Moyen
plot_05327,2.0,micmac,M,Moyen
plot_05328,2.0,micmac,D,Moyen
plot_05329,2.0,micmac,M,Moyen
plot_05330,2.0,micmac,M,Moyen
plot_05331,2.0,micmac,D,Moyen
plot_05332,2.0,micmac,D,Moyen
plot_05333,2.0,micmac,D,Moyen
plot_05334,2.0,micmac,D,Moyen
plot_05335,2.0,micmac,D,Moyen
plot_05336,2.0,micmac,D,Moyen
plot_05337,2.0,micmac,D,Moyen
plot_05338,3.0,micmac,D,Élevé
plot_05339,3.0,micmac,D,Élevé
plot_05340,3.0,micmac,D,Moyen
plot_05341,2.0,micmac,D,Moyen
plot_05342,3.0,micmac,D,Élevé
plot_05343,3.0,micmac,M,Moyen
plot_05344,3.0,micmac,D,Élevé
plot_05345,3.0,micmac,D,Élevé
plot_05346,3.0,micmac,D,Moyen
plot_05347,3.0,micmac,D,Moyen
plot_05348,3.0,micmac,D,Élevé
plot_05349,3.0,micmac,D,Élevé
plot_05350,3.0,micmac,C,Moyen
plot_05351,3.0,micmac,D,Élevé
plot_05352,3.0,micmac,C,Élevé
plot_05353,3.0,micmac,D,Élevé
plot_05354,3.0,micmac,D,Moyen
plot_05355,3.0,micmac,M,Élevé
plot_05356,3.0,micmac,D,Élevé
plot_05357,3.0,micmac,C,Élevé
plot_05358,3.0,micmac,C,Élevé
plot_05359,3.0,micmac,D,Élevé
plot_05360,3.0,micmac,D,Élevé
plot_05361,3.0,micmac,D,Élevé
plot_05362,3.0,micmac,C,Élevé
plot_05363,3.0,micmac,M,Élevé
plot_05364,3.0,micmac,D,Élevé
plot_05365,3.0,micmac,D,Élevé
plot_05366,3.0,micmac,C,Élevé
plot_05367,3.0,micmac,D,Élevé
plot_05368,3.0,micmac,D,Élevé
plot_05369,3.0,micmac,M,Élevé
plot_05370,3.0,micmac,C,Élevé
plot_05371,3.0,micmac,D,Élevé
plot_05372,3.0,micmac,C,Élevé
plot_05373,3.0,micmac,D,Élevé
plot_05374,3.0,micmac,D,Élevé
plot_05375,3.0,micmac,C,Élevé
plot_05376,3.0,micmac,M,Élevé
plot_05377,3.0,micmac,D,Moyen
plot_05378,3.0,micmac,C,Élevé
plot_05379,2.0,micmac,D,Élevé
plot_05380,3.0,micmac,C,Élevé
plot_05381,3.0,micmac,D,Élevé
plot_05382,3.0,micmac,M,Élevé
plot_05383,3.0,micmac,D,Élevé
plot_05384,3.0,micmac,D,Élevé
plot_05385,3.0,micmac,D,Élevé
plot_05386,3.0,micmac,D,Moyen
plot_05387,3.0,micmac,D,Moyen
plot_05388,3.0,micmac,M,Élevé
plot_05389,3.0,micmac,C,Élevé
plot_05390,3.0,micmac,D,Élevé
plot_05391,3.0,micmac,D,Élevé
plot_05392,2.0,micmac,M,Moyen
plot_05393,3.0,micmac,M,Élevé
plot_05394,3.0,micmac,M,Élevé
plot_05396,3.0,micmac,D,Élevé
plot_05397,3.0,micmac,C,Élevé
plot_05398,3.0,micmac,D,Élevé
plot_05399,3.0,micmac,M,Élevé
plot_05400,2.0,micmac,D,Élevé
plot_05401,2.0,micmac,C,Moyen
plot_05402,2.0,micmac,D,Moyen
plot_05403,2.0,micmac,D,Moyen
plot_05404,3.0,micmac,D,Moyen
plot_05405,2.0,micmac,D,Élevé
plot_05406,3.0,micmac,D,Moyen
plot_05410,1.0,micmac,D,Faible
plot_05423,1.0,micmac,D,Faible
plot_05473,2.0,micmac,D,Moyen
plot_05474,2.0,micmac,D,Moyen
plot_05475,2.0,micmac,D,Moyen
plot_05476,1.0,micmac,D,Moyen
plot_05477,1.0,micmac,D,Moyen
plot_05478,1.0,micmac,D,Moyen
plot_05479,2.0,micmac,D,Moyen
plot_05480,1.0,micmac,D,Moyen
plot_05481,2.0,micmac,C,Moyen
plot_05482,2.0,micmac,D,Moyen
plot_05483,1.0,micmac,D,Moyen
plot_05484,2.0,micmac,D,Moyen
plot_05485,2.0,micmac,D,Moyen
plot_05486,1.0,micmac,C,Moyen
plot_05487,1.0,micmac,D,Moyen
plot_05488,1.0,micmac,D,Moyen
plot_05489,1.0,micmac,D,Moyen
plot_05490,1.0,micmac,D,Moyen
plot_05491,1.0,micmac,D,Moyen
plot_05492,2.0,micmac,C,Élevé
plot_05493,1.0,micmac,D,Moyen
plot_05494,2.0,micmac,D,Élevé
plot_05495,2.0,micmac,D,Moyen
plot_05496,2.0,micmac,D,Moyen
plot_05497,2.0,micmac,D,Moyen
plot_05498,2.0,micmac,D,Moyen
plot_05499,2.0,micmac,D,Moyen
plot_05500,2.0,micmac,D,Moyen
plot_05501,2.0,micmac,D,Moyen
plot_05502,2.0,micmac,D,Moyen
plot_05503,2.0,micmac,D,Moyen
plot_05504,2.0,micmac,D,Moyen
plot_05505,2.0,micmac,D,Moyen
plot_05506,2.0,micmac,D,Moyen
plot_05507,2.0,micmac,C,Moyen
plot_05508,2.0,micmac,D,Moyen
plot_05509,2.0,micmac,D,Moyen
plot_05510,2.0,micmac,D,Moyen
plot_05511,2.0,micmac,D,Moyen
plot_05512,2.0,micmac,D,Moyen
plot_05513,2.0,micmac,D,Moyen
plot_05514,3.0,micmac,D,Moyen
plot_05515,3.0,micmac,D,Moyen
plot_05516,3.0,micmac,C,Moyen
plot_05517,3.0,micmac,D,Moyen
plot_05518,3.0,micmac,C,Élevé
plot_05519,2.0,micmac,D,Moyen
plot_05520,3.0,micmac,C,Élevé
plot_05521,3.0,micmac,C,Élevé
plot_05522,2.0,micmac,D,Moyen
plot_05523,2.0,micmac,D,Moyen
plot_05524,3.0,micmac,C,Élevé
plot_05525,2.0,micmac,D,Élevé
plot_05526,2.0,micmac,D,Élevé
plot_05527,2.0,micmac,D,Élevé
plot_05528,2.0,micmac,D,Élevé
plot_05529,2.0,micmac,C,Élevé
plot_05530,3.0,micmac,D,Élevé
plot_05531,3.0,micmac,C,Élevé
plot_05532,3.0,micmac,D,Élevé
plot_05533,2.0,micmac,D,Élevé
plot_05534,2.0,micmac,D,Élevé
plot_05535,2.0,micmac,C,Élevé
plot_05536,3.0,micmac,D,Élevé
plot_05537,3.0,micmac,C,Élevé
plot_05538,3.0,micmac,D,Élevé
plot_05539,2.0,micmac,C,Élevé
plot_05540,2.0,micmac,C,Moyen
plot_05541,3.0,micmac,D,Élevé
plot_05542,3.0,micmac,D,Élevé
plot_05543,3.0,micmac,M,Élevé
plot_05544,3.0,micmac,D,Élevé
plot_05545,2.0,micmac,M,Moyen
plot_05546,2.0,micmac,C,Élevé
plot_05547,2.0,micmac,D,Moyen
plot_05548,3.0,micmac,M,Élevé
plot_05549,3.0,micmac,M,Élevé
plot_05550,3.0,micmac,D,Élevé
plot_05551,2.0,micmac,D,Élevé
plot_05552,2.0,micmac,D,Élevé
plot_05553,2.0,micmac,D,Moyen
plot_05554,2.0,micmac,D,Moyen
plot_05555,3.0,micmac,M,Élevé
plot_05556,3.0,micmac,M,Élevé
plot_05557,3.0,micmac,C,Élevé
plot_05558,3.0,micmac,D,Élevé
plot_05559,2.0,micmac,D,Élevé
plot_05560,2.0,micmac,M,Élevé
plot_05561,2.0,micmac,D,Moyen
plot_05562,3.0,micmac,M,Élevé
plot_05563,3.0,micmac,D,Élevé
plot_05564,3.0,micmac,D,Élevé
plot_05565,2.0,micmac,C,Élevé
plot_05566,2.0,micmac,D,Élevé
plot_05567,3.0,micmac,C,Élevé
plot_05568,3.0,micmac,C,Élevé
plot_05569,3.0,micmac,D,Élevé
plot_05570,3.0,micmac,M,Élevé
plot_05571,3.0,micmac,C,Élevé
plot_05572,3.0,micmac,D,Élevé
plot_05573,3.0,micmac,C,Élevé
plot_05574,3.0,micmac,M,Élevé
plot_05575,3.0,micmac,C,Élevé
plot_05576,3.0,micmac,C,Élevé
plot_05577,3.0,micmac,D,Élevé
plot_05578,3.0,micmac,M,Élevé
plot_05579,3.0,micmac,C,Élevé
plot_05580,3.0,micmac,C,Élevé
plot_05581,3.0,micmac,C,Élevé
plot_05582,3.0,micmac,C,Élevé
plot_05583,3.0,micmac,M,Élevé
plot_05584,3.0,micmac,C,Élevé
plot_05585,3.0,micmac,C,Élevé
plot_05586,3.0,micmac,C,Élevé
plot_05587,3.0,micmac,C,Élevé
plot_05588,3.0,micmac,C,Élevé
plot_05589,3.0,micmac,C,Élevé
plot_05590,3.0,micmac,D,Élevé
plot_05591,3.0,micmac,D,Élevé
plot_05592,3.0,micmac,C,Élevé
plot_05593,3.0,micmac,M,Élevé
plot_05594,3.0,micmac,C,Élevé
plot_05595,3.0,micmac,C,Élevé
plot_05596,3.0,micmac,D,Élevé
plot_05597,3.0,micmac,D,Élevé
plot_05598,3.0,micmac,C,Élevé
plot_05598,3.0,micmac,C,Élevé
plot_05598,3.0,micmac,C,Élevé
plot_05598,3.0,micmac,C,Élevé
plot_05599,3.0,micmac,C,Élevé
plot_05600,3.0,micmac,D,Élevé
plot_05601,3.0,micmac,M,Élevé
plot_05602,3.0,micmac,M,Élevé
plot_05603,3.0,micmac,C,Élevé
plot_05604,3.0,micmac,C,Élevé
plot_05605,3.0,micmac,C,Élevé
plot_05606,3.0,micmac,C,Élevé
plot_05607,3.0,micmac,C,Élevé
plot_05608,3.0,micmac,C,Élevé
plot_05609,3.0,micmac,C,Élevé
plot_05610,3.0,micmac,M,Élevé
plot_05611,3.0,micmac,C,Élevé
plot_05612,3.0,micmac,D,Élevé
plot_05613,3.0,micmac,D,Moyen
plot_05614,3.0,micmac,C,Élevé
plot_05615,3.0,micmac,C,Élevé
plot_05616,3.0,micmac,C,Élevé
plot_05617,3.0,micmac,C,Élevé
plot_05618,3.0,micmac,C,Élevé
plot_05619,3.0,micmac,C,Élevé
plot_05620,3.0,micmac,C,Élevé
plot_05621,3.0,micmac,C,Élevé
plot_05622,3.0,micmac,C,Élevé
plot_05623,3.0,micmac,C,Élevé
plot_05624,3.0,micmac,C,Élevé
plot_05625,3.0,micmac,C,Élevé
plot_05626,3.0,micmac,C,Élevé
plot_05627,3.0,micmac,M,Élevé
plot_05628,3.0,micmac,C,Élevé
plot_05629,3.0,micmac,C,Élevé
plot_05629,3.0,micmac,C,Élevé
plot_05629,3.0,micmac,C,Élevé
plot_05629,3.0,micmac,C,Élevé
plot_05630,3.0,micmac,C,Élevé
plot_05630,3.0,micmac,C,Élevé
plot_05630,3.0,micmac,C,Élevé
plot_05630,3.0,micmac,C,Élevé
plot_05631,3.0,micmac,C,Élevé
plot_05631,3.0,micmac,C,Élevé
plot_05631,3.0,micmac,C,Élevé
plot_05631,3.0,micmac,C,Élevé
plot_05632,3.0,micmac,M,Élevé
plot_05632,3.0,micmac,M,Élevé
plot_05632,3.0,micmac,M,Élevé
plot_05632,3.0,micmac,M,Élevé
plot_05633,3.0,micmac,D,Élevé
plot_05633,3.0,micmac,D,Élevé
plot_05633,3.0,micmac,D,Élevé
plot_05633,3.0,micmac,D,Élevé
plot_05634,3.0,micmac,C,Élevé
plot_05634,3.0,micmac,C,Élevé
plot_05634,3.0,micmac,C,Élevé
plot_05634,3.0,micmac,C,Élevé
plot_05635,3.0,micmac,D,Élevé
plot_05635,3.0,micmac,D,Élevé
plot_05635,3.0,micmac,D,Élevé
plot_05635,3.0,micmac,D,Élevé
plot_05636,3.0,micmac,D,Élevé
plot_05636,3.0,micmac,D,Élevé
plot_05636,3.0,micmac,D,Élevé
plot_05636,3.0,micmac,D,Élevé
plot_05637,3.0,micmac,D,Élevé
plot_05637,3.0,micmac,D,Élevé
plot_05637,3.0,micmac,D,Élevé
plot_05637,3.0,micmac,D,Élevé
plot_05638,3.0,micmac,C,Élevé
plot_05638,3.0,micmac,C,Élevé
plot_05638,3.0,micmac,C,Élevé
plot_05638,3.0,micmac,C,Élevé
plot_05639,3.0,micmac,C,Élevé
plot_05639,3.0,micmac,C,Élevé
plot_05639,3.0,micmac,C,Élevé
plot_05639,3.0,micmac,C,Élevé
plot_05640,3.0,micmac,C,Élevé
plot_05640,3.0,micmac,C,Élevé
plot_05640,3.0,micmac,C,Élevé
plot_05640,3.0,micmac,C,Élevé
plot_05641,3.0,micmac,D,Élevé
plot_05641,3.0,micmac,D,Élevé
plot_05641,3.0,micmac,D,Élevé
plot_05641,3.0,micmac,D,Élevé
plot_05642,3.0,micmac,C,Élevé
plot_05642,3.0,micmac,C,Élevé
plot_05642,3.0,micmac,C,Élevé
plot_05642,3.0,micmac,C,Élevé
plot_05643,3.0,micmac,D,Élevé
plot_05643,3.0,micmac,D,Élevé
plot_05643,3.0,micmac,D,Élevé
plot_05643,3.0,micmac,D,Élevé
plot_05644,3.0,micmac,D,Élevé
plot_05644,3.0,micmac,D,Élevé
plot_05644,3.0,micmac,D,Élevé
plot_05644,3.0,micmac,D,Élevé
plot_05645,3.0,micmac,M,Élevé
plot_05645,3.0,micmac,M,Élevé
plot_05645,3.0,micmac,M,Élevé
plot_05645,3.0,micmac,M,Élevé
plot_05646,3.0,micmac,M,Élevé
plot_05646,3.0,micmac,M,Élevé
plot_05646,3.0,micmac,M,Élevé
plot_05646,3.0,micmac,M,Élevé
plot_05647,3.0,micmac,D,Élevé
plot_05647,3.0,micmac,D,Élevé
plot_05647,3.0,micmac,D,Élevé
plot_05647,3.0,micmac,D,Élevé
plot_05648,3.0,micmac,D,Moyen
plot_05648,3.0,micmac,D,Moyen
plot_05648,3.0,micmac,D,Moyen
plot_05648,3.0,micmac,D,Moyen
plot_05649,3.0,micmac,C,Élevé
plot_05649,3.0,micmac,C,Élevé
plot_05649,3.0,micmac,C,Élevé
plot_05649,3.0,micmac,C,Élevé
plot_05650,3.0,micmac,C,Élevé
plot_05650,3.0,micmac,C,Élevé
plot_05650,3.0,micmac,C,Élevé
plot_05650,3.0,micmac,C,Élevé
plot_05651,3.0,micmac,C,Élevé
plot_05651,3.0,micmac,C,Élevé
plot_05651,3.0,micmac,C,Élevé
plot_05651,3.0,micmac,C,Élevé
plot_05652,3.0,micmac,C,Élevé
plot_05652,3.0,micmac,C,Élevé
plot_05652,3.0,micmac,C,Élevé
plot_05652,3.0,micmac,C,Élevé
plot_05653,3.0,micmac,C,Élevé
plot_05653,3.0,micmac,C,Élevé
plot_05653,3.0,micmac,C,Élevé
plot_05653,3.0,micmac,C,Élevé
plot_05654,3.0,micmac,D,Élevé
plot_05654,3.0,micmac,D,Élevé
plot_05654,3.0,micmac,D,Élevé
plot_05654,3.0,micmac,D,Élevé
plot_05655,3.0,micmac,D,Élevé
plot_05655,3.0,micmac,D,Élevé
plot_05655,3.0,micmac,D,Élevé
plot_05655,3.0,micmac,D,Élevé
plot_05656,3.0,micmac,D,Moyen
plot_05656,3.0,micmac,D,Moyen
plot_05656,3.0,micmac,D,Moyen
plot_05656,3.0,micmac,D,Moyen
plot_05657,3.0,micmac,C,Moyen
plot_05657,3.0,micmac,C,Moyen
plot_05657,3.0,micmac,C,Moyen
plot_05657,3.0,micmac,C,Moyen
plot_05658,3.0,micmac,C,Élevé
plot_05658,3.0,micmac,C,Élevé
plot_05658,3.0,micmac,C,Élevé
plot_05658,3.0,micmac,C,Élevé
plot_05659,3.0,micmac,C,Élevé
plot_05659,3.0,micmac,C,Élevé
plot_05659,3.0,micmac,C,Élevé
plot_05659,3.0,micmac,C,Élevé
plot_05660,3.0,micmac,D,Élevé
plot_05660,3.0,micmac,D,Élevé
plot_05660,3.0,micmac,D,Élevé
plot_05660,3.0,micmac,D,Élevé
plot_05661,3.0,micmac,D,Moyen
plot_05661,3.0,micmac,D,Moyen
plot_05661,3.0,micmac,D,Moyen
plot_05661,3.0,micmac,D,Moyen
plot_05662,3.0,micmac,C,Faible
plot_05662,3.0,micmac,C,Faible
plot_05662,3.0,micmac,C,Faible
plot_05662,3.0,micmac,C,Faible
plot_05663,3.0,micmac,D,Élevé
plot_05663,3.0,micmac,D,Élevé
plot_05663,3.0,micmac,D,Élevé
plot_05663,3.0,micmac,D,Élevé
plot_05664,3.0,micmac,M,Moyen
plot_05664,3.0,micmac,M,Moyen
plot_05664,3.0,micmac,M,Moyen
plot_05664,3.0,micmac,M,Moyen
plot_05665,3.0,micmac,D,Moyen
plot_05665,3.0,micmac,D,Moyen
plot_05665,3.0,micmac,D,Moyen
plot_05665,3.0,micmac,D,Moyen
plot_05666,3.0,micmac,D,Faible
plot_05666,3.0,micmac,D,Faible
plot_05666,3.0,micmac,D,Faible
plot_05666,3.0,micmac,D,Faible
plot_05667,3.0,micmac,C,Élevé
plot_05667,3.0,micmac,C,Élevé
plot_05667,3.0,micmac,C,Élevé
plot_05667,3.0,micmac,C,Élevé
plot_05668,3.0,micmac,M,Élevé
plot_05668,3.0,micmac,M,Élevé
plot_05668,3.0,micmac,M,Élevé
plot_05668,3.0,micmac,M,Élevé
plot_05669,3.0,micmac,D,Élevé
plot_05669,3.0,micmac,D,Élevé
plot_05669,3.0,micmac,D,Élevé
plot_05669,3.0,micmac,D,Élevé
plot_05670,3.0,micmac,D,Élevé
plot_05670,3.0,micmac,D,Élevé
plot_05670,3.0,micmac,D,Élevé
plot_05670,3.0,micmac,D,Élevé
plot_05671,3.0,micmac,C,Élevé
plot_05671,3.0,micmac,C,Élevé
plot_05671,3.0,micmac,C,Élevé
plot_05671,3.0,micmac,C,Élevé
plot_05672,3.0,micmac,C,Moyen
plot_05672,3.0,micmac,C,Moyen
plot_05672,3.0,micmac,C,Moyen
plot_05672,3.0,micmac,C,Moyen
plot_05673,3.0,micmac,M,Élevé
plot_05673,3.0,micmac,M,Élevé
plot_05673,3.0,micmac,M,Élevé
plot_05673,3.0,micmac,M,Élevé
plot_05674,3.0,micmac,D,Élevé
plot_05674,3.0,micmac,D,Élevé
plot_05674,3.0,micmac,D,Élevé
plot_05674,3.0,micmac,D,Élevé
plot_05675,3.0,micmac,D,Élevé
plot_05675,3.0,micmac,D,Élevé
plot_05675,3.0,micmac,D,Élevé
plot_05675,3.0,micmac,D,Élevé
plot_05676,3.0,micmac,D,Élevé
plot_05676,3.0,micmac,D,Élevé
plot_05676,3.0,micmac,D,Élevé
plot_05676,3.0,micmac,D,Élevé
plot_05677,2.0,micmac,C,Élevé
plot_05678,2.0,micmac,M,Élevé
plot_05679,2.0,micmac,M,Élevé
plot_05680,2.0,micmac,C,Élevé
plot_05681,2.0,micmac,D,Élevé
plot_05682,2.0,micmac,D,Élevé
plot_05683,2.0,micmac,M,Élevé
plot_05684,2.0,micmac,D,Élevé
plot_05685,2.0,micmac,D,Élevé
plot_05686,2.0,micmac,D,Élevé
plot_05687,3.0,micmac,C,Élevé
plot_05688,2.0,micmac,C,Élevé
plot_05689,2.0,micmac,D,Élevé
plot_05690,3.0,micmac,M,Élevé
plot_05691,2.0,micmac,D,Élevé
plot_05692,2.0,micmac,D,Élevé
plot_05693,3.0,micmac,D,Élevé
plot_05694,3.0,micmac,C,Élevé
plot_05695,3.0,micmac,C,Élevé
plot_05696,3.0,micmac,C,Élevé
plot_05697,3.0,micmac,M,Élevé
plot_05698,3.0,micmac,D,Élevé
plot_05699,3.0,micmac,M,Élevé
plot_05700,3.0,micmac,M,Élevé
plot_05701,3.0,micmac,D,Élevé
plot_05702,3.0,micmac,D,Élevé
plot_05703,3.0,micmac,D,Élevé
plot_05704,3.0,micmac,D,Élevé
plot_05705,3.0,micmac,D,Moyen
plot_05706,3.0,micmac,M,Moyen
plot_05707,3.0,micmac,C,Moyen
plot_05708,3.0,micmac,M,Élevé
plot_05709,3.0,micmac,M,Élevé
plot_05710,3.0,micmac,C,Élevé
plot_05711,3.0,micmac,M,Élevé
plot_05712,3.0,micmac,C,Élevé
plot_05713,3.0,micmac,C,Élevé
plot_05714,3.0,micmac,C,Élevé
plot_05715,3.0,micmac,C,Élevé
plot_05716,3.0,micmac,C,Élevé
plot_05717,3.0,micmac,D,Élevé
plot_05718,3.0,micmac,C,Moyen
plot_05719,2.0,micmac,D,Faible
plot_05720,3.0,micmac,D,Élevé
plot_05721,3.0,micmac,C,Élevé
plot_05722,3.0,micmac,M,Élevé
plot_05723,3.0,micmac,C,Élevé
plot_05724,3.0,micmac,D,Moyen
plot_05725,3.0,micmac,M,Moyen
plot_05726,3.0,micmac,M,Moyen
plot_05727,2.0,micmac,D,Moyen
plot_05728,2.0,micmac,D,Moyen
plot_05729,3.0,micmac,D,Moyen
plot_05730,3.0,micmac,D,Élevé
plot_05731,3.0,micmac,D,Moyen
plot_05732,3.0,micmac,C,Élevé
plot_05733,3.0,micmac,C,Moyen
plot_05734,2.0,micmac,D,Moyen
plot_05735,3.0,micmac,D,Moyen
plot_05736,3.0,micmac,D,Élevé
plot_05737,3.0,micmac,C,Moyen
plot_05738,3.0,micmac,M,Moyen
plot_05739,3.0,micmac,C,Élevé
plot_05740,3.0,micmac,D,Moyen
plot_05741,3.0,micmac,D,Élevé
plot_05742,2.0,micmac,C,Moyen
plot_05743,2.0,micmac,D,Élevé
plot_05744,2.0,micmac,D,Moyen
plot_05745,2.0,micmac,D,Moyen
plot_05746,3.0,micmac,M,Élevé
plot_05747,3.0,micmac,D,Moyen
plot_05748,3.0,micmac,D,Moyen
plot_05749,2.0,micmac,D,Élevé
plot_05750,2.0,micmac,D,Moyen
plot_05751,2.0,micmac,D,Faible
plot_05752,2.0,micmac,D,Moyen
plot_05753,2.0,micmac,D,Faible
plot_05754,2.0,micmac,D,Faible
plot_05755,2.0,micmac,M,Faible
plot_05756,2.0,micmac,D,Faible
plot_05757,1.0,micmac,D,Moyen
plot_05758,1.0,micmac,D,Moyen
plot_05759,1.0,micmac,M,Moyen
plot_05760,2.0,micmac,D,Moyen
plot_05761,1.0,micmac,D,Faible
plot_05762,1.0,micmac,D,Faible
plot_05763,1.0,micmac,C,Faible
plot_05764,1.0,micmac,C,Moyen
plot_05765,2.0,micmac,D,Faible
plot_05766,1.0,micmac,D,Faible
plot_05767,2.0,micmac,M,Moyen
plot_05768,2.0,micmac,C,Faible
plot_05769,1.0,micmac,D,Faible
plot_05770,1.0,micmac,M,Faible
plot_05771,2.0,micmac,D,Faible
plot_05772,1.0,micmac,D,Faible
plot_05773,1.0,micmac,M,Moyen
plot_05774,1.0,micmac,D,Moyen
plot_05775,2.0,micmac,D,Faible
plot_05776,2.0,micmac,D,Moyen
plot_05777,1.0,micmac,D,Faible
plot_05778,2.0,micmac,D,Moyen
plot_05779,1.0,micmac,D,Moyen
plot_05780,1.0,micmac,C,Moyen
plot_05781,1.0,micmac,D,Moyen
plot_05782,1.0,micmac,C,Moyen
plot_05783,1.0,micmac,C,Moyen
plot_05784,1.0,micmac,C,Moyen
plot_05785,1.0,micmac,C,Moyen
plot_05786,2.0,micmac,D,Faible
plot_05787,1.0,micmac,D,Moyen
plot_05788,1.0,micmac,D,Moyen
plot_05789,1.0,micmac,D,Faible
plot_05790,2.0,micmac,D,Faible
plot_05791,1.0,micmac,D,Moyen
plot_05792,1.0,micmac,D,Moyen
plot_05793,1.0,micmac,D,Faible
plot_05794,2.0,micmac,D,Moyen
plot_05795,2.0,micmac,D,Faible
plot_05796,1.0,micmac,D,Moyen
plot_05797,1.0,micmac,C,Moyen
plot_05798,2.0,micmac,D,Faible
plot_05799,2.0,micmac,D,Moyen
plot_05800,2.0,micmac,D,Moyen
plot_05801,1.0,micmac,C,Moyen
plot_05802,2.0,micmac,D,Moyen
plot_05803,2.0,micmac,D,Faible
plot_05804,1.0,micmac,D,Faible
plot_05805,1.0,micmac,D,Faible
plot_05806,1.0,micmac,D,Faible
plot_05807,1.0,micmac,D,Moyen
plot_05808,1.0,micmac,D,Moyen
plot_05809,2.0,micmac,D,Moyen
plot_05810,1.0,micmac,D,Faible
plot_05811,1.0,micmac,D,Faible
plot_05812,2.0,micmac,D,Faible
plot_05813,2.0,micmac,D,Moyen
plot_05814,1.0,micmac,C,Faible
plot_05815,2.0,micmac,D,Faible
plot_05816,2.0,micmac,D,Moyen
plot_05817,1.0,micmac,D,Moyen
plot_05818,2.0,micmac,D,Moyen
plot_05819,2.0,micmac,D,Moyen
plot_05820,3.0,micmac,D,Élevé
plot_05821,3.0,micmac,D,Élevé
plot_05822,3.0,micmac,D,Élevé
plot_05823,3.0,micmac,D,Élevé
plot_05824,2.0,micmac,D,Élevé
plot_05825,3.0,micmac,D,Élevé
plot_05826,3.0,micmac,D,Élevé
plot_05827,3.0,micmac,M,Élevé
plot_05828,3.0,micmac,D,Élevé
plot_05829,2.0,micmac,D,Moyen
plot_05830,2.0,micmac,D,Moyen
plot_05831,3.0,micmac,D,Élevé
plot_05832,3.0,micmac,D,Élevé
plot_05833,2.0,micmac,D,Moyen
plot_05834,2.0,micmac,D,Moyen
plot_05835,2.0,micmac,D,Moyen
plot_05836,3.0,micmac,D,Élevé
plot_05837,2.0,micmac,D,Moyen
plot_05838,3.0,micmac,D,Élevé
plot_05839,3.0,micmac,D,Élevé
plot_05840,3.0,micmac,D,Élevé
plot_05841,3.0,micmac,D,Élevé
plot_05842,2.0,micmac,D,Moyen
plot_05843,3.0,micmac,D,Élevé
plot_05844,3.0,micmac,D,Élevé
plot_05845,3.0,micmac,D,Élevé
plot_05846,2.0,micmac,M,Moyen
plot_05847,3.0,micmac,D,Élevé
plot_05848,3.0,micmac,C,Élevé
plot_05849,3.0,micmac,D,Élevé
plot_05850,2.0,micmac,M,Moyen
plot_05851,2.0,micmac,D,Moyen
plot_05852,3.0,micmac,D,Élevé
plot_05853,3.0,micmac,D,Élevé
plot_05854,3.0,micmac,D,Moyen
plot_05855,3.0,micmac,D,Élevé
plot_05856,3.0,micmac,D,Élevé
plot_05857,3.0,micmac,M,Élevé
plot_05858,3.0,micmac,M,Élevé
plot_05859,3.0,micmac,D,Élevé
plot_05860,2.0,micmac,D,Moyen
plot_05861,3.0,micmac,D,Élevé
plot_05862,3.0,micmac,D,Élevé
plot_05863,3.0,micmac,D,Élevé
plot_05864,1.0,micmac,D,Faible
plot_05865,1.0,micmac,D,Faible
plot_05866,1.0,micmac,D,Faible
plot_05867,1.0,micmac,C,Faible
plot_05868,1.0,micmac,D,Faible
plot_05869,1.0,micmac,D,Faible
plot_05870,1.0,micmac,D,Faible
plot_05871,1.0,micmac,D,Moyen
plot_05872,1.0,micmac,M,Moyen
plot_05873,1.0,micmac,D,Faible
plot_05874,1.0,micmac,D,Moyen
plot_05875,1.0,micmac,D,Moyen
plot_05876,1.0,micmac,D,Moyen
plot_05877,1.0,micmac,D,Moyen
plot_05878,1.0,micmac,D,Faible
plot_05879,1.0,micmac,D,Faible
plot_05880,1.0,micmac,D,Faible
plot_05881,1.0,micmac,M,Faible
plot_05882,1.0,micmac,D,Faible
plot_05883,1.0,micmac,D,Faible
plot_05884,1.0,micmac,D,Faible
plot_05885,1.0,micmac,D,Faible
plot_05886,1.0,micmac,D,Faible
plot_05887,1.0,micmac,D,Faible
plot_05888,1.0,micmac,D,Faible
plot_05889,1.0,micmac,D,Moyen
plot_05890,1.0,micmac,D,Faible
plot_05891,1.0,micmac,D,Faible
plot_05892,1.0,micmac,D,Faible
plot_05893,1.0,micmac,D,Moyen
plot_05894,1.0,micmac,M,Faible
plot_05895,1.0,micmac,D,Faible
plot_05896,1.0,micmac,D,Faible
plot_05897,1.0,micmac,D,Faible
plot_05898,1.0,micmac,D,Faible
plot_05899,1.0,micmac,D,Faible
plot_05900,1.0,micmac,D,Faible
plot_05901,2.0,micmac,C,Faible
plot_05902,2.0,micmac,D,Moyen
plot_05903,1.0,micmac,D,Faible
plot_05904,1.0,micmac,D,Faible
plot_05905,1.0,micmac,D,Faible
plot_05906,2.0,micmac,D,Moyen
plot_05907,2.0,micmac,M,Faible
plot_05908,1.0,micmac,D,Faible
plot_05909,2.0,micmac,M,Moyen
plot_05910,1.0,micmac,D,Faible
plot_05911,2.0,micmac,D,Faible
plot_05912,2.0,micmac,D,Faible
plot_05913,2.0,micmac,D,Faible
plot_05914,2.0,micmac,D,Moyen
plot_05915,2.0,micmac,C,Moyen
plot_05916,2.0,micmac,D,Moyen
plot_05917,2.0,micmac,M,Moyen
plot_05918,2.0,micmac,D,Moyen
plot_05919,2.0,micmac,D,Moyen
plot_05920,2.0,micmac,D,Moyen
plot_05921,2.0,micmac,D,Moyen
plot_05923,2.0,micmac,D,Moyen
plot_05924,2.0,micmac,D,Moyen
plot_05925,2.0,micmac,D,Moyen
plot_05926,2.0,micmac,D,Moyen
plot_05927,2.0,micmac,D,Moyen
plot_05928,2.0,micmac,D,Moyen
plot_05929,3.0,micmac,D,Moyen
plot_05930,2.0,micmac,D,Moyen
plot_05931,3.0,micmac,C,Élevé
plot_05932,3.0,micmac,D,Moyen
plot_05933,2.0,micmac,D,Moyen
plot_05934,3.0,micmac,D,Élevé
plot_05935,3.0,micmac,D,Élevé
plot_05936,2.0,micmac,D,Moyen
plot_05937,2.0,micmac,D,Élevé
plot_05938,3.0,micmac,D,Élevé
plot_05939,3.0,micmac,M,Élevé
plot_05940,3.0,micmac,C,Élevé
plot_05941,2.0,micmac,M,Moyen
plot_05942,2.0,micmac,D,Faible
plot_05943,2.0,micmac,D,Moyen
plot_05944,3.0,micmac,D,Élevé
plot_05945,3.0,micmac,D,Élevé
plot_05946,2.0,micmac,D,Élevé
plot_05947,2.0,micmac,C,Faible
plot_05948,2.0,micmac,D,Moyen
plot_05949,2.0,micmac,C,Moyen
plot_05950,3.0,micmac,C,Élevé
plot_05951,3.0,micmac,C,Élevé
plot_05952,2.0,micmac,D,Faible
plot_05953,2.0,micmac,C,Moyen
plot_05954,2.0,micmac,D,Moyen
plot_05955,2.0,micmac,C,Élevé
plot_05956,2.0,micmac,C,Moyen
plot_05957,3.0,micmac,M,Élevé
plot_05958,3.0,micmac,M,Élevé
plot_05959,2.0,micmac,D,Faible
plot_05960,2.0,micmac,M,Élevé
plot_05961,2.0,micmac,D,Élevé
plot_05962,3.0,micmac,C,Élevé
plot_05963,2.0,micmac,M,Moyen
plot_05964,2.0,micmac,D,Moyen
plot_05965,2.0,micmac,D,Élevé
plot_05966,2.0,micmac,D,Élevé
plot_05967,2.0,micmac,C,Élevé
plot_05968,2.0,micmac,C,Moyen
plot_05969,2.0,micmac,D,Élevé
plot_05970,2.0,micmac,C,Moyen
plot_05971,2.0,micmac,C,Moyen
plot_05972,2.0,micmac,D,Moyen
plot_05973,2.0,micmac,D,Faible
plot_05974,2.0,micmac,C,Moyen
plot_05975,2.0,micmac,C,Faible
plot_05976,2.0,micmac,C,Moyen
plot_05977,2.0,micmac,D,Moyen
plot_05978,2.0,micmac,C,Moyen
plot_05979,2.0,micmac,D,Faible
plot_05980,2.0,micmac,D,Moyen
plot_05981,2.0,micmac,D,Moyen
plot_05982,2.0,micmac,D,Moyen
plot_05983,2.0,micmac,D,Moyen
plot_05984,2.0,micmac,D,Moyen
plot_05985,2.0,micmac,D,Moyen
plot_05986,2.0,micmac,D,Moyen
plot_05987,2.0,micmac,D,Moyen
plot_05988,2.0,micmac,D,Moyen
plot_05989,2.0,micmac,D,Moyen
plot_05990,2.0,micmac,D,Moyen
plot_05991,2.0,micmac,D,Moyen
plot_05992,2.0,micmac,D,Moyen
plot_05993,2.0,micmac,D,Moyen
plot_05994,2.0,micmac,D,Moyen
plot_05995,2.0,micmac,D,Moyen
plot_05996,2.0,micmac,D,Moyen
plot_05997,2.0,micmac,D,Moyen
plot_05998,2.0,micmac,D,Élevé
plot_05999,2.0,micmac,D,Moyen
plot_06000,2.0,micmac,D,Moyen
plot_06001,2.0,micmac,D,Élevé
plot_06002,2.0,micmac,D,Élevé
plot_06003,2.0,micmac,D,Moyen
plot_06004,2.0,micmac,D,Moyen
plot_06005,2.0,micmac,D,Élevé
plot_06006,2.0,micmac,D,Élevé
plot_06007,2.0,micmac,D,Moyen
plot_06008,2.0,micmac,D,Moyen
plot_06009,2.0,micmac,D,Élevé
plot_06010,2.0,micmac,D,Élevé
plot_06011,2.0,micmac,D,Élevé
plot_06012,2.0,micmac,M,Élevé
plot_06013,2.0,micmac,D,Élevé
plot_06014,2.0,micmac,D,Élevé
plot_06015,2.0,micmac,D,Élevé
plot_06016,2.0,micmac,C,Élevé
plot_06017,2.0,micmac,D,Élevé
plot_06018,2.0,micmac,D,Moyen
plot_06019,2.0,micmac,D,Moyen
plot_06020,2.0,micmac,D,Élevé
plot_06021,2.0,micmac,D,Élevé
plot_06022,2.0,micmac,D,Élevé
plot_06023,2.0,micmac,D,Élevé
plot_06024,2.0,micmac,C,Élevé
plot_06025,2.0,micmac,D,Élevé
plot_06026,2.0,micmac,D,Moyen
plot_06027,2.0,micmac,D,Élevé
plot_06028,2.0,micmac,D,Élevé
plot_06029,2.0,micmac,D,Élevé
plot_06030,2.0,micmac,D,Moyen
plot_06031,2.0,micmac,D,Élevé
plot_06032,2.0,micmac,D,Élevé
plot_06033,2.0,micmac,D,Moyen
plot_06034,2.0,micmac,D,Élevé
plot_06035,3.0,micmac,D,Élevé
plot_06036,2.0,micmac,D,Élevé
plot_06037,2.0,micmac,C,Élevé
plot_06038,2.0,micmac,D,Élevé
plot_06039,2.0,micmac,D,Élevé
plot_06040,2.0,micmac,D,Élevé
plot_06041,2.0,micmac,D,Élevé
plot_06042,2.0,micmac,D,Moyen
plot_06043,2.0,micmac,D,Moyen
plot_06044,2.0,micmac,D,Élevé
plot_06045,3.0,micmac,D,Élevé
plot_06046,2.0,micmac,D,Élevé
plot_06047,2.0,micmac,D,Élevé
plot_06048,2.0,micmac,C,Élevé
plot_06049,2.0,micmac,D,Élevé
plot_06050,2.0,micmac,C,Élevé
plot_06051,2.0,micmac,D,Moyen
plot_06052,2.0,micmac,C,Élevé
plot_06053,2.0,micmac,D,Élevé
plot_06054,2.0,micmac,D,Élevé
plot_06055,2.0,micmac,D,Élevé
plot_06056,2.0,micmac,D,Élevé
plot_06057,2.0,micmac,M,Élevé
plot_06058,2.0,micmac,D,Élevé
plot_06059,2.0,micmac,D,Moyen
plot_06060,2.0,micmac,D,Élevé
plot_06061,2.0,micmac,C,Élevé
plot_06062,3.0,micmac,D,Élevé
plot_06063,3.0,micmac,D,Élevé
plot_06064,3.0,micmac,D,Élevé
plot_06065,2.0,micmac,C,Élevé
plot_06066,2.0,micmac,D,Élevé
plot_06067,2.0,micmac,D,Élevé
plot_06068,2.0,micmac,D,Élevé
plot_06069,2.0,micmac,C,Faible
plot_06070,2.0,micmac,D,Faible
plot_06071,2.0,micmac,D,Moyen
plot_06072,2.0,micmac,C,Faible
plot_06073,2.0,micmac,M,Faible
plot_06074,2.0,micmac,C,Faible
plot_06075,2.0,micmac,M,Moyen
plot_06076,2.0,micmac,C,Moyen
plot_06077,2.0,micmac,M,Moyen
plot_06078,2.0,micmac,C,Faible
plot_06079,2.0,micmac,C,Moyen
plot_06080,2.0,micmac,D,Faible
plot_06081,2.0,micmac,C,Faible
plot_06082,2.0,micmac,C,Moyen
plot_06083,2.0,micmac,C,Moyen
plot_06084,2.0,micmac,D,Faible
plot_06085,2.0,micmac,M,Moyen
plot_06086,2.0,micmac,D,Faible
plot_06087,2.0,micmac,M,Moyen
plot_06088,2.0,micmac,C,Moyen
plot_06089,2.0,micmac,M,Moyen
plot_06090,2.0,micmac,C,Moyen
plot_06091,2.0,micmac,C,Moyen
plot_06092,2.0,micmac,C,Moyen
plot_06093,2.0,micmac,M,Élevé
plot_06094,2.0,micmac,C,Faible
plot_06095,2.0,micmac,C,Moyen
plot_06096,2.0,micmac,C,Moyen
plot_06097,1.0,micmac,D,Faible
plot_06098,1.0,micmac,C,Faible
plot_06099,1.0,micmac,D,Moyen
plot_06100,1.0,micmac,C,Moyen
plot_06101,1.0,micmac,D,Moyen
plot_06102,1.0,micmac,D,Moyen
plot_06103,1.0,micmac,M,Faible
plot_06104,1.0,micmac,D,Faible
plot_06105,1.0,micmac,D,Faible
plot_06106,1.0,micmac,D,Faible
plot_06107,1.0,micmac,D,Faible
plot_06108,1.0,micmac,D,Moyen
plot_06109,1.0,micmac,D,Faible
plot_06110,1.0,micmac,D,Faible
plot_06111,1.0,micmac,C,Moyen
plot_06112,1.0,micmac,D,Faible
plot_06113,1.0,micmac,D,Faible
plot_06114,1.0,micmac,D,Faible
plot_06115,1.0,micmac,M,Faible
plot_06116,1.0,micmac,D,Faible
plot_06117,1.0,micmac,D,Faible
plot_06118,1.0,micmac,C,Faible
plot_06119,2.0,micmac,M,Élevé
plot_06120,2.0,micmac,D,Moyen
plot_06121,2.0,micmac,D,Moyen
plot_06122,2.0,micmac,M,Élevé
plot_06123,2.0,micmac,D,Élevé
plot_06124,3.0,micmac,D,Élevé
plot_06125,2.0,micmac,M,Élevé
plot_06126,3.0,micmac,D,Élevé
plot_06127,2.0,micmac,C,Élevé
plot_06128,2.0,micmac,D,Moyen
plot_06129,3.0,micmac,D,Élevé
plot_06130,2.0,micmac,D,Élevé
plot_06131,2.0,micmac,D,Élevé
plot_06132,2.0,micmac,D,Élevé
plot_06133,3.0,micmac,D,Élevé
plot_06134,3.0,micmac,D,Élevé
plot_06135,3.0,micmac,D,Élevé
plot_06136,2.0,micmac,D,Élevé
plot_06137,2.0,micmac,D,Moyen
plot_06138,2.0,micmac,D,Moyen
plot_06139,3.0,micmac,D,Élevé
plot_06140,3.0,micmac,D,Élevé
plot_06141,2.0,micmac,D,Élevé
plot_06142,3.0,micmac,M,Élevé
plot_06143,2.0,micmac,D,Élevé
plot_06144,3.0,micmac,D,Élevé
plot_06145,3.0,micmac,D,Élevé
plot_06146,3.0,micmac,D,Élevé
plot_06147,3.0,micmac,M,Élevé
plot_06148,3.0,micmac,D,Élevé
plot_06149,3.0,micmac,D,Élevé
plot_06150,2.0,micmac,D,Élevé
plot_06151,3.0,micmac,M,Élevé
plot_06152,3.0,micmac,D,Élevé
plot_06153,3.0,micmac,D,Élevé
plot_06154,2.0,micmac,D,Élevé
plot_06155,3.0,micmac,D,Élevé
plot_06156,3.0,micmac,D,Élevé
plot_06157,3.0,micmac,C,Élevé
plot_06158,3.0,micmac,M,Élevé
plot_06159,3.0,micmac,D,Élevé
plot_06160,3.0,micmac,D,Élevé
plot_06161,2.0,micmac,M,Élevé
plot_06162,2.0,micmac,M,Élevé
plot_06163,2.0,micmac,D,Élevé
plot_06164,2.0,micmac,D,Élevé
plot_06165,2.0,micmac,D,Élevé
plot_06166,2.0,micmac,D,Élevé
plot_06167,2.0,micmac,D,Élevé
plot_06168,2.0,micmac,M,Élevé
plot_06169,2.0,micmac,M,Élevé
plot_06170,2.0,micmac,C,Élevé
plot_06171,2.0,micmac,C,Élevé
plot_06172,2.0,micmac,C,Élevé
plot_06173,2.0,micmac,D,Faible
plot_06174,2.0,micmac,D,Faible
plot_06175,2.0,micmac,C,Faible
plot_06176,2.0,micmac,D,Faible
plot_06177,2.0,micmac,D,Faible
plot_06178,2.0,micmac,D,Faible
plot_06179,2.0,micmac,D,Faible
plot_06180,2.0,micmac,C,Faible
plot_06181,2.0,micmac,D,Faible
plot_06182,2.0,micmac,D,Faible
plot_06183,2.0,micmac,D,Faible
plot_06184,2.0,micmac,M,Faible
plot_06185,2.0,micmac,D,Faible
plot_06186,2.0,micmac,D,Faible
plot_06187,2.0,micmac,D,Faible
plot_06188,2.0,micmac,D,Faible
plot_06189,2.0,micmac,D,Faible
plot_06190,2.0,micmac,D,Faible
plot_06191,2.0,micmac,D,Faible
plot_06192,2.0,micmac,D,Faible
plot_06193,2.0,micmac,D,Faible
plot_06194,2.0,micmac,C,Faible
plot_06195,2.0,micmac,D,Faible
plot_06196,2.0,micmac,D,Faible
plot_06197,2.0,micmac,D,Faible
plot_06198,2.0,micmac,D,Faible
plot_06199,2.0,micmac,D,Faible
plot_06200,2.0,micmac,D,Faible
plot_06201,2.0,micmac,D,Faible
plot_06202,2.0,micmac,D,Faible
plot_06203,2.0,micmac,C,Faible
plot_06204,2.0,micmac,D,Faible
plot_06205,2.0,micmac,D,Faible
plot_06206,2.0,micmac,D,Faible
plot_06207,2.0,micmac,D,Faible
plot_06208,2.0,micmac,D,Faible
plot_06209,2.0,micmac,D,Faible
plot_06210,2.0,micmac,D,Faible
plot_06211,2.0,micmac,D,Faible
plot_06212,2.0,micmac,D,Moyen
plot_06213,2.0,micmac,D,Faible
plot_06214,2.0,micmac,D,Faible
plot_06215,2.0,micmac,D,Faible
plot_06216,2.0,micmac,D,Moyen
plot_06217,2.0,micmac,C,Moyen
plot_06218,2.0,micmac,D,Faible
plot_06219,2.0,micmac,D,Faible
plot_06220,2.0,micmac,D,Faible
plot_06221,2.0,micmac,D,Faible
plot_06222,2.0,micmac,D,Faible
plot_06223,2.0,micmac,D,Faible
plot_06224,2.0,micmac,D,Moyen
plot_06225,2.0,micmac,M,Moyen
plot_06226,2.0,micmac,D,Faible
plot_06227,2.0,micmac,D,Moyen
plot_06228,2.0,micmac,D,Moyen
plot_06229,2.0,micmac,D,Moyen
plot_06230,2.0,micmac,D,Moyen
plot_06231,2.0,micmac,M,Moyen
plot_06232,2.0,micmac,C,Faible
plot_06233,2.0,micmac,C,Faible
plot_06234,2.0,micmac,M,Faible
plot_06235,2.0,micmac,C,Faible
plot_06236,2.0,micmac,M,Faible
plot_06237,2.0,micmac,D,Faible
plot_06238,2.0,micmac,D,Faible
plot_06239,2.0,micmac,D,Faible
plot_06240,2.0,micmac,D,Faible
plot_06241,2.0,micmac,D,Faible
plot_06242,2.0,micmac,D,Faible
plot_06243,2.0,micmac,D,Faible
plot_06244,2.0,micmac,D,Faible
plot_06245,2.0,micmac,D,Faible
plot_06246,2.0,micmac,D,Faible
plot_06247,2.0,micmac,D,Faible
plot_06248,2.0,micmac,C,Faible
plot_06249,2.0,micmac,D,Faible
plot_06250,2.0,micmac,D,Faible
plot_06251,2.0,micmac,D,Faible
plot_06252,2.0,micmac,D,Faible
plot_06253,2.0,micmac,D,Faible
plot_06254,2.0,micmac,D,Faible
plot_06255,2.0,micmac,D,Faible
plot_06256,2.0,micmac,D,Faible
plot_06257,2.0,micmac,C,Faible
plot_06258,2.0,micmac,D,Faible
plot_06259,2.0,micmac,D,Faible
plot_06260,2.0,micmac,C,Faible
plot_06261,2.0,micmac,D,Faible
plot_06262,2.0,micmac,C,Faible
plot_06263,2.0,micmac,M,Faible
plot_06264,2.0,micmac,D,Faible
plot_06265,2.0,micmac,M,Faible
plot_06266,2.0,micmac,D,Faible
plot_06267,2.0,micmac,D,Faible
plot_06268,2.0,micmac,M,Faible
plot_06269,2.0,micmac,C,Faible
plot_06270,2.0,micmac,D,Faible
plot_06271,1.0,micmac,D,Faible
plot_06272,1.0,micmac,D,Faible
plot_06273,1.0,micmac,D,Faible
plot_06274,1.0,micmac,M,Faible
plot_06275,1.0,micmac,C,Faible
plot_06276,1.0,micmac,D,Faible
plot_06277,1.0,micmac,D,Faible
plot_06278,1.0,micmac,C,Faible
plot_06279,1.0,micmac,C,Faible
plot_06280,1.0,micmac,D,Faible
plot_06281,1.0,micmac,D,Faible
plot_06282,1.0,micmac,D,Faible
plot_06283,1.0,micmac,C,Faible
plot_06284,1.0,micmac,M,Faible
plot_06285,1.0,micmac,D,Faible
plot_06286,1.0,micmac,D,Faible
plot_06287,1.0,micmac,D,Faible
plot_06288,1.0,micmac,C,Faible
plot_06289,1.0,micmac,D,Faible
plot_06290,1.0,micmac,D,Faible
plot_06291,1.0,micmac,D,Faible
plot_06292,1.0,micmac,D,Faible
plot_06293,1.0,micmac,D,Faible
plot_06294,1.0,micmac,D,Faible
plot_06295,1.0,micmac,C,Faible
plot_06296,1.0,micmac,D,Faible
plot_06297,1.0,micmac,D,Faible
plot_06298,1.0,micmac,D,Faible
plot_06299,1.0,micmac,M,Faible
plot_06300,1.0,micmac,D,Faible
plot_06301,1.0,micmac,D,Faible
plot_06302,1.0,micmac,D,Faible
plot_06303,1.0,micmac,D,Moyen
plot_06304,1.0,micmac,D,Faible
plot_06305,1.0,micmac,D,Moyen
plot_06306,1.0,micmac,D,Faible
plot_06307,1.0,micmac,D,Faible
plot_06308,1.0,micmac,M,Moyen
plot_06309,1.0,micmac,D,Moyen
plot_06310,1.0,micmac,D,Faible
plot_06311,1.0,micmac,D,Faible
plot_06312,1.0,micmac,D,Faible
plot_06313,1.0,micmac,D,Moyen
plot_06314,1.0,micmac,M,Moyen
plot_06315,1.0,micmac,D,Moyen
plot_06316,1.0,micmac,D,Moyen
plot_06317,1.0,micmac,D,Moyen
plot_06318,1.0,micmac,D,Moyen
plot_06319,1.0,micmac,D,Faible
plot_06320,1.0,micmac,D,Moyen
plot_06321,1.0,micmac,D,Moyen
plot_06322,1.0,micmac,D,Faible
plot_06323,1.0,micmac,D,Faible
plot_06324,2.0,micmac,D,Moyen
plot_06325,1.0,micmac,D,Moyen
plot_06326,1.0,micmac,D,Faible
plot_06327,2.0,micmac,D,Moyen
plot_06328,1.0,micmac,D,Faible
plot_06329,1.0,micmac,D,Faible
plot_06330,1.0,micmac,D,Moyen
plot_06331,1.0,micmac,D,Moyen
plot_06332,1.0,micmac,D,Moyen
plot_06333,1.0,micmac,D,Faible
plot_06334,1.0,micmac,D,Moyen
plot_06335,1.0,micmac,D,Faible
plot_06336,1.0,micmac,D,Moyen
plot_06337,1.0,micmac,D,Faible
plot_06338,1.0,micmac,D,Faible
plot_06339,1.0,micmac,D,Faible
plot_06340,1.0,micmac,D,Faible
plot_06341,1.0,micmac,D,Moyen
plot_06342,1.0,micmac,D,Faible
plot_06343,1.0,micmac,D,Faible
plot_06344,1.0,micmac,D,Faible
plot_06345,1.0,micmac,D,Faible
plot_06346,1.0,micmac,D,Faible
plot_06347,1.0,micmac,D,Moyen
plot_06348,1.0,micmac,D,Faible
plot_06349,1.0,micmac,D,Faible
plot_06350,1.0,micmac,D,Moyen
plot_06351,1.0,micmac,D,Moyen
plot_06352,2.0,micmac,D,Faible
plot_06353,2.0,micmac,D,Moyen
plot_06354,2.0,micmac,D,Moyen
plot_06355,2.0,micmac,D,Moyen
plot_06356,2.0,micmac,D,Moyen
plot_06357,2.0,micmac,D,Moyen
plot_06358,2.0,micmac,D,Moyen
plot_06359,2.0,micmac,D,Moyen
plot_06360,2.0,micmac,C,Moyen
plot_06361,2.0,micmac,D,Moyen
plot_06362,2.0,micmac,C,Élevé
plot_06363,2.0,micmac,D,Moyen
plot_06364,2.0,micmac,D,Moyen
plot_06365,2.0,micmac,D,Moyen
plot_06366,2.0,micmac,D,Moyen
plot_06367,2.0,micmac,M,Élevé
plot_06368,2.0,micmac,C,Élevé
plot_06369,2.0,micmac,D,Moyen
plot_06370,2.0,micmac,D,Moyen
plot_06371,2.0,micmac,M,Faible
plot_06372,2.0,micmac,D,Élevé
plot_06373,2.0,micmac,M,Élevé
plot_06374,2.0,micmac,M,Élevé
plot_06375,2.0,micmac,C,Moyen
plot_06376,2.0,micmac,D,Moyen
plot_06377,2.0,micmac,D,Élevé
plot_06378,2.0,micmac,D,Élevé
plot_06379,2.0,micmac,D,Élevé
plot_06380,2.0,micmac,D,Moyen
plot_06381,2.0,micmac,D,Élevé
plot_06382,2.0,micmac,C,Élevé
plot_06383,2.0,micmac,D,Moyen
plot_06384,2.0,micmac,D,Élevé
plot_06385,2.0,micmac,C,Élevé
plot_06386,2.0,micmac,C,Élevé
plot_06387,2.0,micmac,D,Élevé
plot_06388,2.0,micmac,D,Moyen
plot_06389,2.0,micmac,M,Moyen
plot_06390,2.0,micmac,D,Moyen
plot_06391,2.0,micmac,D,Faible
plot_06392,2.0,micmac,D,Faible
plot_06393,2.0,micmac,D,Élevé
plot_06394,2.0,micmac,C,Élevé
plot_06395,2.0,micmac,M,Élevé
plot_06396,2.0,micmac,D,Moyen
plot_06397,2.0,micmac,D,Faible
plot_06398,2.0,micmac,D,Élevé
plot_06399,2.0,micmac,D,Élevé
plot_06400,2.0,micmac,D,Élevé
plot_06401,2.0,micmac,D,Élevé
plot_06402,2.0,micmac,D,Élevé
plot_06403,2.0,micmac,D,Moyen
plot_06404,2.0,micmac,D,Élevé
plot_06405,2.0,micmac,M,Élevé
plot_06406,2.0,micmac,C,Élevé
plot_06407,2.0,micmac,M,Élevé
plot_06408,2.0,micmac,D,Moyen
plot_06409,2.0,micmac,D,Élevé
plot_06410,2.0,micmac,M,Élevé
plot_06411,2.0,micmac,D,Élevé
plot_06412,2.0,micmac,D,Moyen
plot_06413,2.0,micmac,D,Élevé
plot_06414,2.0,micmac,M,Moyen
plot_06415,2.0,micmac,D,Élevé
plot_06416,2.0,micmac,D,Moyen
plot_06417,2.0,micmac,D,Élevé
plot_06418,2.0,micmac,D,Élevé
plot_06419,2.0,micmac,D,Élevé
plot_06420,2.0,micmac,C,Élevé
plot_06421,2.0,micmac,D,Élevé
plot_06422,2.0,micmac,D,Moyen
plot_06423,2.0,micmac,D,Moyen
plot_06424,2.0,micmac,D,Élevé
plot_06425,2.0,micmac,D,Élevé
plot_06426,2.0,micmac,C,Élevé
plot_06427,2.0,micmac,C,Élevé
plot_06428,2.0,micmac,D,Élevé
plot_06429,2.0,micmac,D,Moyen
plot_06430,2.0,micmac,M,Élevé
plot_06431,2.0,micmac,D,Élevé
plot_06432,2.0,micmac,C,Élevé
plot_06433,2.0,micmac,D,Élevé
plot_06434,2.0,micmac,D,Élevé
plot_06435,2.0,micmac,D,Moyen
plot_06436,2.0,micmac,C,Élevé
plot_06437,2.0,micmac,C,Élevé
plot_06438,2.0,micmac,C,Élevé
plot_06439,2.0,micmac,D,Élevé
plot_06440,2.0,micmac,D,Élevé
plot_06441,2.0,micmac,D,Élevé
plot_06442,2.0,micmac,M,Élevé
plot_06445,3.0,micmac,D,Moyen
plot_06577,1.0,micmac,M,Faible
plot_06578,1.0,micmac,D,Faible
plot_06579,1.0,micmac,D,Faible
plot_06580,1.0,micmac,D,Faible
plot_06581,1.0,micmac,D,Faible
plot_06582,1.0,micmac,D,Moyen
plot_06583,1.0,micmac,D,Faible
plot_06584,1.0,micmac,D,Faible
plot_06585,1.0,micmac,D,Faible
plot_06586,1.0,micmac,C,Faible
plot_06587,1.0,micmac,D,Faible
plot_06588,1.0,micmac,D,Moyen
plot_06589,1.0,micmac,C,Moyen
plot_06590,1.0,micmac,C,Moyen
plot_06591,1.0,micmac,D,Faible
plot_06592,1.0,micmac,D,Moyen
plot_06593,1.0,micmac,M,Moyen
plot_06594,1.0,micmac,D,Moyen
plot_06595,1.0,micmac,D,Moyen
plot_06596,1.0,micmac,D,Faible
plot_06597,1.0,micmac,D,Moyen
plot_06598,1.0,micmac,D,Faible
plot_06599,1.0,micmac,D,Moyen
plot_06600,1.0,micmac,C,Moyen
plot_06601,1.0,micmac,C,Moyen
plot_06602,1.0,micmac,D,Moyen
plot_06603,1.0,micmac,D,Faible
plot_06604,1.0,micmac,C,Moyen
plot_06605,1.0,micmac,D,Moyen
plot_06606,1.0,micmac,D,Faible
plot_06607,1.0,micmac,M,Moyen
plot_06608,1.0,micmac,D,Faible
plot_06609,1.0,micmac,D,Faible
plot_06610,1.0,micmac,C,Faible
plot_06611,1.0,micmac,M,Faible
plot_06612,1.0,micmac,D,Faible
plot_06613,1.0,micmac,D,Faible
plot_06614,1.0,micmac,D,Faible
plot_06615,1.0,micmac,D,Faible
plot_06616,2.0,micmac,D,Moyen
plot_06617,2.0,micmac,D,Moyen
plot_06618,2.0,micmac,D,Moyen
plot_06619,2.0,micmac,D,Moyen
plot_06620,2.0,micmac,M,Moyen
plot_06621,2.0,micmac,C,Élevé
plot_06622,2.0,micmac,D,Moyen
plot_06623,2.0,micmac,D,Moyen
plot_06624,2.0,micmac,M,Élevé
plot_06625,2.0,micmac,D,Moyen
plot_06626,2.0,micmac,D,Élevé
plot_06627,2.0,micmac,C,Élevé
plot_06628,2.0,micmac,C,Moyen
plot_06629,2.0,micmac,M,Moyen
plot_06630,2.0,micmac,D,Élevé
plot_06631,2.0,micmac,D,Élevé
plot_06632,2.0,micmac,D,Moyen
plot_06633,2.0,micmac,D,Élevé
plot_06634,2.0,micmac,C,Élevé
plot_06635,2.0,micmac,C,Élevé
plot_06636,2.0,micmac,D,Élevé
plot_06637,2.0,micmac,D,Élevé
plot_06638,2.0,micmac,D,Élevé
plot_06639,2.0,micmac,D,Moyen
plot_06640,2.0,micmac,M,Élevé
plot_06641,2.0,micmac,C,Élevé
plot_06642,2.0,micmac,D,Élevé
plot_06643,2.0,micmac,C,Élevé
plot_06644,2.0,micmac,C,Élevé
plot_06645,2.0,micmac,D,Élevé
plot_06646,2.0,micmac,C,Élevé
plot_06647,2.0,micmac,D,Élevé
plot_06648,2.0,micmac,D,Élevé
plot_06649,2.0,micmac,D,Élevé
plot_06650,2.0,micmac,D,Moyen
plot_06651,2.0,micmac,C,Élevé
plot_06652,2.0,micmac,C,Élevé
plot_06653,2.0,micmac,D,Moyen
plot_06654,2.0,micmac,D,Élevé
plot_06655,2.0,micmac,D,Élevé
plot_06656,2.0,micmac,C,Élevé
plot_06657,2.0,micmac,M,Élevé
plot_06658,2.0,micmac,D,Élevé
plot_06659,2.0,micmac,D,Élevé
plot_06660,2.0,micmac,D,Élevé
plot_06661,2.0,micmac,M,Élevé
plot_06662,2.0,micmac,D,Faible
plot_06663,2.0,micmac,D,Faible
plot_06664,2.0,micmac,C,Faible
plot_06665,2.0,micmac,M,Faible
plot_06666,2.0,micmac,M,Faible
plot_06667,2.0,micmac,D,Faible
plot_06668,2.0,micmac,D,Faible
plot_06669,2.0,micmac,D,Faible
plot_06670,2.0,micmac,M,Faible
plot_06671,2.0,micmac,D,Faible
plot_06672,2.0,micmac,D,Faible
plot_06673,2.0,micmac,D,Faible
plot_06674,2.0,micmac,D,Faible
plot_06675,2.0,micmac,D,Faible
plot_06676,2.0,micmac,D,Faible
plot_06677,2.0,micmac,D,Faible
plot_06678,2.0,micmac,D,Faible
plot_06679,2.0,micmac,C,Faible
plot_06680,2.0,micmac,D,Faible
plot_06681,2.0,micmac,D,Faible
plot_06682,2.0,micmac,M,Faible
plot_06683,2.0,micmac,D,Faible
plot_06684,2.0,micmac,D,Faible
plot_06685,2.0,micmac,C,Faible
plot_06686,2.0,micmac,M,Faible
plot_06687,2.0,micmac,M,Faible
plot_06688,2.0,micmac,C,Faible
plot_06689,2.0,micmac,D,Faible
plot_06690,2.0,micmac,D,Faible
plot_06691,2.0,micmac,D,Faible
plot_06692,2.0,micmac,C,Faible
plot_06693,2.0,micmac,M,Faible
plot_06694,2.0,micmac,D,Moyen
plot_06695,2.0,micmac,M,Faible
plot_06696,2.0,micmac,M,Moyen
plot_06697,2.0,micmac,D,Faible
plot_06698,2.0,micmac,D,Faible
plot_06699,2.0,micmac,D,Faible
plot_06700,2.0,micmac,C,Faible
plot_06701,2.0,micmac,D,Faible
plot_06702,2.0,micmac,D,Faible
plot_06703,2.0,micmac,D,Faible
plot_06704,2.0,micmac,C,Faible
plot_06705,2.0,micmac,D,Faible
plot_06706,2.0,micmac,D,Moyen
plot_06707,2.0,micmac,D,Moyen
plot_06708,2.0,micmac,D,Moyen
plot_06709,2.0,micmac,D,Faible
plot_06710,2.0,micmac,D,Faible
plot_06711,2.0,micmac,D,Faible
plot_06712,2.0,micmac,D,Faible
plot_06713,2.0,micmac,D,Faible
plot_06714,2.0,micmac,M,Faible
plot_06715,2.0,micmac,D,Moyen
plot_06716,2.0,micmac,M,Faible
plot_06717,2.0,micmac,D,Moyen
plot_06718,2.0,micmac,D,Faible
plot_06719,2.0,micmac,M,Faible
plot_06720,2.0,micmac,D,Faible
plot_06721,2.0,micmac,D,Faible
plot_06722,2.0,micmac,D,Faible
plot_06723,2.0,micmac,C,Moyen
plot_06724,2.0,micmac,D,Faible
plot_06725,2.0,micmac,D,Faible
plot_06726,2.0,micmac,D,Moyen
plot_06727,2.0,micmac,D,Faible
plot_06728,2.0,micmac,D,Faible
plot_06729,2.0,micmac,C,Faible
plot_06730,2.0,micmac,D,Moyen
plot_06731,2.0,micmac,D,Faible
plot_06732,2.0,micmac,M,Faible
plot_06733,2.0,micmac,D,Faible
plot_06734,2.0,micmac,D,Moyen
plot_06735,2.0,micmac,D,Faible
plot_06736,2.0,micmac,D,Faible
plot_06737,2.0,micmac,M,Faible
plot_06738,2.0,micmac,D,Faible
plot_06739,2.0,micmac,D,Faible
plot_06740,2.0,micmac,C,Faible
plot_06741,2.0,micmac,M,Moyen
plot_06742,2.0,micmac,D,Faible
plot_06743,2.0,micmac,D,Faible
plot_06744,2.0,micmac,D,Faible
plot_06745,2.0,micmac,M,Faible
plot_06746,2.0,micmac,D,Moyen
plot_06747,2.0,micmac,D,Faible
plot_06748,2.0,micmac,D,Faible
plot_06749,2.0,micmac,D,Moyen
plot_06750,2.0,micmac,D,Moyen
plot_06751,2.0,micmac,M,Faible
plot_06752,2.0,micmac,D,Faible
plot_06753,2.0,micmac,D,Faible
plot_06754,2.0,micmac,D,Moyen
plot_06755,2.0,micmac,M,Moyen
plot_06756,2.0,micmac,D,Moyen
plot_06757,2.0,micmac,C,Faible
plot_06758,2.0,micmac,D,Faible
plot_06759,2.0,micmac,D,Moyen
plot_06760,2.0,micmac,D,Faible
plot_06761,2.0,micmac,D,Moyen
plot_06762,2.0,micmac,C,Moyen
plot_06763,2.0,micmac,C,Moyen
plot_06764,2.0,micmac,D,Faible
plot_06765,2.0,micmac,C,Faible
plot_06766,2.0,micmac,C,Faible
plot_06767,2.0,micmac,C,Moyen
plot_06768,2.0,micmac,M,Moyen
plot_06769,2.0,micmac,D,Moyen
plot_06770,2.0,micmac,D,Faible
plot_06771,2.0,micmac,D,Faible
plot_06772,2.0,micmac,D,Faible
plot_06773,2.0,micmac,D,Moyen
plot_06774,2.0,micmac,D,Faible
plot_06775,2.0,micmac,D,Moyen
plot_06776,2.0,micmac,D,Faible
plot_06777,2.0,micmac,D,Faible
plot_06778,2.0,micmac,M,Faible
plot_06779,2.0,micmac,D,Moyen
plot_06780,2.0,micmac,M,Moyen
plot_06781,2.0,micmac,M,Moyen
plot_06782,2.0,micmac,D,Moyen
plot_06783,2.0,micmac,D,Moyen
plot_06784,2.0,micmac,C,Moyen
plot_06785,2.0,micmac,D,Moyen
plot_06786,2.0,micmac,D,Moyen
plot_06787,2.0,micmac,D,Faible
plot_06788,2.0,micmac,D,Moyen
plot_06789,2.0,micmac,M,Moyen
plot_06790,2.0,micmac,D,Moyen
plot_06791,2.0,micmac,M,Faible
plot_06792,2.0,micmac,D,Faible
plot_06793,2.0,micmac,D,Moyen
plot_06794,2.0,micmac,D,Moyen
plot_06795,2.0,micmac,D,Faible
plot_06796,2.0,micmac,M,Faible
plot_06797,2.0,micmac,D,Faible
plot_06798,2.0,micmac,D,Faible
plot_06799,2.0,micmac,D,Moyen
plot_06800,3.0,micmac,D,Moyen
plot_06801,2.0,micmac,D,Moyen
plot_06802,2.0,micmac,D,Moyen
plot_06803,2.0,micmac,C,Moyen
plot_06804,3.0,micmac,D,Moyen
plot_06805,3.0,micmac,D,Élevé
plot_06806,2.0,micmac,D,Moyen
plot_06807,3.0,micmac,D,Moyen
plot_06808,2.0,micmac,M,Moyen
plot_06809,3.0,micmac,C,Moyen
plot_06810,2.0,micmac,D,Moyen
plot_06811,3.0,micmac,D,Élevé
plot_06812,3.0,micmac,D,Moyen
plot_06813,3.0,micmac,D,Moyen
plot_06814,2.0,micmac,D,Moyen
plot_06815,3.0,micmac,D,Moyen
plot_06816,3.0,micmac,M,Élevé
plot_06817,2.0,micmac,D,Moyen
plot_06818,2.0,micmac,D,Moyen
plot_06819,2.0,micmac,D,Moyen
plot_06820,3.0,micmac,D,Moyen
plot_06821,3.0,micmac,D,Élevé
plot_06822,3.0,micmac,D,Moyen
plot_06823,3.0,micmac,D,Élevé
plot_06824,3.0,micmac,M,Élevé
plot_06825,3.0,micmac,C,Élevé
plot_06826,2.0,micmac,D,Moyen
plot_06827,3.0,micmac,M,Élevé
plot_06828,3.0,micmac,C,Élevé
plot_06829,3.0,micmac,D,Moyen
plot_06830,3.0,micmac,C,Élevé
plot_06831,3.0,micmac,M,Élevé
plot_06832,3.0,micmac,C,Élevé
plot_06833,3.0,micmac,D,Élevé
plot_06834,2.0,micmac,D,Moyen
plot_06835,2.0,micmac,D,Moyen
plot_06836,3.0,micmac,M,Moyen
plot_06837,3.0,micmac,D,Élevé
plot_06838,3.0,micmac,D,Élevé
plot_06839,3.0,micmac,D,Élevé
plot_06840,3.0,micmac,M,Élevé
plot_06841,3.0,micmac,C,Élevé
plot_06842,2.0,micmac,D,Moyen
plot_06843,3.0,micmac,D,Moyen
plot_06844,3.0,micmac,C,Élevé
plot_06845,3.0,micmac,C,Élevé
plot_06846,2.0,micmac,D,Moyen
plot_06847,3.0,micmac,D,Élevé
plot_06848,3.0,micmac,D,Élevé
plot_06849,3.0,micmac,M,Élevé
plot_06850,3.0,micmac,C,Élevé
plot_06851,3.0,micmac,M,Élevé
plot_06852,3.0,micmac,C,Élevé
plot_06853,3.0,micmac,C,Élevé
plot_06854,3.0,micmac,M,Élevé
plot_06855,3.0,micmac,C,Élevé
plot_06856,2.0,micmac,D,Moyen
plot_06857,3.0,micmac,C,Élevé
plot_06858,3.0,micmac,C,Élevé
plot_06859,2.0,micmac,D,Moyen
plot_06860,2.0,micmac,D,Moyen
plot_06861,3.0,micmac,D,Élevé
plot_06862,3.0,micmac,M,Élevé
plot_06863,3.0,micmac,C,Élevé
plot_06864,3.0,micmac,C,Élevé
plot_06865,3.0,micmac,C,Élevé
plot_06866,3.0,micmac,C,Élevé
plot_06867,3.0,micmac,D,Élevé
plot_06868,3.0,micmac,C,Élevé
plot_06869,3.0,micmac,D,Élevé
plot_06870,3.0,micmac,D,Élevé
plot_06871,3.0,micmac,M,Élevé
plot_06872,3.0,micmac,C,Élevé
plot_06873,3.0,micmac,M,Élevé
plot_06874,3.0,micmac,D,Moyen
plot_06875,3.0,micmac,M,Élevé
plot_06876,3.0,micmac,M,Élevé
plot_06877,3.0,micmac,M,Élevé
plot_06878,3.0,micmac,C,Élevé
plot_06879,3.0,micmac,C,Élevé
plot_06880,2.0,micmac,D,Moyen
plot_06881,3.0,micmac,D,Moyen
plot_06882,3.0,micmac,C,Élevé
plot_06883,3.0,micmac,M,Élevé
plot_06884,3.0,micmac,D,Moyen
plot_06885,3.0,micmac,C,Élevé
plot_06886,3.0,micmac,D,Élevé
plot_06887,3.0,micmac,M,Élevé
plot_06888,3.0,micmac,C,Élevé
plot_06889,3.0,micmac,D,Moyen
plot_06890,3.0,micmac,C,Élevé
plot_06891,3.0,micmac,D,Élevé
plot_06892,3.0,micmac,D,Élevé
plot_06893,2.0,micmac,D,Moyen
plot_06894,2.0,micmac,D,Moyen
plot_06895,2.0,micmac,D,Moyen
plot_06896,2.0,micmac,D,Moyen
plot_06897,2.0,micmac,D,Élevé
plot_06898,2.0,micmac,D,Faible
plot_06899,2.0,micmac,D,Faible
plot_06900,2.0,micmac,D,Faible
plot_06901,2.0,micmac,D,Faible
plot_06902,2.0,micmac,D,Moyen
plot_06903,2.0,micmac,D,Moyen
plot_06904,2.0,micmac,D,Moyen
plot_06905,2.0,micmac,D,Moyen
plot_06906,2.0,micmac,D,Moyen
plot_06907,2.0,micmac,M,Moyen
plot_06908,2.0,micmac,M,Moyen
plot_06909,2.0,micmac,D,Moyen
plot_06910,2.0,micmac,D,Moyen
plot_06911,2.0,micmac,D,Moyen
plot_06912,3.0,micmac,M,Élevé
plot_06913,3.0,micmac,C,Moyen
plot_06914,3.0,micmac,M,Moyen
plot_06915,2.0,micmac,D,Moyen
plot_06916,2.0,micmac,D,Élevé
plot_06917,3.0,micmac,D,Élevé
plot_06918,3.0,micmac,D,Élevé
plot_06919,3.0,micmac,M,Moyen
plot_06920,3.0,micmac,C,Moyen
plot_06921,3.0,micmac,D,Élevé
plot_06922,2.0,micmac,C,Moyen
plot_06923,3.0,micmac,M,Élevé
plot_06924,3.0,micmac,M,Élevé
plot_06925,3.0,micmac,C,Élevé
plot_06926,3.0,micmac,C,Élevé
plot_06927,3.0,micmac,C,Élevé
plot_06928,3.0,micmac,C,Élevé
plot_06929,3.0,micmac,D,Élevé
plot_06930,3.0,micmac,M,Élevé
plot_06931,3.0,micmac,C,Élevé
plot_06932,3.0,micmac,C,Élevé
plot_06933,3.0,micmac,D,Élevé
plot_06934,3.0,micmac,D,Élevé
plot_06935,3.0,micmac,M,Élevé
plot_06936,3.0,micmac,C,Élevé
plot_06937,3.0,micmac,M,Élevé
plot_06938,3.0,micmac,C,Élevé
plot_06939,3.0,micmac,M,Élevé
plot_06940,3.0,micmac,D,Élevé
plot_06941,3.0,micmac,D,Élevé
plot_06942,3.0,micmac,C,Élevé
plot_06943,3.0,micmac,C,Élevé
plot_06944,3.0,micmac,C,Élevé
plot_06945,3.0,micmac,D,Élevé
plot_06946,3.0,micmac,C,Élevé
plot_06947,3.0,micmac,D,Élevé
plot_06948,3.0,micmac,C,Élevé
plot_06949,3.0,micmac,M,Élevé
plot_06950,3.0,micmac,C,Élevé
plot_06951,3.0,micmac,D,Élevé
plot_06952,3.0,micmac,C,Élevé
plot_06953,3.0,micmac,M,Élevé
plot_06954,3.0,micmac,C,Élevé
plot_06955,1.0,micmac,D,Faible
plot_06956,1.0,micmac,D,Faible
plot_06957,1.0,micmac,D,Faible
plot_06958,1.0,micmac,M,Faible
plot_06959,1.0,micmac,D,Faible
plot_06960,1.0,micmac,D,Faible
plot_06961,1.0,micmac,D,Faible
plot_06962,1.0,micmac,D,Faible
plot_06963,1.0,micmac,D,Faible
plot_06964,1.0,micmac,D,Faible
plot_06965,1.0,micmac,D,Faible
plot_06966,1.0,micmac,M,Faible
plot_06967,1.0,micmac,D,Faible
plot_06968,1.0,micmac,D,Faible
plot_06969,1.0,micmac,D,Faible
plot_06970,1.0,micmac,D,Faible
plot_06971,1.0,micmac,D,Faible
plot_06972,1.0,micmac,D,Faible
plot_06973,1.0,micmac,D,Faible
plot_06974,1.0,micmac,D,Faible
plot_06975,1.0,micmac,D,Faible
plot_06976,1.0,micmac,D,Faible
plot_06977,1.0,micmac,M,Faible
plot_06978,1.0,micmac,D,Faible
plot_06979,1.0,micmac,D,Faible
plot_06980,1.0,micmac,D,Faible
plot_06981,1.0,micmac,D,Faible
plot_06982,1.0,micmac,D,Faible
plot_06983,1.0,micmac,D,Faible
plot_06984,1.0,micmac,D,Faible
plot_06985,1.0,micmac,D,Faible
plot_06986,1.0,micmac,D,Faible
plot_06987,1.0,micmac,D,Faible
plot_06988,1.0,micmac,D,Faible
plot_06989,1.0,micmac,D,Faible
plot_06990,1.0,micmac,D,Faible
plot_06991,1.0,micmac,D,Faible
plot_06992,1.0,micmac,D,Faible
plot_06993,1.0,micmac,D,Faible
plot_06994,1.0,micmac,C,Faible
plot_06995,1.0,micmac,D,Faible
plot_06996,1.0,micmac,D,Faible
plot_06997,1.0,micmac,D,Faible
plot_06998,1.0,micmac,D,Faible
plot_06999,1.0,micmac,D,Faible
plot_07000,1.0,micmac,D,Faible
plot_07001,1.0,micmac,M,Moyen
plot_07002,1.0,micmac,D,Faible
plot_07003,1.0,micmac,D,Moyen
plot_07004,1.0,micmac,D,Moyen
plot_07005,1.0,micmac,D,Moyen
plot_07006,1.0,micmac,D,Moyen
plot_07007,1.0,micmac,D,Faible
plot_07008,1.0,micmac,D,Moyen
plot_07009,1.0,micmac,D,Moyen
plot_07010,1.0,micmac,D,Moyen
plot_07011,1.0,micmac,D,Faible
plot_07012,1.0,micmac,M,Moyen
plot_07013,1.0,micmac,D,Moyen
plot_07014,1.0,micmac,D,Moyen
plot_07015,1.0,micmac,D,Faible
plot_07016,1.0,micmac,D,Faible
plot_07017,1.0,micmac,D,Moyen
plot_07018,1.0,micmac,D,Moyen
plot_07019,1.0,micmac,D,Moyen
plot_07020,1.0,micmac,M,Faible
plot_07021,1.0,micmac,D,Moyen
plot_07022,1.0,micmac,D,Moyen
plot_07023,1.0,micmac,D,Faible
plot_07024,1.0,micmac,D,Moyen
plot_07025,1.0,micmac,D,Faible
plot_07026,1.0,micmac,D,Moyen
plot_07027,1.0,micmac,D,Faible
plot_07028,1.0,micmac,D,Faible
plot_07029,1.0,micmac,D,Faible
plot_07030,1.0,micmac,D,Faible
plot_07031,1.0,micmac,D,Faible
plot_07032,1.0,micmac,D,Faible
plot_07033,1.0,micmac,D,Faible
plot_07034,1.0,micmac,D,Faible
plot_07035,1.0,micmac,D,Faible
plot_07036,1.0,micmac,D,Faible
plot_07037,1.0,micmac,D,Faible
plot_07038,1.0,micmac,D,Faible
plot_07039,1.0,micmac,C,Faible
plot_07040,1.0,micmac,D,Faible
plot_07041,1.0,micmac,D,Faible
plot_07042,1.0,micmac,D,Faible
plot_07043,1.0,micmac,C,Faible
plot_07044,1.0,micmac,D,Faible
plot_07045,1.0,micmac,D,Faible
plot_07046,1.0,micmac,D,Faible
plot_07047,1.0,micmac,C,Faible
plot_07048,1.0,micmac,C,Moyen
plot_07049,1.0,micmac,D,Faible
plot_07050,1.0,micmac,D,Faible
plot_07051,1.0,micmac,D,Faible
plot_07052,1.0,micmac,D,Moyen
plot_07053,1.0,micmac,C,Moyen
plot_07054,1.0,micmac,D,Faible
plot_07055,1.0,micmac,D,Faible
plot_07056,1.0,micmac,C,Faible
plot_07057,1.0,micmac,D,Faible
plot_07058,1.0,micmac,C,Faible
plot_07059,1.0,micmac,D,Faible
plot_07060,1.0,micmac,D,Faible
plot_07061,1.0,micmac,D,Faible
plot_07062,1.0,micmac,D,Faible
plot_07063,1.0,micmac,D,Faible
plot_07064,1.0,micmac,D,Faible
plot_07065,1.0,micmac,M,Faible
plot_07066,1.0,micmac,D,Faible
plot_07067,1.0,micmac,C,Faible
plot_07068,1.0,micmac,D,Faible
plot_07069,1.0,micmac,M,Faible
plot_07070,1.0,micmac,D,Faible
plot_07071,1.0,micmac,M,Faible
plot_07072,1.0,micmac,D,Faible
plot_07073,1.0,micmac,C,Faible
plot_07074,1.0,micmac,D,Faible
plot_07075,1.0,micmac,C,Faible
plot_07076,2.0,micmac,C,Élevé
plot_07077,3.0,micmac,D,Élevé
plot_07078,2.0,micmac,D,Élevé
plot_07079,3.0,micmac,D,Élevé
plot_07080,3.0,micmac,D,Élevé
plot_07081,3.0,micmac,D,Élevé
plot_07082,3.0,micmac,D,Moyen
plot_07083,2.0,micmac,D,Élevé
plot_07084,3.0,micmac,D,Élevé
plot_07085,3.0,micmac,D,Élevé
plot_07086,3.0,micmac,D,Moyen
plot_07087,3.0,micmac,M,Élevé
plot_07088,3.0,micmac,D,Élevé
plot_07089,3.0,micmac,D,Moyen
plot_07090,3.0,micmac,M,Élevé
plot_07091,3.0,micmac,C,Moyen
plot_07092,3.0,micmac,C,Moyen
plot_07093,3.0,micmac,D,Moyen
plot_07094,3.0,micmac,C,Moyen
plot_07095,3.0,micmac,D,Moyen
plot_07096,3.0,micmac,M,Moyen
plot_07097,3.0,micmac,D,Moyen
plot_07098,3.0,micmac,D,Moyen
plot_07099,2.0,micmac,D,Faible
plot_07100,3.0,micmac,D,Moyen
plot_07101,2.0,micmac,D,Faible
plot_07102,2.0,micmac,D,Faible
plot_07103,2.0,micmac,D,Faible
plot_07104,2.0,micmac,D,Faible
plot_07105,2.0,micmac,D,Faible
plot_07106,2.0,micmac,M,Faible
plot_07107,2.0,micmac,D,Moyen
plot_07108,2.0,micmac,D,Moyen
plot_07109,2.0,micmac,D,Moyen
plot_07110,2.0,micmac,M,Moyen
plot_07111,2.0,micmac,D,Faible
plot_07112,2.0,micmac,D,Faible
plot_07113,2.0,micmac,D,Faible
plot_07114,2.0,micmac,D,Moyen
plot_07115,2.0,micmac,D,Moyen
plot_07116,2.0,micmac,D,Moyen
plot_07117,2.0,micmac,D,Faible
plot_07118,2.0,micmac,D,Faible
plot_07119,2.0,micmac,D,Moyen
plot_07120,2.0,micmac,D,Faible
plot_07121,2.0,micmac,C,Faible
plot_07122,2.0,micmac,M,Faible
plot_07123,2.0,micmac,D,Moyen
plot_07124,2.0,micmac,D,Faible
plot_07125,2.0,micmac,M,Moyen
plot_07126,2.0,micmac,D,Moyen
plot_07127,2.0,micmac,C,Faible
plot_07128,2.0,micmac,D,Faible
plot_07129,2.0,micmac,D,Faible
plot_07130,2.0,micmac,D,Faible
plot_07131,2.0,micmac,D,Moyen
plot_07132,2.0,micmac,D,Moyen
plot_07133,3.0,micmac,C,Élevé
plot_07134,2.0,micmac,D,Moyen
plot_07135,2.0,micmac,D,Moyen
plot_07136,3.0,micmac,D,Élevé
plot_07137,3.0,micmac,D,Élevé
plot_07138,3.0,micmac,D,Élevé
plot_07139,3.0,micmac,M,Élevé
plot_07140,3.0,micmac,D,Élevé
plot_07141,3.0,micmac,M,Élevé
plot_07142,2.0,micmac,C,Moyen
plot_07143,2.0,micmac,M,Moyen
plot_07144,2.0,micmac,D,Moyen
plot_07145,2.0,micmac,D,Élevé
plot_07146,3.0,micmac,D,Élevé
plot_07147,2.0,micmac,D,Moyen
plot_07148,2.0,micmac,D,Élevé
plot_07149,3.0,micmac,D,Élevé
plot_07150,3.0,micmac,D,Élevé
plot_07151,2.0,micmac,D,Moyen
plot_07152,2.0,micmac,M,Moyen
plot_07153,2.0,micmac,D,Moyen
plot_07154,2.0,micmac,D,Moyen
plot_07155,2.0,micmac,D,Moyen
plot_07156,2.0,micmac,D,Faible
plot_07157,2.0,micmac,D,Faible
plot_07158,2.0,micmac,D,Moyen
plot_07159,2.0,micmac,D,Moyen
plot_07160,2.0,micmac,M,Faible
plot_07161,2.0,micmac,D,Moyen
plot_07162,2.0,micmac,D,Moyen
plot_07163,2.0,micmac,D,Faible
plot_07164,2.0,micmac,D,Faible
plot_07165,2.0,micmac,D,Élevé
plot_07166,2.0,micmac,D,Faible
plot_07167,2.0,micmac,D,Faible
plot_07168,2.0,micmac,D,Faible
plot_07169,2.0,micmac,D,Faible
plot_07170,2.0,micmac,D,Moyen
plot_07171,2.0,micmac,D,Faible
plot_07172,2.0,micmac,D,Faible
plot_07173,2.0,micmac,D,Faible
plot_07174,2.0,micmac,D,Faible
plot_07175,2.0,micmac,D,Faible
plot_07176,2.0,micmac,D,Faible
plot_07177,2.0,micmac,D,Faible
plot_07178,2.0,micmac,D,Faible
plot_07179,2.0,micmac,D,Moyen
plot_07180,2.0,micmac,D,Moyen
plot_07181,2.0,micmac,D,Moyen
plot_07182,2.0,micmac,D,Moyen
plot_07183,2.0,micmac,D,Faible
plot_07184,2.0,micmac,D,Moyen
plot_07185,2.0,micmac,D,Moyen
plot_07186,2.0,micmac,D,Faible
plot_07187,2.0,micmac,D,Moyen
plot_07188,2.0,micmac,D,Moyen
plot_07189,2.0,micmac,D,Moyen
plot_07190,2.0,micmac,D,Moyen
plot_07191,2.0,micmac,D,Moyen
plot_07192,2.0,micmac,D,Faible
plot_07193,2.0,micmac,D,Moyen
plot_07194,2.0,micmac,D,Moyen
plot_07195,2.0,micmac,D,Moyen
plot_07196,2.0,micmac,D,Moyen
plot_07197,2.0,micmac,D,Moyen
plot_07198,2.0,micmac,D,Moyen
plot_07199,2.0,micmac,D,Moyen
plot_07200,2.0,micmac,D,Faible
plot_07201,2.0,micmac,D,Faible
plot_07202,2.0,micmac,D,Moyen
plot_07203,2.0,micmac,D,Moyen
plot_07204,2.0,micmac,D,Moyen
plot_07205,2.0,micmac,D,Moyen
plot_07206,2.0,micmac,C,Faible
plot_07207,2.0,micmac,M,Faible
plot_07208,2.0,micmac,M,Faible
plot_07209,2.0,micmac,C,Faible
plot_07210,2.0,micmac,C,Faible
plot_07211,2.0,micmac,D,Faible
plot_07212,2.0,micmac,C,Faible
plot_07213,2.0,micmac,C,Faible
plot_07214,2.0,micmac,C,Faible
plot_07215,2.0,micmac,C,Faible
plot_07216,2.0,micmac,C,Faible
plot_07217,2.0,micmac,C,Faible
plot_07218,2.0,micmac,M,Faible
plot_07219,2.0,micmac,C,Faible
plot_07220,2.0,micmac,M,Faible
plot_07221,2.0,micmac,C,Faible
plot_07222,2.0,micmac,C,Faible
plot_07223,2.0,micmac,C,Faible
plot_07224,2.0,micmac,C,Faible
plot_07225,2.0,micmac,C,Faible
plot_07226,2.0,micmac,C,Faible
plot_07227,2.0,micmac,C,Faible
plot_07228,2.0,micmac,C,Faible
plot_07229,2.0,micmac,M,Faible
plot_07230,2.0,micmac,C,Faible
plot_07231,2.0,micmac,C,Faible
plot_07232,2.0,micmac,D,Faible
plot_07233,2.0,micmac,C,Faible
plot_07234,2.0,micmac,C,Faible
plot_07235,2.0,micmac,C,Faible
plot_07236,2.0,micmac,C,Faible
plot_07237,2.0,micmac,C,Faible
plot_07238,2.0,micmac,C,Faible
plot_07239,2.0,micmac,C,Faible
plot_07240,2.0,micmac,C,Faible
plot_07241,2.0,micmac,C,Faible
plot_07242,2.0,micmac,C,Faible
plot_07243,2.0,micmac,C,Faible
plot_07244,2.0,micmac,C,Faible
plot_07245,2.0,micmac,D,Faible
plot_07246,2.0,micmac,M,Faible
plot_07247,2.0,micmac,C,Faible
plot_07248,2.0,micmac,D,Faible
plot_07249,2.0,micmac,D,Faible
plot_07250,2.0,micmac,C,Faible
plot_07251,2.0,micmac,M,Faible
plot_07252,2.0,micmac,C,Faible
plot_07253,2.0,micmac,D,Faible
plot_07254,2.0,micmac,M,Faible
plot_07255,2.0,micmac,C,Faible
plot_07256,2.0,micmac,C,Faible
plot_07257,2.0,micmac,C,Faible
plot_07258,2.0,micmac,M,Faible
plot_07259,2.0,micmac,D,Faible
plot_07260,2.0,micmac,C,Faible
plot_07261,2.0,micmac,D,Faible
plot_07262,2.0,micmac,C,Faible
plot_07263,2.0,micmac,C,Faible
plot_07264,2.0,micmac,C,Faible
plot_07265,2.0,micmac,C,Faible
plot_07266,2.0,micmac,M,Faible
plot_07267,2.0,micmac,C,Faible
plot_07268,2.0,micmac,C,Faible
plot_07269,2.0,micmac,D,Faible
plot_07270,2.0,micmac,D,Faible
plot_07271,2.0,micmac,C,Faible
plot_07272,2.0,micmac,M,Faible
plot_07273,2.0,micmac,C,Faible
plot_07274,2.0,micmac,D,Faible
plot_07275,2.0,micmac,C,Faible
plot_07276,2.0,micmac,D,Faible
plot_07277,2.0,micmac,M,Faible
plot_07278,2.0,micmac,C,Faible
plot_07279,2.0,micmac,D,Faible
plot_07280,2.0,micmac,D,Faible
plot_07281,2.0,micmac,D,Faible
plot_07282,2.0,micmac,D,Faible
plot_07283,2.0,micmac,C,Faible
plot_07284,2.0,micmac,C,Faible
plot_07285,2.0,micmac,D,Faible
plot_07286,2.0,micmac,D,Faible
plot_07287,2.0,micmac,D,Faible
plot_07288,2.0,micmac,C,Faible
plot_07289,2.0,micmac,C,Faible
plot_07290,2.0,micmac,M,Faible
plot_07291,2.0,micmac,D,Faible
plot_07292,2.0,micmac,C,Faible
plot_07293,2.0,micmac,C,Faible
plot_07294,2.0,micmac,C,Faible
plot_07295,2.0,micmac,D,Faible
plot_07296,2.0,micmac,D,Faible
plot_07297,2.0,micmac,D,Faible
plot_07298,2.0,micmac,C,Faible
plot_07299,2.0,micmac,D,Faible
plot_07300,2.0,micmac,D,Faible
plot_07301,2.0,micmac,C,Faible
plot_07302,2.0,micmac,D,Faible
plot_07303,2.0,micmac,C,Faible
plot_07304,2.0,micmac,C,Faible
plot_07305,2.0,micmac,D,Faible
plot_07306,2.0,micmac,D,Faible
plot_07307,3.0,micmac,D,Élevé
plot_07308,3.0,micmac,D,Élevé
plot_07309,3.0,micmac,C,Moyen
plot_07310,3.0,micmac,D,Élevé
plot_07311,3.0,micmac,D,Élevé
plot_07312,3.0,micmac,D,Moyen
plot_07313,3.0,micmac,C,Élevé
plot_07314,3.0,micmac,D,Élevé
plot_07315,3.0,micmac,D,Moyen
plot_07316,3.0,micmac,D,Moyen
plot_07317,3.0,micmac,D,Élevé
plot_07318,3.0,micmac,D,Moyen
plot_07319,3.0,micmac,D,Élevé
plot_07320,3.0,micmac,D,Élevé
plot_07321,3.0,micmac,D,Élevé
plot_07322,3.0,micmac,D,Élevé
plot_07323,2.0,micmac,D,Élevé
plot_07324,3.0,micmac,D,Moyen
plot_07325,3.0,micmac,D,Moyen
plot_07326,3.0,micmac,D,Moyen
plot_07327,2.0,micmac,D,Élevé
plot_07328,3.0,micmac,C,Moyen
plot_07329,3.0,micmac,D,Élevé
plot_07330,2.0,micmac,C,Faible
plot_07331,2.0,micmac,D,Moyen
plot_07332,3.0,micmac,D,Moyen
plot_07333,3.0,micmac,D,Moyen
plot_07334,2.0,micmac,D,Moyen
plot_07335,2.0,micmac,D,Moyen
plot_07336,2.0,micmac,D,Faible
plot_07337,2.0,micmac,D,Moyen
plot_07338,2.0,micmac,D,Moyen
plot_07339,2.0,micmac,D,Faible
plot_07340,2.0,micmac,M,Moyen
plot_07341,2.0,micmac,D,Élevé
plot_07342,2.0,micmac,C,Élevé
plot_07343,2.0,micmac,D,Moyen
plot_07344,2.0,micmac,D,Élevé
plot_07345,2.0,micmac,D,Moyen
plot_07346,2.0,micmac,D,Faible
plot_07347,2.0,micmac,D,Moyen
plot_07348,2.0,micmac,D,Faible
plot_07349,2.0,micmac,D,Faible
plot_07350,2.0,micmac,D,Moyen
plot_07351,2.0,micmac,D,Faible
plot_07352,2.0,micmac,C,Faible
plot_07353,2.0,micmac,D,Moyen
plot_07354,2.0,micmac,D,Faible
plot_07355,2.0,micmac,D,Moyen
plot_07356,2.0,micmac,M,Faible
plot_07357,2.0,micmac,D,Moyen
plot_07358,2.0,micmac,D,Moyen
plot_07359,2.0,micmac,D,Faible
plot_07360,2.0,micmac,D,Faible
plot_07361,2.0,micmac,M,Faible
plot_07362,2.0,micmac,C,Faible
plot_07363,2.0,micmac,D,Faible
plot_07364,2.0,micmac,C,Faible
plot_07365,2.0,micmac,C,Faible
plot_07366,1.0,micmac,D,Moyen
plot_07367,1.0,micmac,D,Faible
plot_07368,1.0,micmac,C,Faible
plot_07369,1.0,micmac,C,Faible
plot_07370,1.0,micmac,D,Faible
plot_07371,1.0,micmac,M,Faible
plot_07372,1.0,micmac,D,Faible
plot_07373,1.0,micmac,D,Faible
plot_07374,1.0,micmac,D,Faible
plot_07375,1.0,micmac,D,Faible
plot_07376,1.0,micmac,D,Faible
plot_07377,1.0,micmac,D,Faible
plot_07378,1.0,micmac,D,Faible
plot_07379,1.0,micmac,D,Faible
plot_07380,1.0,micmac,D,Faible
plot_07381,1.0,micmac,M,Faible
plot_07382,1.0,micmac,D,Faible
plot_07383,1.0,micmac,D,Faible
plot_07384,1.0,micmac,M,Faible
plot_07385,1.0,micmac,D,Faible
plot_07386,1.0,micmac,D,Faible
plot_07387,1.0,micmac,D,Faible
plot_07388,1.0,micmac,D,Faible
plot_07389,1.0,micmac,C,Faible
plot_07390,1.0,micmac,D,Faible
plot_07391,1.0,micmac,D,Faible
plot_07392,1.0,micmac,M,Faible
plot_07393,1.0,micmac,D,Faible
plot_07394,1.0,micmac,M,Faible
plot_07395,1.0,micmac,C,Faible
plot_07396,1.0,micmac,D,Faible
plot_07397,1.0,micmac,D,Faible
plot_07398,1.0,micmac,D,Faible
plot_07399,1.0,micmac,D,Faible
plot_07400,1.0,micmac,D,Faible
plot_07401,1.0,micmac,D,Faible
plot_07402,1.0,micmac,D,Faible
plot_07403,1.0,micmac,C,Faible
plot_07404,1.0,micmac,D,Faible
plot_07405,1.0,micmac,D,Faible
plot_07406,1.0,micmac,D,Faible
plot_07407,1.0,micmac,D,Faible
plot_07408,1.0,micmac,D,Faible
plot_07409,1.0,micmac,D,Faible
plot_07410,1.0,micmac,D,Faible
plot_07411,1.0,micmac,D,Faible
plot_07412,1.0,micmac,M,Faible
plot_07413,1.0,micmac,D,Faible
plot_07414,1.0,micmac,D,Faible
plot_07415,1.0,micmac,D,Faible
plot_07416,1.0,micmac,D,Faible
plot_07417,1.0,micmac,D,Faible
plot_07418,1.0,micmac,D,Faible
plot_07419,1.0,micmac,D,Faible
plot_07420,1.0,micmac,D,Faible
plot_07421,1.0,micmac,D,Faible
plot_07422,1.0,micmac,D,Faible
plot_07423,1.0,micmac,D,Faible
plot_07424,1.0,micmac,D,Faible
plot_07425,1.0,micmac,D,Faible
plot_07426,1.0,micmac,D,Faible
plot_07427,1.0,micmac,D,Faible
plot_07428,1.0,micmac,D,Faible
plot_07429,1.0,micmac,D,Faible
plot_07430,2.0,micmac,D,Faible
plot_07431,1.0,micmac,D,Faible
plot_07432,1.0,micmac,D,Faible
plot_07433,1.0,micmac,D,Faible
plot_07434,1.0,micmac,D,Faible
plot_07435,1.0,micmac,D,Faible
plot_07436,1.0,micmac,D,Faible
plot_07437,1.0,micmac,D,Moyen
plot_07438,1.0,micmac,D,Faible
plot_07439,1.0,micmac,D,Faible
plot_07440,2.0,micmac,D,Moyen
plot_07441,2.0,micmac,D,Moyen
plot_07442,2.0,micmac,D,Moyen
plot_07443,1.0,micmac,M,Faible
plot_07444,1.0,micmac,D,Faible
plot_07445,1.0,micmac,D,Faible
plot_07446,1.0,micmac,D,Faible
plot_07447,1.0,micmac,D,Faible
plot_07448,1.0,micmac,D,Faible
plot_07449,1.0,micmac,M,Faible
plot_07450,1.0,micmac,D,Faible
plot_07451,1.0,micmac,D,Faible
plot_07452,1.0,micmac,C,Faible
plot_07453,1.0,micmac,M,Faible
plot_07454,1.0,micmac,D,Faible
plot_07455,1.0,micmac,M,Faible
plot_07456,1.0,micmac,D,Faible
plot_07457,1.0,micmac,C,Faible
plot_07458,1.0,micmac,D,Faible
plot_07459,1.0,micmac,C,Faible
plot_07460,1.0,micmac,D,Faible
plot_07461,1.0,micmac,D,Faible
plot_07462,1.0,micmac,D,Faible
plot_07463,1.0,micmac,D,Faible
plot_07464,1.0,micmac,C,Faible
plot_07465,1.0,micmac,D,Faible
plot_07466,1.0,micmac,D,Faible
plot_07467,1.0,micmac,D,Faible
plot_07468,1.0,micmac,D,Faible
plot_07469,1.0,micmac,D,Faible
plot_07470,1.0,micmac,D,Faible
plot_07471,1.0,micmac,D,Faible
plot_07472,1.0,micmac,D,Faible
plot_07473,1.0,micmac,D,Faible
plot_07474,1.0,micmac,D,Faible
plot_07475,1.0,micmac,D,Faible
plot_07476,1.0,micmac,D,Faible
plot_07477,1.0,micmac,C,Faible
plot_07478,1.0,micmac,D,Faible
plot_07479,1.0,micmac,D,Faible
plot_07480,1.0,micmac,D,Faible
plot_07481,1.0,micmac,D,Faible
plot_07482,1.0,micmac,D,Faible
plot_07483,1.0,micmac,D,Faible
plot_07484,1.0,micmac,D,Faible
plot_07485,1.0,micmac,M,Faible
plot_07486,1.0,micmac,D,Faible
plot_07487,1.0,micmac,D,Faible
plot_07488,1.0,micmac,D,Faible
plot_07489,1.0,micmac,C,Faible
plot_07490,1.0,micmac,D,Faible
plot_07491,1.0,micmac,D,Faible
plot_07492,1.0,micmac,D,Faible
plot_07493,1.0,micmac,D,Faible
plot_07494,1.0,micmac,D,Faible
plot_07495,1.0,micmac,D,Faible
plot_07496,1.0,micmac,D,Faible
plot_07497,1.0,micmac,M,Faible
plot_07498,1.0,micmac,C,Faible
plot_07499,1.0,micmac,M,Faible
plot_07500,1.0,micmac,C,Faible
plot_07501,1.0,micmac,C,Faible
plot_07502,1.0,micmac,D,Faible
plot_07503,1.0,micmac,D,Faible
plot_07504,1.0,micmac,D,Faible
plot_07593,2.0,micmac,D,Faible
plot_07594,2.0,micmac,D,Moyen
plot_07595,2.0,micmac,D,Moyen
plot_07596,2.0,micmac,D,Faible
plot_07597,2.0,micmac,M,Moyen
plot_07598,2.0,micmac,M,Moyen
plot_07599,2.0,micmac,D,Moyen
plot_07600,2.0,micmac,D,Moyen
plot_07601,2.0,micmac,D,Moyen
plot_07602,2.0,micmac,D,Faible
plot_07603,2.0,micmac,D,Moyen
plot_07604,2.0,micmac,D,Moyen
plot_07605,2.0,micmac,D,Moyen
plot_07606,2.0,micmac,D,Moyen
plot_07607,2.0,micmac,D,Moyen
plot_07608,2.0,micmac,D,Moyen
plot_07609,2.0,micmac,D,Moyen
plot_07610,2.0,micmac,D,Moyen
plot_07611,2.0,micmac,D,Faible
plot_07612,2.0,micmac,D,Moyen
plot_07613,2.0,micmac,D,Moyen
plot_07614,2.0,micmac,D,Moyen
plot_07615,2.0,micmac,D,Moyen
plot_07616,2.0,micmac,D,Faible
plot_07617,2.0,micmac,D,Moyen
plot_07618,2.0,micmac,D,Moyen
plot_07619,3.0,micmac,D,Moyen
plot_07620,2.0,micmac,D,Moyen
plot_07621,2.0,micmac,D,Moyen
plot_07622,2.0,micmac,C,Moyen
plot_07623,3.0,micmac,D,Moyen
plot_07624,3.0,micmac,M,Élevé
plot_07625,3.0,micmac,D,Élevé
plot_07626,3.0,micmac,D,Élevé
plot_07627,2.0,micmac,D,Moyen
plot_07628,2.0,micmac,D,Moyen
plot_07629,3.0,micmac,D,Moyen
plot_07630,2.0,micmac,D,Moyen
plot_07631,3.0,micmac,M,Élevé
plot_07632,3.0,micmac,D,Élevé
plot_07633,3.0,micmac,D,Moyen
plot_07634,3.0,micmac,C,Élevé
plot_07635,3.0,micmac,D,Élevé
plot_07636,3.0,micmac,M,Élevé
plot_07637,3.0,micmac,M,Élevé
plot_07638,3.0,micmac,M,Élevé
plot_07639,3.0,micmac,D,Élevé
plot_07640,3.0,micmac,D,Élevé
plot_07641,3.0,micmac,D,Élevé
plot_07642,3.0,micmac,M,Élevé
plot_07643,3.0,micmac,M,Élevé
plot_07644,3.0,micmac,D,Moyen
plot_07645,3.0,micmac,D,Élevé
plot_07646,3.0,micmac,M,Élevé
plot_07647,3.0,micmac,C,Élevé
plot_07648,3.0,micmac,M,Élevé
plot_07649,3.0,micmac,D,Élevé
plot_07650,3.0,micmac,D,Élevé
plot_07651,3.0,micmac,M,Élevé
plot_07652,3.0,micmac,D,Élevé
plot_07653,3.0,micmac,M,Élevé
plot_07654,3.0,micmac,D,Élevé
plot_07655,3.0,micmac,C,Élevé
plot_07656,3.0,micmac,C,Élevé
plot_07657,3.0,micmac,D,Élevé
plot_07658,3.0,micmac,D,Élevé
plot_07659,3.0,micmac,C,Élevé
plot_07660,3.0,micmac,M,Élevé
plot_07661,3.0,micmac,D,Moyen
plot_07662,3.0,micmac,M,Élevé
plot_07663,3.0,micmac,D,Élevé
plot_07664,3.0,micmac,M,Élevé
plot_07665,3.0,micmac,C,Élevé
plot_07666,3.0,micmac,D,Élevé
plot_07667,3.0,micmac,D,Élevé
plot_07668,3.0,micmac,M,Élevé
plot_07669,3.0,micmac,M,Élevé
plot_07670,3.0,micmac,M,Élevé
plot_07671,3.0,micmac,D,Élevé
plot_07672,3.0,micmac,D,Élevé
plot_07673,3.0,micmac,M,Élevé
plot_07674,3.0,micmac,M,Élevé
plot_07675,3.0,micmac,C,Élevé
plot_07676,3.0,micmac,M,Élevé
plot_07677,3.0,micmac,M,Élevé
plot_07678,3.0,micmac,D,Élevé
plot_07679,3.0,micmac,M,Élevé
plot_07680,3.0,micmac,M,Élevé
plot_07681,3.0,micmac,C,Élevé
plot_07682,3.0,micmac,M,Élevé
plot_07683,3.0,micmac,M,Élevé
plot_07684,3.0,micmac,M,Élevé
plot_07685,3.0,micmac,M,Élevé
plot_07686,3.0,micmac,M,Élevé
plot_07687,3.0,micmac,M,Élevé
plot_07688,3.0,micmac,M,Élevé
plot_07689,2.0,micmac,C,Faible
plot_07690,2.0,micmac,C,Faible
plot_07691,2.0,micmac,C,Faible
plot_07692,2.0,micmac,M,Faible
plot_07693,2.0,micmac,C,Faible
plot_07694,2.0,micmac,C,Faible
plot_07695,2.0,micmac,C,Faible
plot_07696,2.0,micmac,C,Faible
plot_07697,2.0,micmac,C,Faible
plot_07698,2.0,micmac,C,Faible
plot_07699,2.0,micmac,C,Faible
plot_07700,2.0,micmac,M,Faible
plot_07701,2.0,micmac,C,Faible
plot_07702,2.0,micmac,C,Faible
plot_07703,2.0,micmac,C,Faible
plot_07704,2.0,micmac,M,Faible
plot_07705,2.0,micmac,C,Faible
plot_07706,2.0,micmac,C,Faible
plot_07707,2.0,micmac,C,Faible
plot_07708,2.0,micmac,C,Faible
plot_07709,2.0,micmac,C,Faible
plot_07710,2.0,micmac,C,Faible
plot_07711,2.0,micmac,C,Faible
plot_07712,2.0,micmac,C,Faible
plot_07713,2.0,micmac,C,Faible
plot_07714,2.0,micmac,D,Faible
plot_07715,2.0,micmac,C,Faible
plot_07716,2.0,micmac,C,Faible
plot_07717,2.0,micmac,C,Faible
plot_07718,2.0,micmac,C,Faible
plot_07719,2.0,micmac,C,Faible
plot_07720,2.0,micmac,C,Faible
plot_07721,2.0,micmac,C,Faible
plot_07722,2.0,micmac,D,Faible
plot_07723,2.0,micmac,C,Faible
plot_07724,2.0,micmac,C,Faible
plot_07725,2.0,micmac,C,Faible
plot_07726,2.0,micmac,C,Faible
plot_07727,2.0,micmac,C,Faible
plot_07728,2.0,micmac,C,Faible
plot_07729,2.0,micmac,C,Faible
plot_07730,2.0,micmac,C,Faible
plot_07731,2.0,micmac,C,Faible
plot_07732,2.0,micmac,C,Faible
plot_07733,2.0,micmac,C,Faible
plot_07734,2.0,micmac,C,Faible
plot_07735,2.0,micmac,C,Faible
plot_07736,2.0,micmac,C,Faible
plot_07737,2.0,micmac,C,Faible
plot_07738,2.0,micmac,D,Faible
plot_07739,2.0,micmac,D,Faible
plot_07740,2.0,micmac,D,Faible
plot_07741,2.0,micmac,D,Faible
plot_07742,2.0,micmac,C,Faible
plot_07743,2.0,micmac,D,Faible
plot_07744,2.0,micmac,C,Faible
plot_07745,2.0,micmac,M,Faible
plot_07746,2.0,micmac,C,Faible
plot_07747,2.0,micmac,D,Faible
plot_07748,2.0,micmac,C,Faible
plot_07749,2.0,micmac,C,Faible
plot_07750,2.0,micmac,D,Faible
plot_07751,2.0,micmac,C,Faible
plot_07752,2.0,micmac,C,Faible
plot_07753,2.0,micmac,D,Faible
plot_07754,2.0,micmac,C,Faible
plot_07755,2.0,micmac,C,Faible
plot_07756,2.0,micmac,C,Faible
plot_07757,2.0,micmac,C,Faible
plot_07758,2.0,micmac,C,Faible
plot_07759,2.0,micmac,D,Faible
plot_07760,2.0,micmac,D,Faible
plot_07761,2.0,micmac,C,Faible
plot_07762,2.0,micmac,C,Faible
plot_07763,2.0,micmac,C,Faible
plot_07764,2.0,micmac,C,Faible
plot_07765,2.0,micmac,C,Faible
plot_07766,2.0,micmac,D,Faible
plot_07767,2.0,micmac,C,Faible
plot_07768,2.0,micmac,C,Faible
plot_07769,2.0,micmac,D,Faible
plot_07770,2.0,micmac,C,Faible
plot_07771,2.0,micmac,C,Faible
plot_07772,2.0,micmac,D,Faible
plot_07773,2.0,micmac,D,Faible
plot_07774,2.0,micmac,D,Faible
plot_07775,2.0,micmac,D,Faible
plot_07776,2.0,micmac,C,Faible
plot_07777,2.0,micmac,C,Faible
plot_07778,2.0,micmac,D,Faible
plot_07779,2.0,micmac,C,Faible
plot_07780,2.0,micmac,C,Faible
plot_07781,2.0,micmac,C,Faible
plot_07782,2.0,micmac,C,Faible
plot_07783,2.0,micmac,C,Faible
plot_07784,2.0,micmac,M,Faible
plot_07785,2.0,micmac,D,Faible
plot_07786,2.0,micmac,C,Faible
plot_07787,2.0,micmac,C,Faible
plot_07788,2.0,micmac,C,Faible
plot_07789,2.0,micmac,D,Faible
plot_07890,3.0,micmac,C,Élevé
plot_07891,3.0,micmac,C,Élevé
plot_07892,3.0,micmac,C,Élevé
plot_07893,3.0,micmac,D,Élevé
plot_07894,3.0,micmac,C,Élevé
plot_07895,3.0,micmac,C,Élevé
plot_07896,2.0,micmac,D,Moyen
plot_07897,3.0,micmac,M,Élevé
plot_07898,3.0,micmac,C,Élevé
plot_07899,3.0,micmac,C,Élevé
plot_07900,3.0,micmac,C,Élevé
plot_07901,3.0,micmac,D,Élevé
plot_07902,2.0,micmac,D,Moyen
plot_07903,2.0,micmac,D,Moyen
plot_07904,3.0,micmac,C,Élevé
plot_07905,3.0,micmac,D,Moyen
plot_07906,3.0,micmac,M,Élevé
plot_07907,3.0,micmac,D,Élevé
plot_07908,3.0,micmac,M,Élevé
plot_07909,3.0,micmac,C,Élevé
plot_07910,3.0,micmac,D,Élevé
plot_07911,3.0,micmac,D,Élevé
plot_07912,2.0,micmac,C,Moyen
plot_07913,3.0,micmac,C,Élevé
plot_07914,3.0,micmac,C,Élevé
plot_07915,3.0,micmac,C,Élevé
plot_07916,3.0,micmac,C,Élevé
plot_07917,3.0,micmac,D,Élevé
plot_07918,2.0,micmac,D,Moyen
plot_07919,2.0,micmac,D,Moyen
plot_07920,3.0,micmac,D,Élevé
plot_07921,3.0,micmac,M,Élevé
plot_07922,2.0,micmac,D,Moyen
plot_07923,3.0,micmac,D,Élevé
plot_07924,3.0,micmac,M,Élevé
plot_07925,2.0,micmac,D,Moyen
plot_07926,3.0,micmac,D,Élevé
plot_07927,2.0,micmac,D,Élevé
plot_07928,3.0,micmac,C,Élevé
plot_07929,3.0,micmac,D,Élevé
plot_07930,3.0,micmac,C,Élevé
plot_07931,3.0,micmac,M,Élevé
plot_07932,3.0,micmac,C,Élevé
plot_07933,3.0,micmac,M,Élevé
plot_07934,3.0,micmac,D,Élevé
plot_07935,3.0,micmac,M,Élevé
plot_07936,3.0,micmac,M,Élevé
plot_07937,3.0,micmac,M,Élevé
plot_07938,3.0,micmac,M,Élevé
plot_07939,3.0,micmac,D,Moyen
plot_07940,2.0,micmac,D,Élevé
plot_07941,2.0,micmac,D,Élevé
plot_07942,2.0,micmac,D,Moyen
plot_07943,2.0,micmac,C,Élevé
plot_07944,2.0,micmac,D,Élevé
plot_07945,3.0,micmac,C,Élevé
plot_07946,2.0,micmac,M,Élevé
plot_07947,3.0,micmac,C,Élevé
plot_07948,2.0,micmac,D,Élevé
plot_07949,2.0,micmac,D,Élevé
plot_07950,2.0,micmac,M,Élevé
plot_07951,2.0,micmac,M,Élevé
plot_07952,3.0,micmac,M,Élevé
plot_07953,3.0,micmac,C,Élevé
plot_07954,3.0,micmac,D,Élevé
plot_07955,2.0,micmac,C,Élevé
plot_07956,2.0,micmac,D,Élevé
plot_07957,2.0,micmac,M,Élevé
plot_07958,3.0,micmac,C,Élevé
plot_07959,3.0,micmac,C,Élevé
plot_07960,2.0,micmac,M,Élevé
plot_07961,2.0,micmac,C,Élevé
plot_07962,3.0,micmac,M,Élevé
plot_07963,3.0,micmac,D,Élevé
plot_07964,3.0,micmac,M,Élevé
plot_07965,2.0,micmac,M,Élevé
plot_07966,2.0,micmac,C,Élevé
plot_07967,2.0,micmac,C,Élevé
plot_07968,3.0,micmac,C,Élevé
plot_07969,3.0,micmac,C,Élevé
plot_07970,3.0,micmac,D,Élevé
plot_07971,3.0,micmac,M,Élevé
plot_07972,2.0,micmac,C,Élevé
plot_07973,2.0,micmac,D,Élevé
plot_07974,2.0,micmac,D,Élevé
plot_07975,3.0,micmac,M,Élevé
plot_07976,3.0,micmac,C,Élevé
plot_07977,2.0,micmac,D,Élevé
plot_07978,2.0,micmac,M,Élevé
plot_07979,3.0,micmac,C,Élevé
plot_07980,2.0,micmac,C,Élevé
plot_07981,2.0,micmac,C,Élevé
plot_07982,3.0,micmac,C,Élevé
plot_07983,3.0,micmac,C,Élevé
plot_07984,2.0,micmac,D,Élevé
plot_07985,2.0,micmac,D,Élevé
plot_07986,2.0,micmac,M,Élevé
plot_07987,2.0,micmac,C,Élevé
plot_07988,3.0,micmac,M,Élevé
plot_07989,2.0,micmac,C,Élevé
plot_07990,3.0,micmac,D,Élevé
plot_07991,2.0,micmac,C,Élevé
plot_07992,3.0,micmac,D,Élevé
plot_07993,2.0,micmac,D,Élevé
plot_07994,2.0,micmac,M,Élevé
plot_07995,3.0,micmac,C,Élevé
plot_07996,2.0,micmac,D,Élevé
plot_07997,3.0,micmac,C,Élevé
plot_07998,3.0,micmac,D,Élevé
plot_07999,2.0,micmac,M,Élevé
plot_08000,2.0,micmac,C,Élevé
plot_08001,2.0,micmac,D,Élevé
plot_08002,2.0,micmac,D,Élevé
plot_08003,2.0,micmac,C,Élevé
plot_08004,2.0,micmac,C,Élevé
plot_08005,2.0,micmac,M,Élevé
plot_08006,2.0,micmac,C,Élevé
plot_08007,2.0,micmac,C,Élevé
plot_08008,2.0,micmac,C,Élevé
plot_08009,2.0,micmac,C,Élevé
plot_08010,2.0,micmac,M,Élevé
plot_08011,2.0,micmac,C,Élevé
plot_08012,2.0,micmac,D,Élevé
plot_08013,2.0,micmac,C,Élevé
plot_08014,2.0,micmac,C,Élevé
plot_08015,2.0,micmac,C,Élevé
plot_08016,2.0,micmac,D,Élevé
plot_08017,2.0,micmac,C,Élevé
plot_08018,3.0,micmac,C,Élevé
plot_08019,2.0,micmac,D,Élevé
plot_08020,3.0,micmac,C,Élevé
plot_08021,3.0,micmac,D,Élevé
plot_08022,1.0,micmac,D,Faible
plot_08022,1.0,micmac,D,Faible
plot_08022,1.0,micmac,D,Faible
plot_08022,1.0,micmac,D,Faible
plot_08023,1.0,micmac,D,Faible
plot_08023,1.0,micmac,D,Faible
plot_08023,1.0,micmac,D,Faible
plot_08023,1.0,micmac,D,Faible
plot_08024,1.0,micmac,D,Faible
plot_08024,1.0,micmac,D,Faible
plot_08024,1.0,micmac,D,Faible
plot_08024,1.0,micmac,D,Faible
plot_08025,1.0,micmac,D,Faible
plot_08025,1.0,micmac,D,Faible
plot_08025,1.0,micmac,D,Faible
plot_08025,1.0,micmac,D,Faible
plot_08026,1.0,micmac,D,Faible
plot_08026,1.0,micmac,D,Faible
plot_08026,1.0,micmac,D,Faible
plot_08026,1.0,micmac,D,Faible
plot_08027,1.0,micmac,D,Faible
plot_08027,1.0,micmac,D,Faible
plot_08027,1.0,micmac,D,Faible
plot_08027,1.0,micmac,D,Faible
plot_08028,1.0,micmac,D,Faible
plot_08028,1.0,micmac,D,Faible
plot_08028,1.0,micmac,D,Faible
plot_08028,1.0,micmac,D,Faible
plot_08029,1.0,micmac,D,Faible
plot_08029,1.0,micmac,D,Faible
plot_08029,1.0,micmac,D,Faible
plot_08029,1.0,micmac,D,Faible
plot_08030,1.0,micmac,D,Faible
plot_08030,1.0,micmac,D,Faible
plot_08030,1.0,micmac,D,Faible
plot_08030,1.0,micmac,D,Faible
plot_08031,1.0,micmac,D,Faible
plot_08031,1.0,micmac,D,Faible
plot_08031,1.0,micmac,D,Faible
plot_08031,1.0,micmac,D,Faible
plot_08032,1.0,micmac,C,Faible
plot_08032,1.0,micmac,C,Faible
plot_08032,1.0,micmac,C,Faible
plot_08032,1.0,micmac,C,Faible
plot_08033,1.0,micmac,D,Faible
plot_08033,1.0,micmac,D,Faible
plot_08033,1.0,micmac,D,Faible
plot_08033,1.0,micmac,D,Faible
plot_08034,1.0,micmac,C,Faible
plot_08034,1.0,micmac,C,Faible
plot_08034,1.0,micmac,C,Faible
plot_08034,1.0,micmac,C,Faible
plot_08035,1.0,micmac,D,Faible
plot_08035,1.0,micmac,D,Faible
plot_08035,1.0,micmac,D,Faible
plot_08035,1.0,micmac,D,Faible
plot_08036,1.0,micmac,D,Faible
plot_08036,1.0,micmac,D,Faible
plot_08036,1.0,micmac,D,Faible
plot_08036,1.0,micmac,D,Faible
plot_08037,1.0,micmac,D,Faible
plot_08037,1.0,micmac,D,Faible
plot_08037,1.0,micmac,D,Faible
plot_08037,1.0,micmac,D,Faible
plot_08038,1.0,micmac,D,Faible
plot_08038,1.0,micmac,D,Faible
plot_08038,1.0,micmac,D,Faible
plot_08038,1.0,micmac,D,Faible
plot_08039,1.0,micmac,D,Faible
plot_08039,1.0,micmac,D,Faible
plot_08039,1.0,micmac,D,Faible
plot_08039,1.0,micmac,D,Faible
plot_08040,1.0,micmac,C,Faible
plot_08040,1.0,micmac,C,Faible
plot_08040,1.0,micmac,C,Faible
plot_08040,1.0,micmac,C,Faible
plot_08041,1.0,micmac,D,Faible
plot_08041,1.0,micmac,D,Faible
plot_08041,1.0,micmac,D,Faible
plot_08041,1.0,micmac,D,Faible
plot_08042,1.0,micmac,D,Faible
plot_08042,1.0,micmac,D,Faible
plot_08042,1.0,micmac,D,Faible
plot_08042,1.0,micmac,D,Faible
plot_08043,1.0,micmac,D,Faible
plot_08043,1.0,micmac,D,Faible
plot_08043,1.0,micmac,D,Faible
plot_08043,1.0,micmac,D,Faible
plot_08044,1.0,micmac,D,Faible
plot_08044,1.0,micmac,D,Faible
plot_08044,1.0,micmac,D,Faible
plot_08044,1.0,micmac,D,Faible
plot_08045,1.0,micmac,D,Faible
plot_08045,1.0,micmac,D,Faible
plot_08045,1.0,micmac,D,Faible
plot_08045,1.0,micmac,D,Faible
plot_08046,1.0,micmac,D,Faible
plot_08046,1.0,micmac,D,Faible
plot_08046,1.0,micmac,D,Faible
plot_08046,1.0,micmac,D,Faible
plot_08047,1.0,micmac,D,Faible
plot_08047,1.0,micmac,D,Faible
plot_08047,1.0,micmac,D,Faible
plot_08047,1.0,micmac,D,Faible
plot_08048,1.0,micmac,D,Faible
plot_08048,1.0,micmac,D,Faible
plot_08048,1.0,micmac,D,Faible
plot_08048,1.0,micmac,D,Faible
plot_08049,1.0,micmac,D,Faible
plot_08050,1.0,micmac,D,Faible
plot_08051,1.0,micmac,D,Faible
plot_08052,1.0,micmac,D,Faible
plot_08053,1.0,micmac,D,Faible
plot_08054,1.0,micmac,D,Faible
plot_08055,1.0,micmac,D,Faible
plot_08056,1.0,micmac,C,Faible
plot_08057,1.0,micmac,D,Faible
plot_08058,1.0,micmac,D,Faible
plot_08059,1.0,micmac,D,Faible
plot_08060,1.0,micmac,D,Faible
plot_08061,1.0,micmac,M,Faible
plot_08062,1.0,micmac,D,Faible
plot_08063,1.0,micmac,D,Faible
plot_08064,1.0,micmac,D,Faible
plot_08065,1.0,micmac,C,Faible
plot_08066,1.0,micmac,C,Faible
plot_08067,1.0,micmac,D,Faible
plot_08068,1.0,micmac,D,Faible
plot_08069,1.0,micmac,D,Faible
plot_08070,1.0,micmac,D,Faible
plot_08071,1.0,micmac,M,Faible
plot_08072,1.0,micmac,C,Faible
plot_08073,1.0,micmac,C,Faible
plot_08074,1.0,micmac,D,Faible
plot_08075,1.0,micmac,D,Faible
plot_08076,1.0,micmac,C,Faible
plot_08077,1.0,micmac,D,Faible
plot_08078,1.0,micmac,D,Faible
plot_08079,1.0,micmac,D,Faible
plot_08080,1.0,micmac,M,Faible
plot_08081,1.0,micmac,D,Faible
plot_08082,1.0,micmac,D,Faible
plot_08083,1.0,micmac,D,Faible
plot_08084,1.0,micmac,D,Faible
plot_08085,1.0,micmac,C,Faible
plot_08086,1.0,micmac,D,Faible
plot_08087,1.0,micmac,D,Faible
plot_08088,1.0,micmac,D,Faible
plot_08089,1.0,micmac,M,Faible
plot_08090,1.0,micmac,D,Faible
plot_08091,1.0,micmac,D,Faible
plot_08092,1.0,micmac,D,Faible
plot_08093,1.0,micmac,D,Faible
plot_08094,1.0,micmac,M,Faible
plot_08095,1.0,micmac,D,Faible
plot_08096,1.0,micmac,D,Faible
plot_08097,1.0,micmac,M,Faible
plot_08098,1.0,micmac,D,Faible
plot_08099,1.0,micmac,D,Faible
plot_08100,1.0,micmac,M,Faible
plot_08101,1.0,micmac,D,Faible
plot_08102,1.0,micmac,D,Faible
plot_08103,1.0,micmac,D,Faible
plot_08104,1.0,micmac,D,Faible
plot_08105,1.0,micmac,D,Moyen
plot_08106,1.0,micmac,D,Faible
plot_08107,1.0,micmac,D,Faible
plot_08108,1.0,micmac,D,Faible
plot_08109,1.0,micmac,D,Faible
plot_08110,1.0,micmac,D,Faible
plot_08111,1.0,micmac,D,Faible
plot_08112,1.0,micmac,D,Moyen
plot_08113,1.0,micmac,D,Faible
plot_08114,1.0,micmac,D,Faible
plot_08115,1.0,micmac,D,Faible
plot_08116,1.0,micmac,D,Faible
plot_08117,1.0,micmac,D,Faible
plot_08118,1.0,micmac,D,Faible
plot_08119,1.0,micmac,D,Faible
plot_08120,2.0,micmac,C,Moyen
plot_08121,2.0,micmac,M,Moyen
plot_08122,2.0,micmac,C,Moyen
plot_08123,2.0,micmac,D,Faible
plot_08124,2.0,micmac,D,Moyen
plot_08125,2.0,micmac,D,Moyen
plot_08126,2.0,micmac,M,Faible
plot_08127,2.0,micmac,D,Moyen
plot_08128,2.0,micmac,D,Moyen
plot_08129,2.0,micmac,D,Moyen
plot_08130,2.0,micmac,D,Moyen
plot_08131,2.0,micmac,D,Moyen
plot_08132,2.0,micmac,D,Moyen
plot_08133,2.0,micmac,D,Moyen
plot_08134,2.0,micmac,D,Moyen
plot_08135,2.0,micmac,D,Moyen
plot_08136,2.0,micmac,D,Moyen
plot_08137,2.0,micmac,D,Moyen
plot_08138,2.0,micmac,D,Moyen
plot_08139,2.0,micmac,D,Moyen
plot_08140,2.0,micmac,D,Moyen
plot_08141,2.0,micmac,D,Faible
plot_08142,2.0,micmac,D,Faible
plot_08143,2.0,micmac,D,Moyen
plot_08144,2.0,micmac,D,Moyen
plot_08145,2.0,micmac,D,Moyen
plot_08146,2.0,micmac,D,Faible
plot_08147,2.0,micmac,D,Moyen
plot_08148,2.0,micmac,D,Moyen
plot_08149,2.0,micmac,D,Moyen
plot_08150,2.0,micmac,D,Moyen
plot_08151,2.0,micmac,D,Moyen
plot_08152,2.0,micmac,D,Moyen
plot_08153,2.0,micmac,D,Moyen
plot_08154,2.0,micmac,D,Moyen
plot_08155,2.0,micmac,D,Faible
plot_08156,2.0,micmac,D,Faible
plot_08157,2.0,micmac,D,Moyen
plot_08158,2.0,micmac,D,Moyen
plot_08159,2.0,micmac,M,Moyen
plot_08160,2.0,micmac,D,Moyen
plot_08161,2.0,micmac,D,Moyen
plot_08162,2.0,micmac,D,Moyen
plot_08163,2.0,micmac,D,Moyen
plot_08164,2.0,micmac,D,Moyen
plot_08165,2.0,micmac,D,Moyen
plot_08166,2.0,micmac,D,Moyen
plot_08167,2.0,micmac,D,Moyen
plot_08168,2.0,micmac,D,Moyen
plot_08169,2.0,micmac,D,Élevé
plot_08170,2.0,micmac,D,Moyen
plot_08171,2.0,micmac,D,Élevé
plot_08172,2.0,micmac,D,Élevé
plot_08173,2.0,micmac,D,Moyen
plot_08174,2.0,micmac,D,Moyen
plot_08175,2.0,micmac,D,Moyen
plot_08176,2.0,micmac,C,Faible
plot_08177,2.0,micmac,D,Faible
plot_08178,2.0,micmac,D,Faible
plot_08179,2.0,micmac,D,Faible
plot_08180,2.0,micmac,C,Faible
plot_08181,2.0,micmac,C,Faible
plot_08182,2.0,micmac,C,Faible
plot_08183,2.0,micmac,D,Faible
plot_08184,2.0,micmac,C,Faible
plot_08185,2.0,micmac,D,Faible
plot_08186,2.0,micmac,C,Faible
plot_08187,2.0,micmac,D,Faible
plot_08188,2.0,micmac,D,Faible
plot_08189,2.0,micmac,C,Faible
plot_08190,2.0,micmac,M,Faible
plot_08191,2.0,micmac,M,Faible
plot_08192,2.0,micmac,D,Faible
plot_08193,2.0,micmac,C,Faible
plot_08194,2.0,micmac,D,Faible
plot_08195,2.0,micmac,D,Faible
plot_08196,2.0,micmac,D,Faible
plot_08197,2.0,micmac,D,Faible
plot_08198,2.0,micmac,D,Faible
plot_08199,2.0,micmac,D,Faible
plot_08200,2.0,micmac,D,Faible
plot_08201,2.0,micmac,D,Faible
plot_08202,2.0,micmac,M,Moyen
plot_08203,2.0,micmac,D,Faible
plot_08204,2.0,micmac,D,Faible
plot_08205,2.0,micmac,D,Faible
plot_08206,2.0,micmac,D,Faible
plot_08207,2.0,micmac,D,Faible
plot_08208,2.0,micmac,D,Moyen
plot_08209,2.0,micmac,D,Faible
plot_08210,2.0,micmac,M,Faible
plot_08211,2.0,micmac,D,Moyen
plot_08212,2.0,micmac,D,Faible
plot_08296,1.0,micmac,D,Faible
plot_08296,1.0,micmac,D,Faible
plot_08296,1.0,micmac,D,Faible
plot_08296,1.0,micmac,D,Faible
plot_08297,1.0,micmac,D,Faible
plot_08297,1.0,micmac,D,Faible
plot_08297,1.0,micmac,D,Faible
plot_08297,1.0,micmac,D,Faible
plot_08298,1.0,micmac,D,Faible
plot_08298,1.0,micmac,D,Faible
plot_08298,1.0,micmac,D,Faible
plot_08298,1.0,micmac,D,Faible
plot_08299,1.0,micmac,C,Faible
plot_08299,1.0,micmac,C,Faible
plot_08299,1.0,micmac,C,Faible
plot_08299,1.0,micmac,C,Faible
plot_08300,1.0,micmac,D,Faible
plot_08300,1.0,micmac,D,Faible
plot_08300,1.0,micmac,D,Faible
plot_08300,1.0,micmac,D,Faible
plot_08301,1.0,micmac,D,Faible
plot_08301,1.0,micmac,D,Faible
plot_08301,1.0,micmac,D,Faible
plot_08301,1.0,micmac,D,Faible
plot_08302,1.0,micmac,D,Faible
plot_08302,1.0,micmac,D,Faible
plot_08302,1.0,micmac,D,Faible
plot_08302,1.0,micmac,D,Faible
plot_08303,1.0,micmac,M,Faible
plot_08303,1.0,micmac,M,Faible
plot_08303,1.0,micmac,M,Faible
plot_08303,1.0,micmac,M,Faible
plot_08304,1.0,micmac,D,Faible
plot_08304,1.0,micmac,D,Faible
plot_08304,1.0,micmac,D,Faible
plot_08304,1.0,micmac,D,Faible
plot_08305,1.0,micmac,D,Faible
plot_08305,1.0,micmac,D,Faible
plot_08305,1.0,micmac,D,Faible
plot_08305,1.0,micmac,D,Faible
plot_08306,1.0,micmac,D,Faible
plot_08306,1.0,micmac,D,Faible
plot_08306,1.0,micmac,D,Faible
plot_08306,1.0,micmac,D,Faible
plot_08307,1.0,micmac,D,Faible
plot_08307,1.0,micmac,D,Faible
plot_08307,1.0,micmac,D,Faible
plot_08307,1.0,micmac,D,Faible
plot_08308,1.0,micmac,D,Faible
plot_08308,1.0,micmac,D,Faible
plot_08308,1.0,micmac,D,Faible
plot_08308,1.0,micmac,D,Faible
plot_08309,1.0,micmac,C,Faible
plot_08309,1.0,micmac,C,Faible
plot_08309,1.0,micmac,C,Faible
plot_08309,1.0,micmac,C,Faible
plot_08310,1.0,micmac,D,Faible
plot_08310,1.0,micmac,D,Faible
plot_08310,1.0,micmac,D,Faible
plot_08310,1.0,micmac,D,Faible
plot_08311,1.0,micmac,D,Faible
plot_08311,1.0,micmac,D,Faible
plot_08311,1.0,micmac,D,Faible
plot_08311,1.0,micmac,D,Faible
plot_08312,1.0,micmac,D,Faible
plot_08312,1.0,micmac,D,Faible
plot_08312,1.0,micmac,D,Faible
plot_08312,1.0,micmac,D,Faible
plot_08313,1.0,micmac,D,Faible
plot_08313,1.0,micmac,D,Faible
plot_08313,1.0,micmac,D,Faible
plot_08313,1.0,micmac,D,Faible
plot_08314,1.0,micmac,D,Faible
plot_08314,1.0,micmac,D,Faible
plot_08314,1.0,micmac,D,Faible
plot_08314,1.0,micmac,D,Faible
plot_08315,1.0,micmac,D,Faible
plot_08315,1.0,micmac,D,Faible
plot_08315,1.0,micmac,D,Faible
plot_08315,1.0,micmac,D,Faible
plot_08316,1.0,micmac,D,Faible
plot_08316,1.0,micmac,D,Faible
plot_08316,1.0,micmac,D,Faible
plot_08316,1.0,micmac,D,Faible
plot_08317,1.0,micmac,D,Faible
plot_08317,1.0,micmac,D,Faible
plot_08317,1.0,micmac,D,Faible
plot_08317,1.0,micmac,D,Faible
plot_08318,1.0,micmac,D,Faible
plot_08318,1.0,micmac,D,Faible
plot_08318,1.0,micmac,D,Faible
plot_08318,1.0,micmac,D,Faible
plot_08319,1.0,micmac,D,Faible
plot_08319,1.0,micmac,D,Faible
plot_08319,1.0,micmac,D,Faible
plot_08319,1.0,micmac,D,Faible
plot_08320,1.0,micmac,D,Faible
plot_08320,1.0,micmac,D,Faible
plot_08320,1.0,micmac,D,Faible
plot_08320,1.0,micmac,D,Faible
plot_08321,1.0,micmac,D,Faible
plot_08321,1.0,micmac,D,Faible
plot_08321,1.0,micmac,D,Faible
plot_08321,1.0,micmac,D,Faible
plot_08322,1.0,micmac,C,Faible
plot_08322,1.0,micmac,C,Faible
plot_08322,1.0,micmac,C,Faible
plot_08322,1.0,micmac,C,Faible
plot_08323,1.0,micmac,D,Faible
plot_08323,1.0,micmac,D,Faible
plot_08323,1.0,micmac,D,Faible
plot_08323,1.0,micmac,D,Faible
plot_08324,1.0,micmac,D,Faible
plot_08324,1.0,micmac,D,Faible
plot_08324,1.0,micmac,D,Faible
plot_08324,1.0,micmac,D,Faible
plot_08325,1.0,micmac,D,Faible
plot_08325,1.0,micmac,D,Faible
plot_08325,1.0,micmac,D,Faible
plot_08325,1.0,micmac,D,Faible
plot_08326,1.0,micmac,C,Faible
plot_08326,1.0,micmac,C,Faible
plot_08326,1.0,micmac,C,Faible
plot_08326,1.0,micmac,C,Faible
plot_08327,1.0,micmac,D,Faible
plot_08327,1.0,micmac,D,Faible
plot_08327,1.0,micmac,D,Faible
plot_08327,1.0,micmac,D,Faible
plot_08328,1.0,micmac,M,Faible
plot_08328,1.0,micmac,M,Faible
plot_08328,1.0,micmac,M,Faible
plot_08328,1.0,micmac,M,Faible
plot_08329,1.0,micmac,D,Faible
plot_08329,1.0,micmac,D,Faible
plot_08329,1.0,micmac,D,Faible
plot_08329,1.0,micmac,D,Faible
plot_08330,1.0,micmac,D,Faible
plot_08330,1.0,micmac,D,Faible
plot_08330,1.0,micmac,D,Faible
plot_08330,1.0,micmac,D,Faible
plot_08331,1.0,micmac,D,Faible
plot_08331,1.0,micmac,D,Faible
plot_08331,1.0,micmac,D,Faible
plot_08331,1.0,micmac,D,Faible
plot_08332,1.0,micmac,M,Faible
plot_08332,1.0,micmac,M,Faible
plot_08332,1.0,micmac,M,Faible
plot_08332,1.0,micmac,M,Faible
plot_08333,1.0,micmac,D,Faible
plot_08333,1.0,micmac,D,Faible
plot_08333,1.0,micmac,D,Faible
plot_08333,1.0,micmac,D,Faible
plot_08334,1.0,micmac,C,Faible
plot_08334,1.0,micmac,C,Faible
plot_08334,1.0,micmac,C,Faible
plot_08334,1.0,micmac,C,Faible
plot_08335,1.0,micmac,D,Faible
plot_08335,1.0,micmac,D,Faible
plot_08335,1.0,micmac,D,Faible
plot_08335,1.0,micmac,D,Faible
plot_08336,1.0,micmac,C,Faible
plot_08336,1.0,micmac,C,Faible
plot_08336,1.0,micmac,C,Faible
plot_08336,1.0,micmac,C,Faible
plot_08337,1.0,micmac,D,Faible
plot_08337,1.0,micmac,D,Faible
plot_08337,1.0,micmac,D,Faible
plot_08337,1.0,micmac,D,Faible
plot_08338,1.0,micmac,D,Faible
plot_08339,1.0,micmac,D,Faible
plot_08340,1.0,micmac,D,Faible
plot_08341,1.0,micmac,D,Faible
plot_08342,1.0,micmac,C,Faible
plot_08343,1.0,micmac,D,Faible
plot_08344,1.0,micmac,D,Faible
plot_08345,1.0,micmac,D,Faible
plot_08346,1.0,micmac,D,Faible
plot_08347,1.0,micmac,D,Faible
plot_08348,1.0,micmac,D,Faible
plot_08349,1.0,micmac,D,Faible
plot_08350,1.0,micmac,C,Moyen
plot_08352,1.0,micmac,D,Faible
plot_08353,1.0,micmac,M,Faible
plot_08354,1.0,micmac,D,Moyen
plot_08355,1.0,micmac,D,Faible
plot_08356,1.0,micmac,D,Moyen
plot_08357,1.0,micmac,D,Moyen
plot_08358,1.0,micmac,D,Moyen
plot_08359,1.0,micmac,D,Moyen
plot_08360,1.0,micmac,D,Moyen
plot_08361,1.0,micmac,D,Moyen
plot_08362,1.0,micmac,D,Moyen
plot_08363,1.0,micmac,D,Faible
plot_08364,1.0,micmac,D,Moyen
plot_08365,1.0,micmac,D,Moyen
plot_08366,1.0,micmac,D,Faible
plot_08367,1.0,micmac,D,Moyen
plot_08368,1.0,micmac,D,Moyen
plot_08369,1.0,micmac,D,Moyen
plot_08370,1.0,micmac,D,Moyen
plot_08371,1.0,micmac,D,Moyen
plot_08372,1.0,micmac,D,Moyen
plot_08373,1.0,micmac,D,Faible
plot_08374,1.0,micmac,D,Moyen
plot_08375,1.0,micmac,D,Moyen
plot_08376,1.0,micmac,D,Moyen
plot_08377,1.0,micmac,D,Moyen
plot_08378,1.0,micmac,D,Moyen
plot_08379,1.0,micmac,D,Moyen
plot_08380,1.0,micmac,D,Faible
plot_08381,1.0,micmac,M,Faible
plot_08382,1.0,micmac,D,Faible
plot_08383,1.0,micmac,M,Moyen
plot_08384,1.0,micmac,D,Faible
plot_08385,1.0,micmac,M,Moyen
plot_08386,1.0,micmac,C,Faible
plot_08387,1.0,micmac,D,Moyen
plot_08388,1.0,micmac,D,Faible
plot_08389,1.0,micmac,C,Faible
plot_08390,1.0,micmac,D,Faible
plot_08391,1.0,micmac,C,Faible
plot_08392,1.0,micmac,M,Faible
plot_08393,1.0,micmac,C,Faible
plot_08394,1.0,micmac,C,Faible
plot_08395,1.0,micmac,M,Faible
plot_08396,1.0,micmac,C,Moyen
plot_08397,1.0,micmac,D,Faible
plot_08398,1.0,micmac,D,Moyen
plot_08399,1.0,micmac,D,Moyen
plot_08400,1.0,micmac,D,Faible
plot_08401,1.0,micmac,D,Faible
plot_08402,1.0,micmac,D,Moyen
plot_08403,1.0,micmac,D,Faible
plot_08404,1.0,micmac,D,Faible
plot_08405,1.0,micmac,D,Faible
plot_08406,1.0,micmac,D,Faible
plot_08407,1.0,micmac,D,Faible
plot_08408,1.0,micmac,D,Faible
plot_08409,1.0,micmac,D,Faible
plot_08410,1.0,micmac,D,Faible
plot_08411,1.0,micmac,D,Moyen
plot_08412,1.0,micmac,D,Faible
plot_08413,1.0,micmac,D,Faible
plot_08414,1.0,micmac,D,Faible
plot_08415,1.0,micmac,D,Faible
plot_08416,1.0,micmac,D,Faible
plot_08417,1.0,micmac,D,Moyen
plot_08418,1.0,micmac,D,Faible
plot_08419,1.0,micmac,D,Faible
plot_08420,1.0,micmac,D,Faible
plot_08421,1.0,micmac,D,Faible
plot_08422,1.0,micmac,D,Faible
plot_08423,1.0,micmac,D,Faible
plot_08424,1.0,micmac,D,Faible
plot_08425,1.0,micmac,D,Faible
plot_08426,1.0,micmac,D,Faible
plot_08427,1.0,micmac,D,Moyen
plot_08428,2.0,micmac,D,Moyen
plot_08429,1.0,micmac,D,Moyen
plot_08430,2.0,micmac,D,Moyen
plot_08431,2.0,micmac,D,Moyen
plot_08432,2.0,micmac,D,Moyen
plot_08433,2.0,micmac,D,Moyen
plot_08434,2.0,micmac,D,Moyen
plot_08435,1.0,micmac,D,Moyen
plot_08436,2.0,micmac,D,Moyen
plot_08437,1.0,micmac,D,Moyen
plot_08438,2.0,micmac,D,Moyen
plot_08439,2.0,micmac,D,Moyen
plot_08440,2.0,micmac,D,Moyen
plot_08441,2.0,micmac,D,Moyen
plot_08442,2.0,micmac,M,Moyen
plot_08443,2.0,micmac,D,Moyen
plot_08444,2.0,micmac,D,Moyen
plot_08445,2.0,micmac,D,Moyen
plot_08446,2.0,micmac,D,Moyen
plot_08447,2.0,micmac,D,Moyen
plot_08448,2.0,micmac,D,Moyen
plot_08449,2.0,micmac,D,Moyen
plot_08450,2.0,micmac,C,Moyen
plot_08451,2.0,micmac,D,Moyen
plot_08452,2.0,micmac,D,Moyen
plot_08453,2.0,micmac,D,Moyen
plot_08454,2.0,micmac,D,Moyen
plot_08455,2.0,micmac,D,Moyen
plot_08456,2.0,micmac,D,Moyen
plot_08457,2.0,micmac,D,Moyen
plot_08458,2.0,micmac,D,Moyen
plot_08459,2.0,micmac,D,Moyen
plot_08460,2.0,micmac,D,Moyen
plot_08461,2.0,micmac,D,Moyen
plot_08462,2.0,micmac,D,Moyen
plot_08463,2.0,micmac,D,Moyen
plot_08464,2.0,micmac,C,Moyen
plot_08465,2.0,micmac,M,Moyen
plot_08466,2.0,micmac,D,Moyen
plot_08467,2.0,micmac,D,Moyen
plot_08468,2.0,micmac,D,Moyen
plot_08469,2.0,micmac,C,Moyen
plot_08470,2.0,micmac,D,Moyen
plot_08471,2.0,micmac,D,Moyen
plot_08472,2.0,micmac,D,Moyen
plot_08473,2.0,micmac,D,Moyen
plot_08474,2.0,micmac,D,Moyen
plot_08475,2.0,micmac,D,Moyen
plot_08476,2.0,micmac,D,Moyen
plot_08477,2.0,micmac,M,Moyen
plot_08478,2.0,micmac,D,Moyen
plot_08479,2.0,micmac,D,Moyen
plot_08480,2.0,micmac,D,Moyen
plot_08481,2.0,micmac,D,Moyen
plot_08482,2.0,micmac,D,Moyen
plot_08483,2.0,micmac,D,Moyen
plot_08484,2.0,micmac,D,Moyen
plot_08485,2.0,micmac,D,Moyen
plot_08486,2.0,micmac,D,Moyen
plot_08487,2.0,micmac,C,Moyen
plot_08488,2.0,micmac,D,Moyen
plot_08489,2.0,micmac,D,Moyen
plot_08490,2.0,micmac,D,Moyen
plot_08491,2.0,micmac,D,Moyen
plot_08492,2.0,micmac,D,Moyen
plot_08493,2.0,micmac,D,Moyen
plot_08495,2.0,micmac,D,Moyen
plot_08496,2.0,micmac,D,Moyen
plot_08497,2.0,micmac,D,Moyen
plot_08498,2.0,micmac,D,Moyen
plot_08499,2.0,micmac,D,Moyen
plot_08500,2.0,micmac,D,Moyen
plot_08501,2.0,micmac,D,Moyen
plot_08502,2.0,micmac,D,Moyen
plot_08504,2.0,micmac,D,Moyen
plot_08505,2.0,micmac,D,Moyen
plot_08506,2.0,micmac,D,Moyen
plot_08507,2.0,micmac,D,Moyen
plot_08508,2.0,micmac,D,Moyen
plot_08509,2.0,micmac,C,Moyen
plot_08510,2.0,micmac,D,Moyen
plot_08511,2.0,micmac,D,Moyen
plot_08512,2.0,micmac,D,Moyen
plot_08513,2.0,micmac,D,Moyen
plot_08514,2.0,micmac,D,Moyen
plot_08515,2.0,micmac,D,Moyen
plot_08516,2.0,micmac,D,Moyen
plot_08517,2.0,micmac,D,Moyen
plot_08518,1.0,micmac,D,Faible
plot_08519,1.0,micmac,D,Faible
plot_08520,1.0,micmac,D,Faible
plot_08521,1.0,micmac,D,Faible
plot_08522,1.0,micmac,D,Moyen
plot_08523,1.0,micmac,D,Faible
plot_08524,1.0,micmac,D,Faible
plot_08525,1.0,micmac,D,Faible
plot_08526,1.0,micmac,D,Faible
plot_08527,1.0,micmac,D,Faible
plot_08528,1.0,micmac,D,Moyen
plot_08529,1.0,micmac,D,Faible
plot_08530,1.0,micmac,D,Faible
plot_08531,1.0,micmac,D,Faible
plot_08532,1.0,micmac,C,Moyen
plot_08533,1.0,micmac,C,Moyen
plot_08534,1.0,micmac,D,Moyen
plot_08535,2.0,micmac,D,Moyen
plot_08536,2.0,micmac,D,Moyen
plot_08537,2.0,micmac,D,Moyen
plot_08538,2.0,micmac,D,Moyen
plot_08539,2.0,micmac,D,Moyen
plot_08540,2.0,micmac,D,Moyen
plot_08541,2.0,micmac,D,Faible
plot_08542,2.0,micmac,D,Moyen
plot_08543,2.0,micmac,D,Moyen
plot_08544,2.0,micmac,D,Moyen
plot_08545,2.0,micmac,D,Moyen
plot_08546,2.0,micmac,D,Moyen
plot_08547,2.0,micmac,D,Moyen
plot_08548,2.0,micmac,D,Moyen
plot_08549,2.0,micmac,D,Moyen
plot_08550,2.0,micmac,D,Moyen
plot_08551,2.0,micmac,D,Moyen
plot_08552,2.0,micmac,D,Moyen
plot_08553,2.0,micmac,D,Moyen
plot_08554,2.0,micmac,D,Moyen
plot_08555,2.0,micmac,D,Moyen
plot_08556,2.0,micmac,M,Moyen
plot_08557,2.0,micmac,D,Moyen
plot_08558,2.0,micmac,D,Moyen
plot_08559,2.0,micmac,M,Moyen
plot_08560,2.0,micmac,D,Moyen
plot_08561,2.0,micmac,D,Moyen
plot_08562,2.0,micmac,D,Moyen
plot_08563,2.0,micmac,D,Moyen
plot_08564,2.0,micmac,D,Moyen
plot_08565,2.0,micmac,D,Moyen
plot_08567,2.0,micmac,D,Moyen
plot_08568,2.0,micmac,D,Moyen
plot_08569,2.0,micmac,D,Moyen
plot_08570,2.0,micmac,D,Moyen
plot_08571,2.0,micmac,D,Moyen
plot_08572,2.0,micmac,D,Moyen
plot_08573,2.0,micmac,D,Moyen
plot_08574,2.0,micmac,D,Moyen
plot_08575,2.0,micmac,D,Moyen
plot_08576,2.0,micmac,D,Moyen
plot_08577,2.0,micmac,D,Moyen
plot_08578,2.0,micmac,D,Moyen
plot_08579,2.0,micmac,D,Moyen
plot_08580,2.0,micmac,D,Moyen
plot_08581,2.0,micmac,C,Moyen
plot_08582,2.0,micmac,M,Moyen
plot_08583,2.0,micmac,D,Moyen
plot_08584,2.0,micmac,D,Moyen
plot_08585,2.0,micmac,D,Moyen
plot_08586,2.0,micmac,D,Moyen
plot_08587,2.0,micmac,D,Moyen
plot_08588,2.0,micmac,D,Moyen
plot_08589,2.0,micmac,D,Moyen
plot_08590,2.0,micmac,D,Moyen
plot_08591,2.0,micmac,D,Moyen
plot_08592,2.0,micmac,D,Moyen
plot_08593,2.0,micmac,D,Moyen
plot_08594,3.0,micmac,M,Moyen
plot_08595,2.0,micmac,D,Moyen
plot_08596,3.0,micmac,M,Moyen
plot_08597,3.0,micmac,C,Moyen
plot_08598,3.0,micmac,D,Moyen
plot_08599,3.0,micmac,C,Moyen
plot_08600,3.0,micmac,M,Moyen
plot_08601,3.0,micmac,C,Moyen
plot_08602,3.0,micmac,C,Moyen
plot_08603,3.0,micmac,M,Élevé
plot_08604,3.0,micmac,C,Élevé
plot_08605,3.0,micmac,C,Élevé
plot_08606,2.0,micmac,D,Moyen
plot_08607,2.0,micmac,D,Moyen
plot_08608,1.0,micmac,D,Moyen
plot_08609,1.0,micmac,D,Moyen
plot_08610,2.0,micmac,D,Moyen
plot_08611,2.0,micmac,D,Moyen
plot_08612,1.0,micmac,C,Moyen
plot_08613,1.0,micmac,D,Faible
plot_08614,2.0,micmac,D,Moyen
plot_08615,2.0,micmac,D,Moyen
plot_08616,2.0,micmac,D,Moyen
plot_08617,1.0,micmac,M,Moyen
plot_08618,2.0,micmac,D,Moyen
plot_08619,2.0,micmac,D,Moyen
plot_08620,1.0,micmac,D,Moyen
plot_08621,1.0,micmac,D,Moyen
plot_08622,1.0,micmac,D,Faible
plot_08623,2.0,micmac,D,Moyen
plot_08624,2.0,micmac,D,Faible
plot_08625,1.0,micmac,D,Moyen
plot_08626,2.0,micmac,D,Moyen
plot_08627,1.0,micmac,D,Moyen
plot_08628,2.0,micmac,D,Moyen
plot_08629,2.0,micmac,D,Moyen
plot_08630,2.0,micmac,C,Moyen
plot_08631,2.0,micmac,M,Moyen
plot_08632,2.0,micmac,D,Moyen
plot_08633,2.0,micmac,D,Moyen
plot_08634,2.0,micmac,D,Moyen
plot_08635,2.0,micmac,D,Moyen
plot_08636,2.0,micmac,D,Moyen
plot_08637,2.0,micmac,D,Moyen
plot_08638,2.0,micmac,D,Moyen
plot_08639,2.0,micmac,D,Moyen
plot_08640,2.0,micmac,D,Moyen
plot_08641,2.0,micmac,D,Moyen
plot_08642,2.0,micmac,D,Moyen
plot_08643,2.0,micmac,D,Moyen
plot_08644,2.0,micmac,D,Moyen
plot_08645,2.0,micmac,D,Moyen
plot_08646,2.0,micmac,D,Moyen
plot_08647,2.0,micmac,D,Moyen
plot_08648,2.0,micmac,D,Moyen
plot_08649,2.0,micmac,M,Moyen
plot_08650,2.0,micmac,D,Moyen
plot_08651,2.0,micmac,D,Moyen
plot_08652,2.0,micmac,D,Moyen
plot_08653,2.0,micmac,D,Moyen
plot_08654,2.0,micmac,D,Moyen
plot_08655,2.0,micmac,D,Moyen
plot_08656,2.0,micmac,D,Moyen
plot_08657,2.0,micmac,D,Moyen
plot_08658,2.0,micmac,D,Moyen
plot_08659,2.0,micmac,D,Moyen
plot_08660,2.0,micmac,D,Moyen
plot_08661,2.0,micmac,D,Moyen
plot_08662,2.0,micmac,D,Moyen
plot_08663,2.0,micmac,D,Moyen
plot_08664,2.0,micmac,M,Moyen
plot_08665,2.0,micmac,D,Moyen
plot_08666,2.0,micmac,C,Moyen
plot_08667,2.0,micmac,D,Moyen
plot_08668,2.0,micmac,D,Moyen
plot_08669,2.0,micmac,D,Moyen
plot_08670,2.0,micmac,D,Moyen
plot_08671,2.0,micmac,D,Moyen
plot_08672,2.0,micmac,D,Moyen
plot_08673,2.0,micmac,D,Moyen
plot_08674,2.0,micmac,D,Moyen
plot_08675,2.0,micmac,D,Moyen
plot_08676,2.0,micmac,D,Moyen
plot_08677,2.0,micmac,D,Moyen
plot_08678,2.0,micmac,D,Moyen
plot_08679,2.0,micmac,D,Moyen
plot_08680,2.0,micmac,D,Moyen
plot_08681,2.0,micmac,D,Moyen
plot_08682,2.0,micmac,D,Moyen
plot_08683,2.0,micmac,D,Moyen
plot_08684,2.0,micmac,D,Moyen
plot_08685,2.0,micmac,D,Moyen
plot_08686,2.0,micmac,D,Moyen
plot_08687,2.0,micmac,D,Moyen
plot_08688,2.0,micmac,D,Moyen
plot_08689,2.0,micmac,D,Moyen
plot_08690,2.0,micmac,D,Moyen
plot_08691,2.0,micmac,D,Moyen
plot_08692,2.0,micmac,D,Moyen
plot_08693,2.0,micmac,D,Moyen
plot_08694,2.0,micmac,M,Moyen
plot_08695,2.0,micmac,D,Moyen
plot_08696,2.0,micmac,D,Moyen
plot_08697,2.0,micmac,D,Moyen
plot_08698,1.0,micmac,D,Moyen
plot_08699,1.0,micmac,C,Faible
plot_08700,1.0,micmac,D,Faible
plot_08701,1.0,micmac,D,Faible
plot_08702,1.0,micmac,D,Faible
plot_08703,1.0,micmac,D,Faible
plot_08704,1.0,micmac,C,Faible
plot_08705,1.0,micmac,D,Faible
plot_08706,1.0,micmac,D,Faible
plot_08707,1.0,micmac,D,Faible
plot_08708,1.0,micmac,D,Moyen
plot_08709,1.0,micmac,M,Faible
plot_08710,1.0,micmac,D,Moyen
plot_08711,1.0,micmac,D,Faible
plot_08712,1.0,micmac,D,Faible
plot_08713,1.0,micmac,C,Faible
plot_08714,1.0,micmac,D,Faible
plot_08715,1.0,micmac,M,Faible
plot_08716,1.0,micmac,M,Faible
plot_08717,1.0,micmac,C,Faible
plot_08718,1.0,micmac,D,Faible
plot_08719,1.0,micmac,D,Faible
plot_08720,1.0,micmac,C,Faible
plot_08721,1.0,micmac,C,Faible
plot_08722,1.0,micmac,D,Faible
plot_08723,1.0,micmac,D,Faible
plot_08724,1.0,micmac,D,Faible
plot_08725,1.0,micmac,D,Faible
plot_08726,1.0,micmac,D,Faible
plot_08727,1.0,micmac,D,Faible
plot_08728,1.0,micmac,D,Faible
plot_08729,1.0,micmac,D,Faible
plot_08730,1.0,micmac,M,Faible
plot_08731,1.0,micmac,D,Faible
plot_08732,1.0,micmac,D,Faible
plot_08733,1.0,micmac,D,Faible
plot_08734,1.0,micmac,D,Faible
plot_08735,1.0,micmac,D,Faible
plot_08736,1.0,micmac,D,Faible
plot_08737,1.0,micmac,C,Faible
plot_08738,1.0,micmac,M,Faible
plot_08739,1.0,micmac,D,Faible
plot_08740,1.0,micmac,D,Faible
plot_08741,1.0,micmac,C,Faible
plot_08742,1.0,micmac,D,Faible
plot_08743,1.0,micmac,D,Faible
plot_08744,1.0,micmac,M,Faible
plot_08745,1.0,micmac,M,Faible
plot_08746,1.0,micmac,C,Faible
plot_08747,1.0,micmac,D,Faible
plot_08748,1.0,micmac,D,Faible
plot_08749,1.0,micmac,C,Faible
plot_08750,1.0,micmac,D,Faible
plot_08751,1.0,micmac,D,Faible
plot_08752,1.0,micmac,D,Faible
plot_08753,1.0,micmac,M,Faible
plot_08754,1.0,micmac,D,Faible
plot_08755,1.0,micmac,D,Faible
plot_08756,1.0,micmac,M,Faible
plot_08757,1.0,micmac,M,Faible
plot_08758,1.0,micmac,C,Faible
plot_08759,1.0,micmac,D,Faible
plot_08760,1.0,micmac,D,Faible
plot_08761,1.0,micmac,C,Faible
plot_08762,1.0,micmac,D,Faible
plot_08763,2.0,micmac,D,Moyen
plot_08764,2.0,micmac,D,Moyen
plot_08765,2.0,micmac,D,Moyen
plot_08766,2.0,micmac,D,Moyen
plot_08767,2.0,micmac,D,Moyen
plot_08768,2.0,micmac,D,Moyen
plot_08769,2.0,micmac,M,Faible
plot_08770,2.0,micmac,D,Moyen
plot_08771,2.0,micmac,D,Faible
plot_08772,2.0,micmac,D,Moyen
plot_08773,2.0,micmac,D,Moyen
plot_08774,2.0,micmac,D,Faible
plot_08775,2.0,micmac,D,Moyen
plot_08776,2.0,micmac,D,Moyen
plot_08777,2.0,micmac,D,Moyen
plot_08778,2.0,micmac,D,Faible
plot_08779,2.0,micmac,D,Moyen
plot_08780,2.0,micmac,D,Moyen
plot_08781,2.0,micmac,D,Moyen
plot_08782,2.0,micmac,D,Moyen
plot_08783,2.0,micmac,D,Moyen
plot_08784,2.0,micmac,D,Moyen
plot_08785,2.0,micmac,D,Moyen
plot_08786,2.0,micmac,D,Moyen
plot_08787,2.0,micmac,D,Moyen
plot_08788,2.0,micmac,D,Moyen
plot_08789,2.0,micmac,D,Moyen
plot_08790,2.0,micmac,D,Moyen
plot_08791,2.0,micmac,D,Moyen
plot_08792,2.0,micmac,D,Moyen
plot_08793,2.0,micmac,D,Moyen
plot_08794,2.0,micmac,D,Moyen
plot_08795,2.0,micmac,D,Moyen
plot_08796,2.0,micmac,D,Moyen
plot_08797,2.0,micmac,D,Moyen
plot_08798,2.0,micmac,D,Moyen
plot_08799,2.0,micmac,D,Moyen
plot_08800,2.0,micmac,D,Moyen
plot_08801,2.0,micmac,D,Moyen
plot_08802,2.0,micmac,D,Moyen
plot_08803,2.0,micmac,D,Moyen
plot_08804,2.0,micmac,D,Moyen
plot_08805,2.0,micmac,D,Moyen
plot_08806,2.0,micmac,D,Moyen
plot_08807,2.0,micmac,D,Moyen
plot_08808,2.0,micmac,D,Moyen
plot_08809,2.0,micmac,D,Moyen
plot_08810,2.0,micmac,D,Moyen
plot_08811,2.0,micmac,D,Moyen
plot_08812,2.0,micmac,D,Moyen
plot_08813,2.0,micmac,M,Moyen
plot_08814,2.0,micmac,D,Moyen
plot_08815,2.0,micmac,M,Moyen
plot_08816,2.0,micmac,D,Moyen
plot_08817,2.0,micmac,D,Moyen
plot_08818,3.0,micmac,C,Moyen
plot_08819,3.0,micmac,C,Moyen
plot_08820,3.0,micmac,M,Moyen
plot_08821,3.0,micmac,C,Moyen
plot_08822,3.0,micmac,D,Moyen
plot_08823,3.0,micmac,D,Moyen
plot_08824,3.0,micmac,D,Moyen
plot_08825,3.0,micmac,D,Moyen
plot_08826,3.0,micmac,M,Moyen
plot_08827,3.0,micmac,C,Moyen
plot_08828,3.0,micmac,C,Moyen
plot_08829,3.0,micmac,C,Élevé
plot_08830,3.0,micmac,M,Moyen
plot_08831,3.0,micmac,D,Moyen
plot_08832,3.0,micmac,C,Élevé
plot_08833,3.0,micmac,C,Élevé
plot_08834,3.0,micmac,D,Moyen
plot_08835,3.0,micmac,D,Moyen
plot_08836,1.0,micmac,D,Moyen
plot_08837,1.0,micmac,D,Faible
plot_08838,1.0,micmac,D,Moyen
plot_08839,1.0,micmac,D,Moyen
plot_08840,1.0,micmac,D,Moyen
plot_08841,1.0,micmac,D,Moyen
plot_08842,1.0,micmac,D,Moyen
plot_08843,2.0,micmac,D,Moyen
plot_08844,2.0,micmac,D,Faible
plot_08845,2.0,micmac,D,Moyen
plot_08846,2.0,micmac,M,Moyen
plot_08847,2.0,micmac,D,Moyen
plot_08848,2.0,micmac,D,Moyen
plot_08849,2.0,micmac,D,Moyen
plot_08850,2.0,micmac,D,Moyen
plot_08851,2.0,micmac,D,Moyen
plot_08852,2.0,micmac,D,Moyen
plot_08853,2.0,micmac,D,Moyen
plot_08854,2.0,micmac,D,Moyen
plot_08855,2.0,micmac,D,Moyen
plot_08856,2.0,micmac,D,Moyen
plot_08857,2.0,micmac,D,Moyen
plot_08858,2.0,micmac,D,Faible
plot_08859,2.0,micmac,D,Moyen
plot_08860,2.0,micmac,D,Moyen
plot_08861,2.0,micmac,D,Moyen
plot_08862,2.0,micmac,C,Moyen
plot_08863,2.0,micmac,D,Moyen
plot_08864,2.0,micmac,D,Moyen
plot_08865,2.0,micmac,D,Moyen
plot_08866,2.0,micmac,D,Faible
plot_08867,2.0,micmac,C,Moyen
plot_08868,2.0,micmac,D,Moyen
plot_08869,2.0,micmac,D,Moyen
plot_08870,2.0,micmac,D,Faible
plot_08871,2.0,micmac,D,Moyen
plot_08872,2.0,micmac,D,Moyen
plot_08873,2.0,micmac,D,Moyen
plot_08874,2.0,micmac,D,Moyen
plot_08875,2.0,micmac,D,Moyen
plot_08876,2.0,micmac,D,Faible
plot_08877,2.0,micmac,D,Moyen
plot_08878,2.0,micmac,D,Moyen
plot_08879,2.0,micmac,D,Moyen
plot_08880,2.0,micmac,D,Moyen
plot_08881,2.0,micmac,D,Moyen
plot_08882,2.0,micmac,D,Moyen
plot_08883,2.0,micmac,D,Moyen
plot_08884,2.0,micmac,D,Moyen
plot_08885,2.0,micmac,D,Moyen
plot_08886,2.0,micmac,D,Moyen
plot_08887,2.0,micmac,D,Moyen
plot_08888,2.0,micmac,D,Moyen
plot_08889,2.0,micmac,D,Moyen
plot_08890,2.0,micmac,D,Moyen
plot_08891,2.0,micmac,D,Moyen
plot_08892,2.0,micmac,D,Moyen
plot_08893,2.0,micmac,C,Moyen
plot_08894,2.0,micmac,D,Moyen
plot_08895,2.0,micmac,D,Moyen
plot_08896,2.0,micmac,D,Moyen
plot_08897,2.0,micmac,D,Moyen
plot_08898,2.0,micmac,D,Moyen
plot_08899,2.0,micmac,D,Moyen
plot_08900,2.0,micmac,D,Moyen
plot_08901,2.0,micmac,D,Moyen
plot_08902,2.0,micmac,D,Moyen
plot_08903,3.0,micmac,D,Moyen
plot_08904,3.0,micmac,D,Moyen
plot_08905,2.0,micmac,D,Moyen
plot_08906,2.0,micmac,D,Moyen
plot_08907,3.0,micmac,D,Moyen
plot_08908,3.0,micmac,D,Moyen
plot_08909,3.0,micmac,D,Moyen
plot_08910,3.0,micmac,C,Moyen
plot_08911,3.0,micmac,D,Moyen
plot_08912,3.0,micmac,C,Moyen
plot_08913,2.0,micmac,D,Moyen
plot_08914,3.0,micmac,C,Élevé
plot_08915,3.0,micmac,C,Moyen
plot_08916,3.0,micmac,D,Moyen
plot_08917,2.0,micmac,D,Moyen
plot_08918,3.0,micmac,C,Moyen
plot_08919,2.0,micmac,D,Moyen
plot_08920,2.0,micmac,M,Moyen
plot_08921,2.0,micmac,D,Moyen
plot_08922,2.0,micmac,D,Moyen
plot_08923,3.0,micmac,D,Élevé
plot_08924,2.0,micmac,D,Moyen
plot_08925,3.0,micmac,M,Élevé
plot_08926,3.0,micmac,D,Élevé
plot_08927,3.0,micmac,C,Élevé
plot_08928,3.0,micmac,C,Élevé
plot_08929,3.0,micmac,C,Moyen
plot_08930,3.0,micmac,C,Élevé
plot_08931,3.0,micmac,M,Élevé
plot_08932,3.0,micmac,C,Élevé
plot_08933,3.0,micmac,C,Élevé
plot_08935,3.0,micmac,M,Élevé
plot_08936,3.0,micmac,C,Élevé
plot_08937,3.0,micmac,D,Moyen
plot_08938,3.0,micmac,D,Moyen
plot_08939,3.0,micmac,C,Moyen
plot_08940,3.0,micmac,D,Moyen
plot_08941,1.0,micmac,D,Faible
plot_08942,1.0,micmac,D,Faible
plot_08943,1.0,micmac,D,Faible
plot_08944,1.0,micmac,D,Faible
plot_08945,1.0,micmac,D,Faible
plot_08946,1.0,micmac,D,Faible
plot_08947,1.0,micmac,D,Faible
plot_08948,1.0,micmac,M,Faible
plot_08949,1.0,micmac,D,Faible
plot_08950,1.0,micmac,D,Faible
plot_08951,1.0,micmac,D,Faible
plot_08952,1.0,micmac,D,Faible
plot_08953,1.0,micmac,D,Faible
plot_08954,1.0,micmac,D,Faible
plot_08955,1.0,micmac,D,Faible
plot_08956,1.0,micmac,D,Moyen
plot_08957,1.0,micmac,C,Faible
plot_08958,1.0,micmac,D,Moyen
plot_08959,1.0,micmac,D,Faible
plot_08960,1.0,micmac,D,Faible
plot_08961,1.0,micmac,D,Faible
plot_08962,1.0,micmac,D,Faible
plot_08963,1.0,micmac,M,Faible
plot_08964,1.0,micmac,D,Faible
plot_08965,1.0,micmac,D,Faible
plot_08966,1.0,micmac,D,Moyen
plot_08967,1.0,micmac,D,Faible
plot_08968,1.0,micmac,D,Faible
plot_08969,1.0,micmac,D,Faible
plot_08970,1.0,micmac,D,Faible
plot_08971,1.0,micmac,D,Faible
plot_08972,1.0,micmac,D,Faible
plot_08973,1.0,micmac,D,Moyen
plot_08974,1.0,micmac,D,Faible
plot_08975,1.0,micmac,D,Faible
plot_08976,1.0,micmac,D,Faible
plot_08977,1.0,micmac,D,Faible
plot_08978,1.0,micmac,D,Faible
plot_08979,1.0,micmac,D,Faible
plot_08980,1.0,micmac,M,Faible
plot_08981,1.0,micmac,D,Faible
plot_08982,1.0,micmac,D,Faible
plot_08983,1.0,micmac,D,Faible
plot_08984,1.0,micmac,D,Faible
plot_08985,1.0,micmac,D,Faible
plot_08986,1.0,micmac,D,Faible
plot_08987,1.0,micmac,D,Faible
plot_08988,1.0,micmac,D,Faible
plot_08989,1.0,micmac,D,Faible
plot_08990,1.0,micmac,D,Faible
plot_08991,1.0,micmac,M,Faible
plot_08992,1.0,micmac,C,Faible
plot_08993,1.0,micmac,D,Faible
plot_08994,1.0,micmac,C,Faible
plot_08995,1.0,micmac,D,Faible
plot_08996,1.0,micmac,D,Faible
plot_08997,1.0,micmac,D,Faible
plot_08998,1.0,micmac,D,Faible
plot_08999,1.0,micmac,D,Faible
plot_09000,1.0,micmac,D,Faible
plot_09001,1.0,micmac,D,Faible
plot_09002,1.0,micmac,D,Faible
plot_09003,1.0,micmac,D,Faible
plot_09004,1.0,micmac,D,Faible
plot_09005,1.0,micmac,D,Faible
plot_09006,1.0,micmac,D,Faible
plot_09007,1.0,micmac,C,Faible
plot_09008,1.0,micmac,D,Faible
plot_09009,1.0,micmac,D,Faible
plot_09010,1.0,micmac,D,Faible
plot_09012,1.0,micmac,D,Faible
plot_09013,1.0,micmac,D,Faible
plot_09014,1.0,micmac,D,Faible
plot_09015,1.0,micmac,D,Faible
plot_09016,1.0,micmac,D,Faible
plot_09017,1.0,micmac,D,Moyen
plot_09018,1.0,micmac,M,Faible
plot_09019,1.0,micmac,D,Moyen
plot_09020,1.0,micmac,D,Moyen
plot_09021,1.0,micmac,D,Faible
plot_09022,1.0,micmac,D,Faible
plot_09023,1.0,micmac,C,Moyen
plot_09024,1.0,micmac,D,Moyen
plot_09025,1.0,micmac,D,Faible
plot_09026,1.0,micmac,D,Moyen
plot_09027,1.0,micmac,C,Moyen
plot_09028,1.0,micmac,D,Moyen
plot_09029,1.0,micmac,D,Moyen
plot_09030,1.0,micmac,D,Moyen
plot_09031,1.0,micmac,C,Moyen
plot_09032,1.0,micmac,C,Moyen
plot_09033,1.0,micmac,M,Moyen
plot_09034,1.0,micmac,D,Faible
plot_09035,1.0,micmac,D,Faible
plot_09036,1.0,micmac,D,Faible
plot_09037,1.0,micmac,C,Moyen
plot_09038,1.0,micmac,D,Moyen
plot_09039,1.0,micmac,D,Moyen
plot_09040,1.0,micmac,D,Moyen
plot_09041,1.0,micmac,M,Moyen
plot_09042,1.0,micmac,D,Faible
plot_09043,1.0,micmac,C,Moyen
plot_09044,1.0,micmac,D,Moyen
plot_09045,1.0,micmac,D,Moyen
plot_09046,1.0,micmac,D,Moyen
plot_09047,1.0,micmac,D,Moyen
plot_09048,1.0,micmac,C,Moyen
plot_09049,1.0,micmac,D,Moyen
plot_09050,1.0,micmac,D,Moyen
plot_09051,1.0,micmac,D,Faible
plot_09052,1.0,micmac,D,Faible
plot_09053,1.0,micmac,D,Moyen
plot_09054,1.0,micmac,D,Faible
plot_09055,1.0,micmac,D,Moyen
plot_09056,1.0,micmac,D,Moyen
plot_09057,1.0,micmac,D,Faible
plot_09058,1.0,micmac,C,Moyen
plot_09059,1.0,micmac,D,Moyen
plot_09060,1.0,micmac,D,Moyen
plot_09061,1.0,micmac,D,Faible
plot_09062,1.0,micmac,D,Faible
plot_09063,1.0,micmac,D,Faible
plot_09064,1.0,micmac,D,Faible
plot_09065,1.0,micmac,D,Faible
plot_09066,1.0,micmac,D,Faible
plot_09067,1.0,micmac,D,Faible
plot_09068,1.0,micmac,D,Faible
plot_09069,1.0,micmac,D,Faible
plot_09070,1.0,micmac,D,Faible
plot_09071,1.0,micmac,D,Faible
plot_09072,1.0,micmac,D,Faible
plot_09073,1.0,micmac,D,Faible
plot_09074,1.0,micmac,D,Faible
plot_09075,1.0,micmac,D,Faible
plot_09076,1.0,micmac,D,Faible
plot_09077,1.0,micmac,D,Faible
plot_09078,1.0,micmac,D,Faible
plot_09079,1.0,micmac,D,Faible
plot_09080,1.0,micmac,D,Faible
plot_09081,1.0,micmac,D,Faible
plot_09082,1.0,micmac,D,Faible
plot_09083,1.0,micmac,D,Faible
plot_09084,1.0,micmac,D,Faible
plot_09085,1.0,micmac,D,Faible
plot_09086,2.0,micmac,M,Élevé
plot_09087,2.0,micmac,C,Élevé
plot_09088,2.0,micmac,D,Élevé
plot_09089,2.0,micmac,D,Élevé
plot_09090,2.0,micmac,D,Élevé
plot_09091,2.0,micmac,C,Élevé
plot_09092,2.0,micmac,C,Élevé
plot_09093,2.0,micmac,D,Élevé
plot_09094,2.0,micmac,D,Élevé
plot_09095,2.0,micmac,C,Élevé
plot_09096,2.0,micmac,C,Élevé
plot_09097,2.0,micmac,M,Élevé
plot_09098,2.0,micmac,M,Élevé
plot_09099,2.0,micmac,C,Élevé
plot_09100,2.0,micmac,M,Élevé
plot_09101,2.0,micmac,D,Élevé
plot_09102,2.0,micmac,C,Élevé
plot_09103,2.0,micmac,C,Élevé
plot_09104,2.0,micmac,D,Élevé
plot_09105,2.0,micmac,M,Élevé
plot_09106,2.0,micmac,M,Élevé
plot_09107,2.0,micmac,D,Moyen
plot_09108,2.0,micmac,D,Élevé
plot_09109,2.0,micmac,D,Élevé
plot_09110,2.0,micmac,M,Élevé
plot_09111,2.0,micmac,D,Élevé
plot_09112,3.0,micmac,C,Élevé
plot_09113,2.0,micmac,D,Élevé
plot_09114,2.0,micmac,D,Élevé
plot_09115,2.0,micmac,D,Élevé
plot_09116,2.0,micmac,D,Élevé
plot_09117,3.0,micmac,D,Élevé
plot_09118,3.0,micmac,M,Élevé
plot_09119,3.0,micmac,C,Élevé
plot_09120,2.0,micmac,D,Élevé
plot_09121,3.0,micmac,D,Élevé
plot_09122,2.0,micmac,D,Élevé
plot_09123,2.0,micmac,D,Élevé
plot_09124,3.0,micmac,D,Élevé
plot_09125,3.0,micmac,C,Élevé
plot_09126,3.0,micmac,C,Élevé
plot_09127,3.0,micmac,D,Élevé
plot_09128,3.0,micmac,D,Élevé
plot_09129,3.0,micmac,M,Élevé
plot_09130,2.0,micmac,D,Élevé
plot_09131,2.0,micmac,D,Élevé
plot_09132,2.0,micmac,D,Moyen
plot_09133,2.0,micmac,M,Élevé
plot_09134,2.0,micmac,D,Élevé
plot_09135,3.0,micmac,D,Élevé
plot_09136,2.0,micmac,C,Élevé
plot_09137,2.0,micmac,M,Élevé
plot_09138,3.0,micmac,M,Élevé
plot_09139,2.0,micmac,D,Moyen
plot_09140,3.0,micmac,D,Élevé
plot_09141,3.0,micmac,D,Élevé
plot_09142,3.0,micmac,C,Moyen
plot_09143,2.0,micmac,D,Moyen
plot_09144,2.0,micmac,D,Moyen
plot_09145,2.0,micmac,D,Moyen
plot_09146,2.0,micmac,D,Élevé
plot_09147,2.0,micmac,D,Élevé
plot_09148,3.0,micmac,M,Moyen
plot_09149,2.0,micmac,D,Moyen
plot_09150,3.0,micmac,M,Élevé
plot_09151,3.0,micmac,C,Élevé
plot_09152,3.0,micmac,D,Moyen
plot_09153,3.0,micmac,D,Moyen
plot_09154,3.0,micmac,C,Élevé
plot_09155,3.0,micmac,D,Élevé
plot_09156,3.0,micmac,C,Moyen
plot_09157,3.0,micmac,M,Élevé
plot_09158,2.0,micmac,D,Élevé
plot_09159,3.0,micmac,D,Élevé
plot_09160,2.0,micmac,D,Élevé
plot_09161,3.0,micmac,D,Élevé
plot_09162,2.0,micmac,D,Élevé
plot_09163,3.0,micmac,C,Élevé
plot_09164,3.0,micmac,C,Élevé
plot_09165,2.0,micmac,D,Élevé
plot_09166,3.0,micmac,C,Élevé
plot_09167,3.0,micmac,C,Élevé
plot_09168,3.0,micmac,C,Élevé
plot_09169,3.0,micmac,C,Élevé
plot_09170,3.0,micmac,C,Élevé
plot_09171,3.0,micmac,D,Élevé
plot_09172,3.0,micmac,M,Élevé
plot_09173,3.0,micmac,C,Élevé
plot_09174,3.0,micmac,C,Élevé
plot_09175,3.0,micmac,D,Élevé
plot_09176,3.0,micmac,D,Élevé
plot_09177,3.0,micmac,C,Élevé
plot_09178,3.0,micmac,C,Élevé
plot_09179,3.0,micmac,M,Élevé
plot_09180,3.0,micmac,D,Élevé
plot_09181,3.0,micmac,C,Élevé
plot_09182,3.0,micmac,C,Élevé
plot_09183,3.0,micmac,C,Élevé
plot_09184,3.0,micmac,C,Élevé
plot_09185,3.0,micmac,C,Élevé
plot_09186,3.0,micmac,M,Élevé
plot_09187,3.0,micmac,C,Élevé
plot_09188,2.0,micmac,D,Élevé
plot_09189,3.0,micmac,M,Élevé
plot_09190,3.0,micmac,C,Élevé
plot_09191,3.0,micmac,D,Élevé
plot_09192,3.0,micmac,C,Élevé
plot_09193,3.0,micmac,C,Élevé
plot_09194,3.0,micmac,M,Élevé
plot_09195,3.0,micmac,C,Élevé
plot_09196,3.0,micmac,M,Élevé
plot_09197,3.0,micmac,C,Élevé
plot_09198,3.0,micmac,C,Élevé
plot_09199,3.0,micmac,C,Élevé
plot_09200,3.0,micmac,C,Élevé
plot_09201,2.0,micmac,D,Faible
plot_09202,2.0,micmac,D,Moyen
plot_09203,2.0,micmac,D,Faible
plot_09204,2.0,micmac,D,Faible
plot_09205,2.0,micmac,D,Faible
plot_09206,2.0,micmac,D,Faible
plot_09207,2.0,micmac,D,Faible
plot_09208,2.0,micmac,D,Faible
plot_09209,2.0,micmac,D,Faible
plot_09210,2.0,micmac,D,Faible
plot_09211,3.0,micmac,D,Élevé
plot_09212,3.0,micmac,D,Élevé
plot_09213,2.0,micmac,D,Faible
plot_09214,3.0,micmac,D,Moyen
plot_09215,3.0,micmac,D,Élevé
plot_09216,2.0,micmac,D,Faible
plot_09217,2.0,micmac,D,Faible
plot_09218,2.0,micmac,D,Faible
plot_09219,3.0,micmac,D,Moyen
plot_09220,3.0,micmac,D,Élevé
plot_09221,3.0,micmac,D,Élevé
plot_09222,2.0,micmac,D,Faible
plot_09223,2.0,micmac,D,Faible
plot_09224,2.0,micmac,D,Faible
plot_09225,3.0,micmac,D,Moyen
plot_09226,3.0,micmac,D,Élevé
plot_09227,2.0,micmac,D,Faible
plot_09228,2.0,micmac,D,Faible
plot_09229,3.0,micmac,D,Élevé
plot_09230,3.0,micmac,D,Élevé
plot_09231,3.0,micmac,D,Élevé
plot_09232,2.0,micmac,D,Faible
plot_09233,3.0,micmac,D,Élevé
plot_09234,2.0,micmac,D,Faible
plot_09235,2.0,micmac,D,Moyen
plot_09236,2.0,micmac,D,Faible
plot_09237,2.0,micmac,D,Moyen
plot_09238,3.0,micmac,D,Élevé
plot_09239,2.0,micmac,D,Moyen
plot_09240,2.0,micmac,D,Faible
plot_09241,2.0,micmac,D,Moyen
plot_09242,2.0,micmac,D,Moyen
plot_09243,2.0,micmac,D,Faible
plot_09244,2.0,micmac,D,Moyen
plot_09245,3.0,micmac,D,Élevé
plot_09246,2.0,micmac,D,Moyen
plot_09247,3.0,micmac,D,Élevé
plot_09248,3.0,micmac,D,Élevé
plot_09249,2.0,micmac,D,Faible
plot_09250,3.0,micmac,D,Élevé
plot_09251,2.0,micmac,D,Moyen
plot_09252,2.0,micmac,D,Moyen
plot_09253,3.0,micmac,D,Élevé
plot_09254,2.0,micmac,D,Faible
plot_09255,2.0,micmac,D,Moyen
plot_09256,3.0,micmac,D,Moyen
plot_09257,2.0,micmac,D,Faible
plot_09258,2.0,micmac,D,Moyen
plot_09259,3.0,micmac,D,Élevé
plot_09260,3.0,micmac,D,Élevé
plot_09261,2.0,micmac,D,Moyen
plot_09262,2.0,micmac,C,Élevé
plot_09263,3.0,micmac,D,Élevé
plot_09264,3.0,micmac,D,Élevé
plot_09265,2.0,micmac,D,Moyen
plot_09266,2.0,micmac,D,Moyen
plot_09267,2.0,micmac,D,Moyen
plot_09268,3.0,micmac,D,Élevé
plot_09269,2.0,micmac,D,Faible
plot_09270,3.0,micmac,D,Élevé
plot_09271,2.0,micmac,D,Moyen
plot_09272,2.0,micmac,D,Moyen
plot_09273,2.0,micmac,D,Moyen
plot_09274,2.0,micmac,D,Moyen
plot_09275,2.0,micmac,D,Moyen
plot_09276,2.0,micmac,D,Faible
plot_09277,3.0,micmac,D,Élevé
plot_09278,2.0,micmac,D,Faible
plot_09279,3.0,micmac,D,Élevé
plot_09280,3.0,micmac,D,Élevé
plot_09281,2.0,micmac,D,Moyen
plot_09282,3.0,micmac,D,Élevé
plot_09283,3.0,micmac,D,Élevé
plot_09284,2.0,micmac,D,Moyen
plot_09285,3.0,micmac,D,Élevé
plot_09286,2.0,micmac,D,Moyen
plot_09287,2.0,micmac,D,Moyen
plot_09288,2.0,micmac,C,Moyen
plot_09289,3.0,micmac,C,Élevé
plot_09290,2.0,micmac,D,Moyen
plot_09291,3.0,micmac,D,Élevé
plot_09292,2.0,micmac,D,Moyen
plot_09293,2.0,micmac,D,Moyen
plot_09294,2.0,micmac,D,Moyen
plot_09295,2.0,micmac,D,Élevé
plot_09296,2.0,micmac,D,Moyen
plot_09297,2.0,micmac,D,Moyen
plot_09298,3.0,micmac,D,Élevé
plot_09299,3.0,micmac,D,Élevé
plot_09300,2.0,micmac,D,Moyen
plot_09301,2.0,micmac,D,Moyen
plot_09302,3.0,micmac,C,Élevé
plot_09303,2.0,micmac,D,Moyen
plot_09304,2.0,micmac,D,Moyen
plot_09305,2.0,micmac,D,Moyen
plot_09306,2.0,micmac,D,Moyen
plot_09307,3.0,micmac,M,Élevé
plot_09308,2.0,micmac,D,Élevé
plot_09309,2.0,micmac,D,Élevé
plot_09310,3.0,micmac,D,Élevé
plot_09311,2.0,micmac,D,Moyen
plot_09312,2.0,micmac,C,Élevé
plot_09313,2.0,micmac,D,Élevé
plot_09314,3.0,micmac,D,Élevé
plot_09315,3.0,micmac,D,Élevé
plot_09316,3.0,micmac,D,Élevé
plot_09317,3.0,micmac,D,Élevé
plot_09318,3.0,micmac,D,Élevé
plot_09319,3.0,micmac,D,Élevé
plot_09320,3.0,micmac,M,Élevé
plot_09321,3.0,micmac,D,Élevé
plot_09322,3.0,micmac,D,Élevé
plot_09323,3.0,micmac,D,Élevé
plot_09324,3.0,micmac,D,Moyen
plot_09325,3.0,micmac,D,Élevé
plot_09326,3.0,micmac,M,Élevé
plot_09327,3.0,micmac,C,Élevé
plot_09328,3.0,micmac,C,Élevé
plot_09329,3.0,micmac,C,Élevé
plot_09330,3.0,micmac,C,Élevé
plot_09331,3.0,micmac,D,Élevé
plot_09332,3.0,micmac,C,Élevé
plot_09333,3.0,micmac,D,Élevé
plot_09334,3.0,micmac,D,Élevé
plot_09335,3.0,micmac,D,Élevé
plot_09336,3.0,micmac,D,Élevé
plot_09337,3.0,micmac,C,Élevé
plot_09338,2.0,micmac,D,Élevé
plot_09339,3.0,micmac,D,Moyen
plot_09340,3.0,micmac,C,Élevé
plot_09341,3.0,micmac,D,Élevé
plot_09342,3.0,micmac,C,Élevé
plot_09343,2.0,micmac,D,Moyen
plot_09344,3.0,micmac,C,Élevé
plot_09345,2.0,micmac,D,Moyen
plot_09346,2.0,micmac,D,Moyen
plot_09347,2.0,micmac,D,Élevé
plot_09348,3.0,micmac,D,Élevé
plot_09349,3.0,micmac,D,Élevé
plot_09350,3.0,micmac,C,Élevé
plot_09351,2.0,micmac,D,Faible
plot_09352,2.0,micmac,D,Moyen
plot_09353,2.0,micmac,D,Élevé
plot_09354,3.0,micmac,D,Élevé
plot_09355,3.0,micmac,D,Élevé
plot_09356,2.0,micmac,D,Faible
plot_09357,2.0,micmac,D,Faible
plot_09358,2.0,micmac,D,Moyen
plot_09359,2.0,micmac,D,Moyen
plot_09360,3.0,micmac,D,Élevé
plot_09361,2.0,micmac,C,Faible
plot_09362,3.0,micmac,M,Élevé
plot_09363,2.0,micmac,D,Faible
plot_09364,2.0,micmac,D,Moyen
plot_09365,2.0,micmac,M,Moyen
plot_09366,2.0,micmac,M,Moyen
plot_09367,2.0,micmac,D,Moyen
plot_09368,2.0,micmac,D,Moyen
plot_09369,2.0,micmac,D,Moyen
plot_09370,2.0,micmac,D,Moyen
plot_09371,3.0,micmac,D,Moyen
plot_09372,2.0,micmac,D,Moyen
plot_09373,3.0,micmac,C,Élevé
plot_09374,3.0,micmac,M,Moyen
plot_09375,3.0,micmac,D,Moyen
plot_09376,3.0,micmac,C,Moyen
plot_09377,3.0,micmac,M,Moyen
plot_09378,3.0,micmac,D,Moyen
plot_09379,3.0,micmac,D,Moyen
plot_09380,3.0,micmac,C,Moyen
plot_09381,3.0,micmac,C,Élevé
plot_09382,3.0,micmac,M,Moyen
plot_09383,3.0,micmac,M,Moyen
plot_09384,2.0,micmac,D,Moyen
plot_09385,3.0,micmac,C,Élevé
plot_09386,3.0,micmac,C,Moyen
plot_09387,3.0,micmac,C,Moyen
plot_09388,3.0,micmac,M,Élevé
plot_09389,3.0,micmac,C,Moyen
plot_09390,3.0,micmac,M,Élevé
plot_09391,3.0,micmac,D,Moyen
plot_09392,3.0,micmac,C,Élevé
plot_09393,3.0,micmac,M,Moyen
plot_09394,3.0,micmac,C,Moyen
plot_09395,3.0,micmac,D,Moyen
plot_09396,3.0,micmac,M,Moyen
plot_09397,3.0,micmac,D,Élevé
plot_09398,3.0,micmac,M,Élevé
plot_09399,3.0,micmac,C,Élevé
plot_09400,3.0,micmac,D,Élevé
plot_09401,3.0,micmac,C,Moyen
plot_09402,3.0,micmac,D,Moyen
plot_09403,2.0,micmac,D,Moyen
plot_09404,3.0,micmac,C,Moyen
plot_09405,3.0,micmac,M,Élevé
plot_09406,3.0,micmac,M,Élevé
plot_09407,3.0,micmac,D,Moyen
plot_09408,2.0,micmac,D,Moyen
plot_09409,3.0,micmac,C,Élevé
plot_09410,3.0,micmac,M,Élevé
plot_09411,3.0,micmac,C,Élevé
plot_09412,2.0,micmac,D,Faible
plot_09413,3.0,micmac,M,Moyen
plot_09414,3.0,micmac,D,Moyen
plot_09415,3.0,micmac,D,Moyen
plot_09416,2.0,micmac,D,Faible
plot_09417,3.0,micmac,D,Moyen
plot_09418,3.0,micmac,D,Moyen
plot_09419,3.0,micmac,D,Moyen
plot_09420,2.0,micmac,D,Faible
plot_09421,2.0,micmac,D,Faible
plot_09422,2.0,micmac,D,Faible
plot_09423,2.0,micmac,D,Faible
plot_09424,2.0,micmac,M,Faible
plot_09425,2.0,micmac,M,Faible
plot_09426,2.0,micmac,D,Faible
plot_09427,2.0,micmac,D,Faible
plot_09428,2.0,micmac,D,Faible
plot_09429,2.0,micmac,D,Faible
plot_09430,2.0,micmac,C,Faible
plot_09431,2.0,micmac,D,Faible
plot_09432,2.0,micmac,D,Faible
plot_09433,2.0,micmac,D,Faible
plot_09434,2.0,micmac,D,Faible
plot_09435,2.0,micmac,D,Faible
plot_09436,2.0,micmac,D,Faible
plot_09437,2.0,micmac,D,Faible
plot_09438,2.0,micmac,D,Faible
plot_09439,2.0,micmac,D,Faible
plot_09440,2.0,micmac,D,Faible
plot_09441,2.0,micmac,D,Faible
plot_09442,3.0,micmac,D,Élevé
plot_09443,3.0,micmac,C,Élevé
plot_09444,3.0,micmac,M,Élevé
plot_09445,3.0,micmac,D,Élevé
plot_09446,3.0,micmac,M,Élevé
plot_09447,3.0,micmac,M,Élevé
plot_09448,3.0,micmac,M,Élevé
plot_09449,3.0,micmac,C,Élevé
plot_09450,3.0,micmac,M,Élevé
plot_09451,3.0,micmac,C,Élevé
plot_09452,3.0,micmac,C,Élevé
plot_09453,3.0,micmac,D,Élevé
plot_09454,3.0,micmac,D,Élevé
plot_09455,3.0,micmac,D,Élevé
plot_09456,3.0,micmac,D,Élevé
plot_09457,3.0,micmac,M,Moyen
plot_09458,3.0,micmac,C,Élevé
plot_09459,3.0,micmac,C,Élevé
plot_09460,3.0,micmac,C,Élevé
plot_09461,3.0,micmac,M,Élevé
plot_09462,3.0,micmac,M,Élevé
plot_09463,3.0,micmac,M,Moyen
plot_09464,3.0,micmac,M,Élevé
plot_09465,3.0,micmac,C,Élevé
plot_09466,3.0,micmac,M,Élevé
plot_09467,2.0,micmac,M,Élevé
plot_09468,3.0,micmac,M,Élevé
plot_09469,3.0,micmac,D,Élevé
plot_09470,2.0,micmac,D,Faible
plot_09471,2.0,micmac,D,Moyen
plot_09472,2.0,micmac,D,Moyen
plot_09473,2.0,micmac,D,Moyen
plot_09474,2.0,micmac,D,Moyen
plot_09475,2.0,micmac,D,Moyen
plot_09476,2.0,micmac,D,Moyen
plot_09477,2.0,micmac,D,Moyen
plot_09478,2.0,micmac,D,Moyen
plot_09479,2.0,micmac,D,Moyen
plot_09480,2.0,micmac,D,Moyen
plot_09481,2.0,micmac,D,Moyen
plot_09482,2.0,micmac,D,Faible
plot_09483,2.0,micmac,D,Moyen
plot_09484,2.0,micmac,D,Moyen
plot_09485,2.0,micmac,D,Moyen
plot_09486,2.0,micmac,D,Moyen
plot_09487,2.0,micmac,D,Moyen
plot_09488,2.0,micmac,D,Moyen
plot_09489,2.0,micmac,D,Moyen
plot_09490,2.0,micmac,D,Moyen
plot_09491,2.0,micmac,D,Moyen
plot_09492,2.0,micmac,D,Moyen
plot_09493,2.0,micmac,D,Moyen
plot_09494,3.0,micmac,D,Élevé
plot_09495,2.0,micmac,D,Moyen
plot_09496,2.0,micmac,D,Moyen
plot_09497,2.0,micmac,D,Moyen
plot_09498,3.0,micmac,C,Élevé
plot_09499,3.0,micmac,C,Élevé
plot_09500,3.0,micmac,C,Élevé
plot_09501,3.0,micmac,C,Élevé
plot_09502,3.0,micmac,C,Élevé
plot_09503,3.0,micmac,M,Élevé
plot_09504,3.0,micmac,C,Élevé
plot_09505,3.0,micmac,D,Moyen
plot_09506,3.0,micmac,M,Moyen
plot_09507,3.0,micmac,M,Élevé
plot_09508,3.0,micmac,M,Élevé
plot_09509,3.0,micmac,D,Élevé
plot_09510,3.0,micmac,D,Moyen
plot_09511,3.0,micmac,M,Élevé
plot_09512,3.0,micmac,D,Moyen
plot_09513,2.0,micmac,D,Moyen
plot_09514,3.0,micmac,D,Élevé
plot_09515,2.0,micmac,D,Moyen
plot_09516,2.0,micmac,D,Moyen
plot_09517,2.0,micmac,D,Moyen
plot_09518,3.0,micmac,D,Élevé
plot_09519,2.0,micmac,D,Moyen
plot_09520,3.0,micmac,D,Élevé
plot_09521,2.0,micmac,M,Faible
plot_09522,3.0,micmac,D,Moyen
plot_09523,3.0,micmac,M,Élevé
plot_09524,3.0,micmac,D,Moyen
plot_09525,3.0,micmac,D,Moyen
plot_09526,2.0,micmac,D,Moyen
plot_09619,3.0,micmac,D,Élevé
plot_09623,2.0,micmac,D,Moyen
plot_09624,3.0,micmac,C,Élevé
plot_09625,3.0,micmac,M,Élevé
plot_09626,2.0,micmac,D,Moyen
plot_09627,3.0,micmac,C,Élevé
plot_09628,3.0,micmac,D,Élevé
plot_09629,3.0,micmac,M,Moyen
plot_09630,3.0,micmac,C,Élevé
plot_09631,2.0,micmac,D,Moyen
plot_09632,3.0,micmac,D,Moyen
plot_09633,3.0,micmac,C,Moyen
plot_09634,3.0,micmac,D,Moyen
plot_09635,3.0,micmac,D,Moyen
plot_09636,3.0,micmac,C,Moyen
plot_09637,3.0,micmac,D,Moyen
plot_09638,2.0,micmac,D,Moyen
plot_09639,2.0,micmac,D,Moyen
plot_09640,2.0,micmac,D,Moyen
plot_09641,2.0,micmac,D,Moyen
plot_09642,2.0,micmac,D,Moyen
plot_09643,2.0,micmac,D,Moyen
plot_09644,2.0,micmac,C,Élevé
plot_09645,2.0,micmac,C,Élevé
plot_09646,2.0,micmac,D,Moyen
plot_09647,2.0,micmac,D,Moyen
plot_09648,2.0,micmac,D,Élevé
plot_09649,2.0,micmac,D,Moyen
plot_09650,2.0,micmac,M,Moyen
plot_09651,2.0,micmac,C,Moyen
plot_09652,2.0,micmac,D,Moyen
plot_09653,2.0,micmac,D,Moyen
plot_09654,2.0,micmac,D,Moyen
plot_09655,2.0,micmac,D,Moyen
plot_09656,2.0,micmac,D,Moyen
plot_09657,2.0,micmac,D,Moyen
plot_09658,2.0,micmac,D,Moyen
plot_09659,2.0,micmac,D,Moyen
plot_09660,2.0,micmac,D,Moyen
plot_09661,2.0,micmac,D,Moyen
plot_09662,2.0,micmac,C,Moyen
plot_09663,2.0,micmac,D,Moyen
plot_09664,3.0,micmac,D,Moyen
plot_09665,3.0,micmac,M,Moyen
plot_09666,2.0,micmac,D,Moyen
plot_09667,3.0,micmac,M,Moyen
plot_09668,3.0,micmac,C,Moyen
plot_09669,2.0,micmac,D,Moyen
plot_09670,2.0,micmac,D,Moyen
plot_09671,3.0,micmac,D,Moyen
plot_09672,2.0,micmac,D,Moyen
plot_09673,2.0,micmac,D,Moyen
plot_09674,2.0,micmac,D,Moyen
plot_09675,2.0,micmac,D,Moyen
plot_09676,3.0,micmac,D,Moyen
plot_09677,2.0,micmac,D,Moyen
plot_09678,2.0,micmac,D,Moyen
plot_09679,2.0,micmac,D,Moyen
plot_09680,2.0,micmac,D,Moyen
plot_09681,3.0,micmac,D,Élevé
plot_09682,3.0,micmac,M,Élevé
plot_09683,2.0,micmac,M,Moyen
plot_09684,2.0,micmac,D,Moyen
plot_09685,2.0,micmac,D,Faible
plot_09686,2.0,micmac,D,Moyen
plot_09687,2.0,micmac,M,Moyen
plot_09688,2.0,micmac,D,Faible
plot_09689,2.0,micmac,D,Moyen
plot_09690,2.0,micmac,D,Moyen
plot_09691,2.0,micmac,D,Moyen
plot_09692,2.0,micmac,D,Faible
plot_09693,2.0,micmac,D,Moyen
plot_09694,2.0,micmac,D,Faible
plot_09695,2.0,micmac,D,Faible
plot_09696,2.0,micmac,D,Moyen
plot_09697,2.0,micmac,D,Faible
plot_09698,1.0,micmac,D,Faible
plot_09699,1.0,micmac,D,Faible
plot_09700,1.0,micmac,D,Moyen
plot_09701,1.0,micmac,C,Faible
plot_09702,1.0,micmac,D,Faible
plot_09703,1.0,micmac,D,Faible
plot_09704,1.0,micmac,D,Faible
plot_09705,1.0,micmac,M,Faible
plot_09706,1.0,micmac,D,Faible
plot_09707,1.0,micmac,D,Moyen
plot_09708,1.0,micmac,C,Faible
plot_09709,1.0,micmac,C,Faible
plot_09710,1.0,micmac,D,Moyen
plot_09711,1.0,micmac,D,Faible
plot_09712,1.0,micmac,M,Faible
plot_09713,1.0,micmac,D,Faible
plot_09714,1.0,micmac,M,Faible
plot_09715,1.0,micmac,C,Faible
plot_09716,1.0,micmac,D,Faible
plot_09717,1.0,micmac,C,Faible
plot_09718,1.0,micmac,D,Faible
plot_09719,1.0,micmac,D,Faible
plot_09720,1.0,micmac,D,Faible
plot_09721,1.0,micmac,D,Faible
plot_09722,1.0,micmac,D,Faible
plot_09723,1.0,micmac,C,Faible
plot_09724,1.0,micmac,D,Faible
plot_09725,1.0,micmac,D,Faible
plot_09726,1.0,micmac,D,Faible
plot_09727,1.0,micmac,C,Faible
plot_09728,1.0,micmac,M,Faible
plot_09729,1.0,micmac,D,Faible
plot_09729,1.0,micmac,D,Faible
plot_09729,1.0,micmac,D,Faible
plot_09729,1.0,micmac,D,Faible
plot_09730,1.0,micmac,D,Faible
plot_09731,1.0,micmac,C,Faible
plot_09732,1.0,micmac,D,Faible
plot_09733,1.0,micmac,C,Faible
plot_09734,1.0,micmac,C,Faible
plot_09735,1.0,micmac,D,Faible
plot_09736,1.0,micmac,C,Faible
plot_09737,1.0,micmac,D,Faible
plot_09738,1.0,micmac,D,Faible
plot_09739,1.0,micmac,D,Faible
plot_09740,1.0,micmac,D,Faible
plot_09741,1.0,micmac,D,Faible
plot_09742,1.0,micmac,D,Faible
plot_09743,1.0,micmac,D,Faible
plot_09744,1.0,micmac,D,Faible
plot_09745,1.0,micmac,D,Faible
plot_09746,1.0,micmac,D,Faible
plot_09747,1.0,micmac,D,Faible
plot_09748,3.0,micmac,D,Élevé
plot_09749,2.0,micmac,D,Moyen
plot_09750,3.0,micmac,D,Élevé
plot_09751,2.0,micmac,D,Moyen
plot_09752,2.0,micmac,D,Moyen
plot_09753,3.0,micmac,D,Moyen
plot_09754,2.0,micmac,D,Moyen
plot_09755,3.0,micmac,M,Élevé
plot_09756,3.0,micmac,D,Élevé
plot_09757,3.0,micmac,M,Élevé
plot_09758,2.0,micmac,D,Moyen
plot_09759,2.0,micmac,D,Moyen
plot_09760,2.0,micmac,D,Moyen
plot_09761,3.0,micmac,D,Élevé
plot_09762,3.0,micmac,M,Élevé
plot_09763,2.0,micmac,C,Moyen
plot_09764,2.0,micmac,D,Élevé
plot_09765,3.0,micmac,M,Élevé
plot_09766,3.0,micmac,C,Élevé
plot_09767,2.0,micmac,D,Moyen
plot_09768,3.0,micmac,M,Élevé
plot_09769,3.0,micmac,D,Élevé
plot_09770,3.0,micmac,C,Élevé
plot_09771,3.0,micmac,D,Élevé
plot_09772,3.0,micmac,D,Élevé
plot_09773,3.0,micmac,D,Élevé
plot_09774,2.0,micmac,D,Moyen
plot_09775,3.0,micmac,D,Élevé
plot_09776,3.0,micmac,M,Élevé
plot_09777,3.0,micmac,D,Élevé
plot_09778,3.0,micmac,C,Élevé
plot_09779,3.0,micmac,M,Moyen
plot_09780,3.0,micmac,D,Élevé
plot_09781,3.0,micmac,M,Élevé
plot_09782,3.0,micmac,D,Élevé
plot_09783,3.0,micmac,D,Élevé
plot_09784,3.0,micmac,D,Élevé
plot_09785,3.0,micmac,M,Élevé
plot_09786,3.0,micmac,D,Élevé
plot_09787,3.0,micmac,M,Élevé
plot_09788,3.0,micmac,M,Élevé
plot_09789,3.0,micmac,C,Élevé
plot_09790,3.0,micmac,C,Élevé
plot_09791,3.0,micmac,M,Élevé
plot_09792,3.0,micmac,C,Élevé
plot_09793,3.0,micmac,M,Élevé
plot_09794,3.0,micmac,C,Élevé
plot_09795,3.0,micmac,D,Élevé
plot_09796,3.0,micmac,C,Élevé
plot_09797,3.0,micmac,M,Élevé
plot_09798,3.0,micmac,C,Élevé
plot_09799,3.0,micmac,D,Élevé
plot_09800,3.0,micmac,D,Élevé
plot_09801,3.0,micmac,C,Élevé
plot_09802,3.0,micmac,C,Élevé
plot_09803,3.0,micmac,C,Élevé
plot_09804,3.0,micmac,C,Élevé
plot_09805,3.0,micmac,C,Élevé
plot_09860,1.0,micmac,D,Faible
plot_09861,1.0,micmac,D,Faible
plot_09862,1.0,micmac,D,Faible
plot_09863,1.0,micmac,D,Faible
plot_09864,1.0,micmac,D,Faible
plot_09865,1.0,micmac,D,Faible
plot_09866,1.0,micmac,D,Faible
plot_09867,1.0,micmac,D,Faible
plot_09868,1.0,micmac,D,Faible
plot_09869,1.0,micmac,D,Faible
plot_09870,1.0,micmac,D,Faible
plot_09871,1.0,micmac,D,Faible
plot_09872,1.0,micmac,D,Faible
plot_09873,1.0,micmac,D,Faible
plot_09874,1.0,micmac,D,Faible
plot_09875,1.0,micmac,D,Faible
plot_09876,1.0,micmac,D,Faible
plot_09877,1.0,micmac,D,Faible
plot_09878,1.0,micmac,D,Faible
plot_09879,1.0,micmac,D,Faible
plot_09880,1.0,micmac,C,Faible
plot_09881,1.0,micmac,D,Faible
plot_09882,1.0,micmac,D,Faible
plot_09883,1.0,micmac,D,Faible
plot_09884,1.0,micmac,D,Faible
plot_09885,1.0,micmac,D,Faible
plot_09886,1.0,micmac,D,Moyen
plot_09887,1.0,micmac,D,Faible
plot_09888,1.0,micmac,D,Faible
plot_09889,1.0,micmac,D,Faible
plot_09890,1.0,micmac,D,Faible
plot_09891,1.0,micmac,D,Moyen
plot_09892,1.0,micmac,D,Faible
plot_09893,1.0,micmac,D,Moyen
plot_09894,1.0,micmac,D,Faible
plot_09895,1.0,micmac,D,Faible
plot_09896,1.0,micmac,D,Faible
plot_09949,1.0,micmac,D,Faible
plot_09950,1.0,micmac,D,Faible
plot_09951,1.0,micmac,D,Faible
plot_09952,1.0,micmac,C,Faible
plot_09953,1.0,micmac,D,Faible
plot_09954,1.0,micmac,D,Faible
plot_09955,1.0,micmac,D,Faible
plot_09956,1.0,micmac,D,Faible
plot_09957,1.0,micmac,D,Faible
plot_09958,1.0,micmac,C,Faible
plot_09959,1.0,micmac,C,Faible
plot_09960,1.0,micmac,D,Faible
plot_09961,1.0,micmac,D,Faible
plot_09962,1.0,micmac,D,Faible
plot_09963,1.0,micmac,C,Faible
plot_09964,1.0,micmac,D,Faible
plot_09965,1.0,micmac,D,Faible
plot_09966,1.0,micmac,C,Faible
plot_09967,1.0,micmac,D,Faible
plot_09968,1.0,micmac,D,Faible
plot_09969,1.0,micmac,D,Faible
plot_09970,1.0,micmac,D,Faible
plot_09971,1.0,micmac,D,Faible
plot_09972,1.0,micmac,D,Faible
plot_09973,1.0,micmac,D,Faible
plot_09974,1.0,micmac,D,Faible
plot_09975,1.0,micmac,D,Faible
plot_09976,1.0,micmac,D,Faible
plot_09977,1.0,micmac,D,Faible
plot_09978,1.0,micmac,D,Faible
plot_09979,1.0,micmac,D,Faible
plot_09980,1.0,micmac,D,Faible
plot_09981,1.0,micmac,D,Faible
plot_09982,1.0,micmac,D,Faible
plot_09983,1.0,micmac,D,Faible
plot_09984,1.0,micmac,D,Faible
plot_09985,1.0,micmac,D,Faible
plot_09986,1.0,micmac,D,Faible
plot_09987,2.0,micmac,D,Faible
plot_09988,2.0,micmac,D,Faible
plot_09989,2.0,micmac,D,Faible
plot_09990,2.0,micmac,D,Moyen
plot_09991,1.0,micmac,D,Faible
plot_09992,1.0,micmac,D,Faible
plot_09993,2.0,micmac,D,Faible
plot_09994,1.0,micmac,D,Faible
plot_09995,2.0,micmac,M,Faible
plot_09996,2.0,micmac,D,Moyen
plot_09997,2.0,micmac,D,Moyen
plot_09998,2.0,micmac,D,Faible
plot_09999,1.0,micmac,D,Faible
plot_10000,2.0,micmac,D,Faible
plot_10001,2.0,micmac,C,Faible
plot_10002,2.0,micmac,D,Faible
plot_10003,2.0,micmac,D,Faible
plot_10004,2.0,micmac,D,Faible
plot_10005,1.0,micmac,C,Faible
plot_10006,1.0,micmac,D,Faible
plot_10007,1.0,micmac,D,Faible
plot_10008,1.0,micmac,D,Faible
plot_10009,1.0,micmac,D,Faible
plot_10010,1.0,micmac,D,Faible
plot_10011,1.0,micmac,D,Faible
plot_10012,1.0,micmac,M,Faible
plot_10013,1.0,micmac,D,Faible
plot_10014,1.0,micmac,D,Faible
plot_10015,1.0,micmac,D,Faible
plot_10016,1.0,micmac,D,Faible
plot_10017,1.0,micmac,D,Faible
plot_10018,1.0,micmac,D,Faible
plot_10019,1.0,micmac,D,Faible
plot_10020,1.0,micmac,D,Faible
plot_10021,1.0,micmac,D,Faible
plot_10022,1.0,micmac,D,Faible
plot_10023,1.0,micmac,D,Faible
plot_10024,1.0,micmac,M,Faible
plot_10025,1.0,micmac,D,Faible
plot_10026,1.0,micmac,D,Faible
plot_10027,1.0,micmac,D,Faible
plot_10028,1.0,micmac,D,Faible
plot_10029,1.0,micmac,M,Faible
plot_10030,1.0,micmac,D,Faible
plot_10031,1.0,micmac,D,Faible
plot_10032,1.0,micmac,D,Faible
plot_10033,2.0,micmac,D,Moyen
plot_10034,2.0,micmac,D,Faible
plot_10035,2.0,micmac,D,Faible
plot_10036,2.0,micmac,D,Moyen
plot_10037,2.0,micmac,D,Moyen
plot_10038,2.0,micmac,D,Faible
plot_10039,2.0,micmac,D,Faible
plot_10040,2.0,micmac,D,Moyen
plot_10041,2.0,micmac,D,Moyen
plot_10042,2.0,micmac,C,Moyen
plot_10043,2.0,micmac,D,Moyen
plot_10044,2.0,micmac,D,Moyen
plot_10045,2.0,micmac,D,Moyen
plot_10046,2.0,micmac,D,Moyen
plot_10047,2.0,micmac,D,Moyen
plot_10048,2.0,micmac,M,Moyen
plot_10049,2.0,micmac,D,Moyen
plot_10050,2.0,micmac,D,Moyen
plot_10051,2.0,micmac,D,Moyen
plot_10052,3.0,micmac,D,Moyen
plot_10053,2.0,micmac,D,Moyen
plot_10054,2.0,micmac,D,Moyen
plot_10055,3.0,micmac,C,Élevé
plot_10056,3.0,micmac,D,Élevé
plot_10057,2.0,micmac,C,Moyen
plot_10058,2.0,micmac,D,Élevé
plot_10059,2.0,micmac,M,Moyen
plot_10060,3.0,micmac,C,Moyen
plot_10061,2.0,micmac,D,Moyen
plot_10062,2.0,micmac,D,Moyen
plot_10063,3.0,micmac,D,Élevé
plot_10064,2.0,micmac,D,Élevé
plot_10065,3.0,micmac,D,Élevé
plot_10066,3.0,micmac,D,Élevé
plot_10067,3.0,micmac,D,Moyen
plot_10068,3.0,micmac,D,Moyen
plot_10069,3.0,micmac,C,Élevé
plot_10070,3.0,micmac,D,Élevé
plot_10071,3.0,micmac,D,Élevé
plot_10072,3.0,micmac,C,Élevé
plot_10073,3.0,micmac,D,Élevé
plot_10074,3.0,micmac,C,Élevé
plot_10075,3.0,micmac,C,Élevé
plot_10076,2.0,micmac,D,Moyen
plot_10077,2.0,micmac,D,Faible
plot_10078,2.0,micmac,D,Faible
plot_10079,2.0,micmac,D,Faible
plot_10080,2.0,micmac,D,Moyen
plot_10081,2.0,micmac,D,Moyen
plot_10082,2.0,micmac,D,Faible
plot_10083,2.0,micmac,D,Faible
plot_10084,2.0,micmac,D,Faible
plot_10085,2.0,micmac,D,Faible
plot_10086,2.0,micmac,D,Faible
plot_10087,2.0,micmac,D,Faible
plot_10088,2.0,micmac,D,Faible
plot_10089,2.0,micmac,D,Faible
plot_10090,2.0,micmac,D,Faible
plot_10091,2.0,micmac,D,Faible
plot_10092,2.0,micmac,D,Faible
plot_10093,2.0,micmac,D,Faible
plot_10094,2.0,micmac,D,Faible
plot_10095,2.0,micmac,C,Moyen
plot_10096,2.0,micmac,D,Moyen
plot_10097,2.0,micmac,D,Moyen
plot_10098,2.0,micmac,D,Moyen
plot_10099,2.0,micmac,D,Faible
plot_10100,2.0,micmac,D,Moyen
plot_10101,2.0,micmac,D,Moyen
plot_10102,2.0,micmac,D,Moyen
plot_10103,2.0,micmac,D,Moyen
plot_10104,2.0,micmac,D,Moyen
plot_10105,2.0,micmac,M,Moyen
plot_10106,2.0,micmac,D,Moyen
plot_10107,2.0,micmac,C,Élevé
plot_10108,2.0,micmac,D,Moyen
plot_10109,2.0,micmac,D,Moyen
plot_10110,2.0,micmac,D,Moyen
plot_10111,2.0,micmac,D,Élevé
plot_10112,2.0,micmac,C,Moyen
plot_10113,2.0,micmac,D,Élevé
plot_10114,2.0,micmac,D,Moyen
plot_10115,2.0,micmac,D,Élevé
plot_10116,2.0,micmac,D,Élevé
plot_10117,2.0,micmac,D,Moyen
plot_10118,2.0,micmac,D,Élevé
plot_10119,2.0,micmac,M,Moyen
plot_10120,2.0,micmac,M,Élevé
plot_10121,2.0,micmac,M,Moyen
plot_10122,2.0,micmac,D,Élevé
plot_10123,2.0,micmac,D,Moyen
plot_10124,2.0,micmac,M,Moyen
plot_10125,2.0,micmac,D,Élevé
plot_10126,2.0,micmac,D,Élevé
plot_10127,2.0,micmac,C,Moyen
plot_10128,3.0,micmac,M,Élevé
plot_10129,2.0,micmac,C,Moyen
plot_10130,2.0,micmac,M,Moyen
plot_10131,2.0,micmac,C,Faible
plot_10132,2.0,micmac,D,Moyen
plot_10133,3.0,micmac,C,Élevé
plot_10134,3.0,micmac,C,Élevé
plot_10135,3.0,micmac,D,Élevé
plot_10136,3.0,micmac,C,Élevé
plot_10137,2.0,micmac,M,Moyen
plot_10138,2.0,micmac,D,Faible
plot_10139,2.0,micmac,M,Moyen
plot_10140,3.0,micmac,D,Moyen
plot_10141,3.0,micmac,D,Moyen
plot_10142,3.0,micmac,C,Élevé
plot_10143,3.0,micmac,D,Moyen
plot_10144,2.0,micmac,D,Moyen
plot_10145,3.0,micmac,C,Faible
plot_10146,3.0,micmac,M,Moyen
plot_10147,3.0,micmac,M,Faible
plot_10148,3.0,micmac,C,Élevé
plot_10149,2.0,micmac,M,Moyen
plot_10150,2.0,micmac,C,Moyen
plot_10151,3.0,micmac,M,Faible
plot_10152,3.0,micmac,C,Faible
plot_10153,3.0,micmac,D,Élevé
plot_10154,3.0,micmac,M,Moyen
plot_10155,3.0,micmac,D,Élevé
plot_10156,2.0,micmac,D,Moyen
plot_10157,3.0,micmac,M,Moyen
plot_10158,3.0,micmac,D,Faible
plot_10159,3.0,micmac,D,Élevé
plot_10160,3.0,micmac,D,Moyen
plot_10161,3.0,micmac,C,Faible
plot_10162,3.0,micmac,D,Moyen
plot_10163,3.0,micmac,D,Faible
plot_10164,3.0,micmac,C,Faible
plot_10165,3.0,micmac,D,Faible
plot_10166,3.0,micmac,D,Moyen
plot_10167,3.0,micmac,D,Faible
plot_10168,2.0,micmac,D,Faible
plot_10169,2.0,micmac,D,Faible
plot_10170,2.0,micmac,C,Faible
plot_10171,2.0,micmac,C,Faible
plot_10172,2.0,micmac,C,Faible
plot_10173,2.0,micmac,D,Faible
plot_10174,2.0,micmac,D,Moyen
plot_10175,2.0,micmac,D,Faible
plot_10176,2.0,micmac,M,Moyen
plot_10177,2.0,micmac,C,Moyen
plot_10178,2.0,micmac,D,Moyen
plot_10179,2.0,micmac,M,Moyen
plot_10180,3.0,micmac,D,Moyen
plot_10181,3.0,micmac,C,Élevé
plot_10182,3.0,micmac,C,Élevé
plot_10183,2.0,micmac,C,Moyen
plot_10184,2.0,micmac,D,Moyen
plot_10185,2.0,micmac,C,Faible
plot_10186,3.0,micmac,C,Élevé
plot_10187,2.0,micmac,D,Élevé
plot_10188,2.0,micmac,D,Élevé
plot_10189,2.0,micmac,D,Élevé
plot_10190,2.0,micmac,C,Élevé
plot_10191,2.0,micmac,D,Élevé
plot_10192,2.0,micmac,D,Élevé
plot_10193,2.0,micmac,C,Moyen
plot_10194,2.0,micmac,M,Moyen
plot_10195,2.0,micmac,D,Moyen
plot_10196,2.0,micmac,D,Élevé
plot_10197,2.0,micmac,D,Moyen
plot_10198,2.0,micmac,C,Moyen
plot_10199,2.0,micmac,D,Élevé
plot_10200,2.0,micmac,D,Élevé
plot_10201,2.0,micmac,D,Élevé
plot_10202,2.0,micmac,D,Moyen
plot_10203,2.0,micmac,C,Élevé
plot_10204,2.0,micmac,C,Élevé
plot_10205,2.0,micmac,D,Moyen
plot_10206,2.0,micmac,C,Faible
plot_10207,1.0,micmac,D,Faible
plot_10208,2.0,micmac,C,Faible
plot_10209,1.0,micmac,D,Faible
plot_10210,2.0,micmac,D,Faible
plot_10211,1.0,micmac,D,Faible
plot_10212,1.0,micmac,D,Faible
plot_10213,1.0,micmac,D,Faible
plot_10214,1.0,micmac,D,Faible
plot_10215,1.0,micmac,D,Faible
plot_10216,1.0,micmac,C,Faible
plot_10217,1.0,micmac,D,Faible
plot_10218,1.0,micmac,D,Faible
plot_10219,1.0,micmac,D,Faible
plot_10220,1.0,micmac,D,Faible
plot_10221,1.0,micmac,D,Faible
plot_10222,1.0,micmac,D,Faible
plot_10223,1.0,micmac,D,Faible
plot_10224,1.0,micmac,D,Faible
plot_10225,2.0,micmac,D,Faible
plot_10226,2.0,micmac,D,Faible
plot_10227,2.0,micmac,D,Faible
plot_10228,2.0,micmac,D,Moyen
plot_10229,1.0,micmac,D,Faible
plot_10230,1.0,micmac,D,Faible
plot_10231,1.0,micmac,D,Faible
plot_10232,1.0,micmac,D,Faible
plot_10233,1.0,micmac,D,Faible
plot_10234,1.0,micmac,D,Faible
plot_10235,1.0,micmac,D,Faible
plot_10236,1.0,micmac,D,Faible
plot_10237,1.0,micmac,M,Faible
plot_10238,1.0,micmac,M,Faible
plot_10239,1.0,micmac,C,Faible
plot_10240,1.0,micmac,D,Faible
plot_10241,1.0,micmac,D,Faible
plot_10242,2.0,micmac,D,Faible
plot_10243,1.0,micmac,D,Faible
plot_10244,2.0,micmac,D,Faible
plot_10245,1.0,micmac,D,Faible
plot_10246,2.0,micmac,D,Faible
plot_10247,1.0,micmac,D,Faible
plot_10248,2.0,micmac,D,Faible
plot_10249,2.0,micmac,D,Faible
plot_10250,1.0,micmac,C,Faible
plot_10251,1.0,micmac,D,Faible
plot_10252,1.0,micmac,D,Faible
plot_10253,1.0,micmac,D,Faible
plot_10254,1.0,micmac,D,Faible
plot_10255,1.0,micmac,D,Faible
plot_10256,1.0,micmac,D,Faible
plot_10257,1.0,micmac,D,Faible
plot_10258,1.0,micmac,D,Faible
plot_10259,1.0,micmac,D,Faible
plot_10260,2.0,micmac,D,Faible
plot_10261,1.0,micmac,D,Faible
plot_10262,1.0,micmac,D,Faible
plot_10263,1.0,micmac,D,Faible
plot_10264,1.0,micmac,D,Faible
plot_10265,1.0,micmac,D,Faible
plot_10266,1.0,micmac,D,Faible
plot_10267,1.0,micmac,D,Faible
plot_10268,1.0,micmac,D,Faible
plot_10269,2.0,micmac,D,Faible
plot_10270,1.0,micmac,D,Faible
plot_10271,1.0,micmac,C,Faible
plot_10272,1.0,micmac,D,Faible
plot_10273,1.0,micmac,D,Faible
plot_10274,2.0,micmac,D,Faible
plot_10275,1.0,micmac,D,Faible
plot_10276,2.0,micmac,D,Faible
plot_10277,2.0,micmac,D,Moyen
plot_10278,2.0,micmac,D,Moyen
plot_10279,2.0,micmac,D,Faible
plot_10280,2.0,micmac,D,Moyen
plot_10281,2.0,micmac,D,Moyen
plot_10282,2.0,micmac,D,Moyen
plot_10283,2.0,micmac,D,Moyen
plot_10284,2.0,micmac,D,Moyen
plot_10285,2.0,micmac,D,Moyen
plot_10286,2.0,micmac,D,Moyen
plot_10287,2.0,micmac,D,Moyen
plot_10288,2.0,micmac,D,Moyen
plot_10289,2.0,micmac,D,Moyen
plot_10290,2.0,micmac,D,Moyen
plot_10291,2.0,micmac,D,Moyen
plot_10292,2.0,micmac,D,Moyen
plot_10293,2.0,micmac,M,Moyen
plot_10294,2.0,micmac,D,Moyen
plot_10295,2.0,micmac,D,Moyen
plot_10296,2.0,micmac,D,Moyen
plot_10297,2.0,micmac,D,Moyen
plot_10298,2.0,micmac,D,Moyen
plot_10299,2.0,micmac,D,Moyen
plot_10300,2.0,micmac,D,Moyen
plot_10301,2.0,micmac,M,Moyen
plot_10302,2.0,micmac,D,Moyen
plot_10303,2.0,micmac,D,Moyen
plot_10304,2.0,micmac,M,Moyen
plot_10305,2.0,micmac,D,Moyen
plot_10306,2.0,micmac,D,Moyen
plot_10307,2.0,micmac,D,Moyen
plot_10308,2.0,micmac,C,Élevé
plot_10309,2.0,micmac,D,Moyen
plot_10310,2.0,micmac,D,Moyen
plot_10311,2.0,micmac,D,Élevé
plot_10312,2.0,micmac,D,Moyen
plot_10313,2.0,micmac,D,Moyen
plot_10314,2.0,micmac,C,Élevé
plot_10315,2.0,micmac,D,Moyen
plot_10316,2.0,micmac,D,Élevé
plot_10317,2.0,micmac,D,Moyen
plot_10318,2.0,micmac,C,Moyen
plot_10319,2.0,micmac,M,Moyen
plot_10320,2.0,micmac,D,Moyen
plot_10321,2.0,micmac,D,Moyen
plot_10322,2.0,micmac,D,Moyen
plot_10323,2.0,micmac,D,Moyen
plot_10324,2.0,micmac,D,Moyen
plot_10325,2.0,micmac,C,Élevé
plot_10326,2.0,micmac,D,Moyen
plot_10327,2.0,micmac,C,Moyen
plot_10328,2.0,micmac,D,Élevé
plot_10329,2.0,micmac,D,Élevé
plot_10330,2.0,micmac,D,Élevé
plot_10331,2.0,micmac,M,Élevé
plot_10332,2.0,micmac,M,Élevé
plot_10333,2.0,micmac,D,Élevé
plot_10342,2.0,micmac,D,Moyen
plot_10466,1.0,micmac,D,Faible
plot_10467,1.0,micmac,D,Faible
plot_10468,1.0,micmac,D,Faible
plot_10469,1.0,micmac,D,Faible
plot_10470,1.0,micmac,D,Faible
plot_10471,1.0,micmac,D,Faible
plot_10472,1.0,micmac,D,Moyen
plot_10473,1.0,micmac,D,Faible
plot_10474,1.0,micmac,D,Faible
plot_10475,1.0,micmac,D,Faible
plot_10476,1.0,micmac,D,Faible
plot_10477,1.0,micmac,D,Faible
plot_10478,1.0,micmac,D,Moyen
plot_10479,1.0,micmac,D,Moyen
plot_10480,1.0,micmac,M,Moyen
plot_10481,1.0,micmac,D,Faible
plot_10482,1.0,micmac,D,Faible
plot_10483,1.0,micmac,D,Moyen
plot_10484,1.0,micmac,D,Faible
plot_10485,1.0,micmac,D,Moyen
plot_10486,1.0,micmac,D,Moyen
plot_10487,1.0,micmac,D,Moyen
plot_10488,1.0,micmac,D,Moyen
plot_10489,1.0,micmac,D,Faible
plot_10490,1.0,micmac,D,Moyen
plot_10491,1.0,micmac,D,Moyen
plot_10492,1.0,micmac,D,Faible
plot_10493,1.0,micmac,M,Faible
plot_10494,1.0,micmac,D,Faible
plot_10495,1.0,micmac,D,Moyen
plot_10496,1.0,micmac,D,Moyen
plot_10497,1.0,micmac,D,Moyen
plot_10498,1.0,micmac,D,Moyen
plot_10499,1.0,micmac,D,Moyen
plot_10500,1.0,micmac,D,Moyen
plot_10501,1.0,micmac,D,Moyen
plot_10502,1.0,micmac,D,Moyen
plot_10503,1.0,micmac,C,Moyen
plot_10504,1.0,micmac,D,Faible
plot_10505,1.0,micmac,D,Faible
plot_10506,1.0,micmac,D,Moyen
plot_10507,1.0,micmac,D,Moyen
plot_10508,1.0,micmac,D,Moyen
plot_10509,1.0,micmac,D,Moyen
plot_10510,1.0,micmac,D,Moyen
plot_10511,2.0,micmac,D,Moyen
plot_10512,2.0,micmac,C,Moyen
plot_10513,1.0,micmac,D,Faible
plot_10514,1.0,micmac,D,Faible
plot_10515,1.0,micmac,D,Moyen
plot_10516,2.0,micmac,M,Moyen
plot_10517,2.0,micmac,D,Moyen
plot_10518,1.0,micmac,D,Faible
plot_10519,1.0,micmac,D,Faible
plot_10520,2.0,micmac,D,Moyen
plot_10521,2.0,micmac,C,Moyen
plot_10522,1.0,micmac,D,Faible
plot_10523,1.0,micmac,D,Faible
plot_10524,2.0,micmac,D,Moyen
plot_10525,2.0,micmac,M,Faible
plot_10526,2.0,micmac,D,Moyen
plot_10527,2.0,micmac,D,Moyen
plot_10528,2.0,micmac,D,Moyen
plot_10529,2.0,micmac,M,Faible
plot_10530,2.0,micmac,D,Moyen
plot_10531,2.0,micmac,D,Faible
plot_10532,2.0,micmac,D,Moyen
plot_10533,2.0,micmac,D,Faible
plot_10534,2.0,micmac,D,Moyen
plot_10535,2.0,micmac,D,Moyen
plot_10536,2.0,micmac,D,Moyen
plot_10537,2.0,micmac,D,Moyen
plot_10538,3.0,micmac,D,Moyen
plot_10539,2.0,micmac,D,Moyen
plot_10540,3.0,micmac,D,Moyen
plot_10541,3.0,micmac,D,Moyen
plot_10542,2.0,micmac,D,Moyen
plot_10543,2.0,micmac,M,Moyen
plot_10544,2.0,micmac,D,Moyen
plot_10545,3.0,micmac,C,Moyen
plot_10546,2.0,micmac,D,Moyen
plot_10547,2.0,micmac,D,Moyen
plot_10548,2.0,micmac,C,Moyen
plot_10549,2.0,micmac,D,Moyen
plot_10550,3.0,micmac,C,Élevé
plot_10551,3.0,micmac,D,Élevé
plot_10552,3.0,micmac,M,Élevé
plot_10553,2.0,micmac,D,Élevé
plot_10554,2.0,micmac,D,Moyen
plot_10555,3.0,micmac,M,Élevé
plot_10556,2.0,micmac,D,Moyen
plot_10557,2.0,micmac,D,Moyen
plot_10558,2.0,micmac,D,Moyen
plot_10559,3.0,micmac,D,Élevé
plot_10560,2.0,micmac,D,Moyen
plot_10561,2.0,micmac,D,Moyen
plot_10562,3.0,micmac,D,Moyen
plot_10563,1.0,micmac,D,Faible
plot_10564,1.0,micmac,M,Faible
plot_10565,1.0,micmac,D,Faible
plot_10566,1.0,micmac,D,Faible
plot_10567,1.0,micmac,D,Faible
plot_10568,1.0,micmac,D,Faible
plot_10569,1.0,micmac,D,Faible
plot_10570,1.0,micmac,D,Faible
plot_10571,1.0,micmac,D,Faible
plot_10572,1.0,micmac,D,Faible
plot_10573,1.0,micmac,D,Faible
plot_10574,1.0,micmac,D,Faible
plot_10575,1.0,micmac,D,Faible
plot_10576,1.0,micmac,D,Faible
plot_10577,1.0,micmac,D,Faible
plot_10578,1.0,micmac,D,Faible
plot_10579,1.0,micmac,D,Faible
plot_10580,1.0,micmac,D,Faible
plot_10581,1.0,micmac,D,Faible
plot_10582,1.0,micmac,D,Faible
plot_10583,1.0,micmac,D,Faible
plot_10584,1.0,micmac,D,Faible
plot_10585,1.0,micmac,D,Faible
plot_10586,1.0,micmac,D,Faible
plot_10587,1.0,micmac,D,Faible
plot_10588,1.0,micmac,D,Faible
plot_10589,1.0,micmac,D,Faible
plot_10590,1.0,micmac,D,Faible
plot_10591,2.0,micmac,D,Faible
plot_10592,2.0,micmac,D,Moyen
plot_10593,2.0,micmac,D,Moyen
plot_10594,2.0,micmac,D,Moyen
plot_10595,2.0,micmac,D,Moyen
plot_10596,2.0,micmac,D,Moyen
plot_10597,2.0,micmac,D,Moyen
plot_10598,2.0,micmac,D,Moyen
plot_10599,2.0,micmac,D,Moyen
plot_10600,2.0,micmac,D,Moyen
plot_10601,2.0,micmac,D,Moyen
plot_10602,2.0,micmac,D,Moyen
plot_10603,2.0,ultramap,M,Moyen
plot_10604,2.0,micmac,D,Moyen
plot_10605,2.0,micmac,D,Moyen
plot_10606,3.0,micmac,D,Moyen
plot_10607,3.0,micmac,C,Moyen
plot_10608,3.0,micmac,D,Élevé
plot_10609,2.0,micmac,D,Moyen
plot_10610,3.0,micmac,D,Moyen
plot_10611,2.0,micmac,D,Moyen
plot_10612,3.0,micmac,D,Élevé
plot_10613,3.0,micmac,D,Moyen
plot_10614,3.0,micmac,D,Moyen
plot_10615,3.0,micmac,D,Moyen
plot_10616,2.0,micmac,D,Moyen
plot_10617,3.0,micmac,M,Élevé
plot_10618,3.0,micmac,D,Élevé
plot_10619,3.0,micmac,D,Élevé
plot_10620,3.0,micmac,D,Élevé
plot_10621,3.0,micmac,D,Moyen
plot_10622,3.0,micmac,D,Élevé
plot_10623,3.0,micmac,D,Élevé
plot_10624,3.0,micmac,D,Élevé
plot_10625,3.0,micmac,D,Élevé
plot_10626,3.0,micmac,D,Moyen
plot_10627,3.0,micmac,M,Élevé
plot_10628,3.0,micmac,D,Élevé
plot_10629,3.0,micmac,D,Élevé
plot_10630,3.0,micmac,C,Élevé
plot_10631,3.0,micmac,D,Moyen
plot_10632,3.0,micmac,D,Élevé
plot_10633,3.0,micmac,D,Moyen
plot_10634,3.0,micmac,D,Élevé
plot_10635,3.0,micmac,C,Élevé
plot_10636,3.0,micmac,M,Élevé
plot_10637,3.0,micmac,D,Élevé
plot_10638,3.0,micmac,M,Élevé
plot_10639,3.0,micmac,M,Élevé
plot_10640,3.0,micmac,M,Élevé
plot_10641,3.0,micmac,C,Élevé
plot_10642,3.0,micmac,M,Élevé
plot_10643,3.0,micmac,D,Moyen
plot_10644,3.0,micmac,D,Élevé
plot_10645,3.0,micmac,M,Élevé
plot_10646,3.0,micmac,M,Élevé
plot_10647,3.0,micmac,M,Élevé
plot_10648,3.0,micmac,M,Élevé
plot_10649,3.0,micmac,D,Moyen
plot_10650,3.0,micmac,D,Moyen
plot_10651,3.0,micmac,M,Élevé
plot_10652,3.0,micmac,M,Élevé
plot_10653,3.0,micmac,M,Élevé
plot_10654,3.0,micmac,M,Élevé
plot_10655,3.0,micmac,M,Élevé
plot_10656,3.0,micmac,D,Élevé
plot_10657,3.0,micmac,D,Élevé
plot_10658,2.0,micmac,D,Élevé
plot_10659,3.0,micmac,D,Élevé
plot_10660,3.0,micmac,D,Élevé
plot_10661,2.0,micmac,D,Élevé
plot_10662,3.0,micmac,D,Élevé
plot_10663,3.0,micmac,M,Élevé
plot_10664,3.0,micmac,D,Moyen
plot_10665,3.0,micmac,M,Moyen
plot_10666,3.0,micmac,C,Élevé
plot_10667,2.0,micmac,D,Élevé
plot_10668,3.0,micmac,D,Élevé
plot_10669,3.0,micmac,C,Élevé
plot_10670,2.0,micmac,D,Élevé
plot_10671,3.0,micmac,D,Moyen
plot_10672,2.0,micmac,D,Moyen
plot_10673,3.0,micmac,M,Élevé
plot_10674,3.0,micmac,M,Élevé
plot_10675,3.0,micmac,D,Élevé
plot_10676,2.0,micmac,D,Moyen
plot_10677,2.0,micmac,M,Élevé
plot_10738,1.0,micmac,D,Moyen
plot_10739,1.0,micmac,D,Moyen
plot_10740,1.0,micmac,M,Moyen
plot_10741,1.0,micmac,D,Faible
plot_10742,1.0,micmac,D,Moyen
plot_10743,1.0,micmac,D,Moyen
plot_10744,1.0,micmac,C,Moyen
plot_10745,1.0,micmac,D,Moyen
plot_10746,1.0,micmac,D,Moyen
plot_10747,2.0,micmac,D,Moyen
plot_10748,1.0,micmac,D,Moyen
plot_10749,2.0,micmac,D,Moyen
plot_10750,2.0,micmac,D,Moyen
plot_10751,2.0,micmac,D,Moyen
plot_10752,2.0,micmac,D,Moyen
plot_10753,2.0,micmac,D,Moyen
plot_10754,1.0,micmac,D,Moyen
plot_10755,1.0,micmac,D,Moyen
plot_10756,1.0,micmac,D,Moyen
plot_10757,1.0,micmac,D,Moyen
plot_10758,1.0,micmac,D,Moyen
plot_10759,1.0,micmac,D,Moyen
plot_10760,1.0,micmac,D,Moyen
plot_10761,2.0,micmac,M,Moyen
plot_10762,1.0,micmac,D,Moyen
plot_10763,2.0,micmac,D,Moyen
plot_10764,2.0,micmac,D,Élevé
plot_10765,2.0,micmac,D,Moyen
plot_10766,2.0,micmac,D,Moyen
plot_10767,2.0,micmac,D,Moyen
plot_10768,2.0,micmac,D,Moyen
plot_10769,2.0,micmac,D,Moyen
plot_10770,2.0,micmac,D,Moyen
plot_10771,2.0,micmac,D,Moyen
plot_10772,2.0,micmac,D,Moyen
plot_10773,2.0,micmac,D,Moyen
plot_10774,2.0,micmac,D,Moyen
plot_10775,2.0,micmac,D,Moyen
plot_10776,2.0,micmac,D,Moyen
plot_10777,2.0,micmac,D,Moyen
plot_10778,2.0,micmac,D,Moyen
plot_10779,2.0,micmac,D,Moyen
plot_10780,2.0,micmac,D,Moyen
plot_10781,2.0,micmac,D,Moyen
plot_10782,2.0,micmac,D,Moyen
plot_10783,2.0,micmac,D,Moyen
plot_10784,3.0,micmac,D,Moyen
plot_10785,3.0,micmac,C,Moyen
plot_10786,3.0,micmac,C,Moyen
plot_10787,3.0,micmac,D,Moyen
plot_10788,3.0,micmac,D,Moyen
plot_10789,3.0,micmac,D,Moyen
plot_10790,3.0,micmac,D,Élevé
plot_10791,2.0,micmac,D,Moyen
plot_10792,3.0,micmac,D,Élevé
plot_10793,3.0,micmac,D,Élevé
plot_10794,3.0,micmac,M,Élevé
plot_10795,3.0,micmac,D,Élevé
plot_10796,3.0,micmac,D,Élevé
plot_10797,3.0,micmac,C,Élevé
plot_10798,2.0,micmac,M,Élevé
plot_10799,2.0,micmac,D,Élevé
plot_10800,3.0,micmac,D,Élevé
plot_10801,3.0,micmac,D,Élevé
plot_10802,3.0,micmac,M,Élevé
plot_10803,2.0,micmac,D,Élevé
plot_10804,3.0,micmac,M,Élevé
plot_10805,3.0,micmac,D,Élevé
plot_10806,3.0,micmac,D,Élevé
plot_10807,3.0,micmac,D,Moyen
plot_10808,3.0,micmac,D,Élevé
plot_10809,2.0,micmac,D,Élevé
plot_10810,2.0,micmac,M,Élevé
plot_10811,2.0,micmac,M,Élevé
plot_10812,3.0,micmac,D,Élevé
plot_10813,3.0,micmac,C,Élevé
plot_10814,3.0,micmac,C,Élevé
plot_10815,3.0,micmac,D,Élevé
plot_10816,2.0,micmac,D,Élevé
plot_10817,3.0,micmac,C,Élevé
plot_10818,3.0,micmac,D,Élevé
plot_10819,3.0,micmac,D,Élevé
plot_10820,3.0,micmac,M,Élevé
plot_10821,2.0,micmac,D,Élevé
plot_10822,2.0,micmac,D,Élevé
plot_10823,2.0,micmac,D,Élevé
plot_10824,2.0,micmac,D,Moyen
plot_10825,3.0,micmac,M,Élevé
plot_10826,3.0,micmac,D,Élevé
plot_10827,3.0,micmac,D,Élevé
plot_10828,3.0,micmac,D,Élevé
plot_10829,3.0,micmac,D,Élevé
plot_10830,2.0,micmac,D,Élevé
plot_10831,2.0,micmac,C,Moyen
plot_10832,3.0,micmac,C,Élevé
plot_10833,3.0,micmac,D,Élevé
plot_10834,3.0,micmac,D,Élevé
plot_10835,3.0,micmac,C,Élevé
plot_10836,2.0,micmac,C,Élevé
plot_10837,2.0,micmac,C,Élevé
plot_10838,2.0,micmac,D,Élevé
plot_10839,2.0,micmac,D,Élevé
plot_10840,3.0,micmac,C,Élevé
plot_10841,3.0,micmac,C,Élevé
plot_10842,3.0,micmac,C,Élevé
plot_10843,3.0,micmac,C,Élevé
plot_10844,3.0,micmac,D,Élevé
plot_10845,2.0,micmac,M,Élevé
plot_10846,3.0,micmac,C,Élevé
plot_10847,3.0,micmac,M,Élevé
plot_10848,3.0,micmac,D,Élevé
plot_10849,3.0,micmac,M,Élevé
plot_10850,3.0,micmac,M,Élevé
plot_10851,3.0,micmac,C,Élevé
plot_10852,3.0,micmac,C,Élevé
plot_10853,3.0,micmac,C,Élevé
plot_10854,3.0,micmac,C,Élevé
plot_10855,3.0,micmac,C,Élevé
plot_10856,3.0,micmac,C,Élevé
plot_10857,3.0,micmac,C,Élevé
plot_10858,3.0,ultramap,D,Élevé
plot_10859,3.0,micmac,C,Élevé
plot_10860,3.0,micmac,C,Élevé
plot_10861,3.0,micmac,D,Élevé
plot_10862,3.0,micmac,C,Élevé
plot_10863,3.0,micmac,C,Élevé
plot_10864,3.0,micmac,C,Élevé
plot_10865,3.0,micmac,M,Élevé
plot_10866,3.0,micmac,C,Élevé
plot_10867,3.0,micmac,D,Élevé
plot_10868,3.0,micmac,M,Élevé
plot_10869,3.0,micmac,M,Élevé
plot_10870,3.0,micmac,C,Élevé
plot_10871,3.0,micmac,C,Élevé
plot_10872,3.0,micmac,M,Élevé
plot_10873,3.0,micmac,C,Élevé
plot_10874,3.0,micmac,D,Élevé
plot_10875,3.0,ultramap,D,Élevé
plot_10876,3.0,micmac,D,Élevé
plot_10877,3.0,micmac,C,Élevé
plot_10878,3.0,micmac,C,Élevé
plot_10879,3.0,micmac,C,Élevé
plot_10880,3.0,micmac,C,Élevé
plot_10881,3.0,micmac,M,Élevé
plot_10882,3.0,micmac,C,Élevé
plot_10883,3.0,micmac,C,Élevé
plot_10884,3.0,micmac,C,Élevé
plot_10885,3.0,micmac,C,Élevé
plot_10886,3.0,micmac,C,Élevé
plot_10887,3.0,micmac,C,Élevé
plot_10888,3.0,micmac,D,Élevé
plot_10889,3.0,micmac,M,Élevé
plot_10890,3.0,micmac,C,Élevé
plot_10891,3.0,micmac,C,Élevé
plot_10892,3.0,micmac,D,Élevé
plot_10893,3.0,micmac,C,Élevé
plot_10894,3.0,micmac,D,Élevé
plot_10895,3.0,micmac,C,Élevé
plot_10896,3.0,micmac,M,Élevé
plot_10897,3.0,micmac,C,Élevé
plot_10898,3.0,micmac,D,Élevé
plot_10899,3.0,micmac,M,Élevé
plot_10900,3.0,micmac,M,Élevé
plot_10901,3.0,micmac,D,Élevé
plot_10902,3.0,micmac,C,Élevé
plot_10903,3.0,micmac,D,Élevé
plot_10904,3.0,micmac,C,Élevé
plot_10905,3.0,micmac,C,Élevé
plot_10906,3.0,micmac,M,Élevé
plot_10907,3.0,micmac,C,Élevé
plot_10908,3.0,micmac,C,Élevé
plot_10909,3.0,micmac,D,Élevé
plot_10910,3.0,micmac,C,Élevé
plot_10911,3.0,micmac,C,Élevé
plot_10912,3.0,micmac,D,Élevé
plot_10913,3.0,micmac,C,Élevé
plot_10914,3.0,micmac,C,Élevé
plot_10915,3.0,micmac,C,Élevé
plot_10916,3.0,micmac,C,Élevé
plot_10917,3.0,micmac,C,Élevé
plot_10918,3.0,micmac,C,Élevé
plot_10919,3.0,micmac,C,Élevé
plot_10920,3.0,micmac,C,Élevé
plot_10921,3.0,ultramap,C,Élevé
plot_10922,3.0,ultramap,C,Élevé
plot_10923,3.0,ultramap,C,Élevé
plot_10924,3.0,ultramap,C,Élevé
plot_10925,3.0,micmac,C,Élevé
plot_10926,3.0,ultramap,C,Élevé
plot_10927,3.0,ultramap,D,Élevé
plot_10928,3.0,ultramap,C,Élevé
plot_10929,3.0,ultramap,C,Élevé
plot_10930,3.0,ultramap,C,Élevé
plot_10931,3.0,ultramap,C,Élevé
plot_10932,3.0,ultramap,D,Moyen
plot_10933,3.0,ultramap,C,Élevé
plot_10934,3.0,ultramap,M,Élevé
plot_10935,3.0,ultramap,M,Élevé
plot_10936,3.0,ultramap,D,Élevé
plot_10937,3.0,ultramap,M,Élevé
plot_10938,3.0,ultramap,M,Élevé
plot_10939,3.0,ultramap,M,Élevé
plot_10940,3.0,ultramap,M,Élevé
plot_10941,3.0,ultramap,C,Élevé
plot_10942,3.0,ultramap,D,Élevé
plot_10943,3.0,ultramap,D,Élevé
plot_10944,3.0,ultramap,C,Élevé
plot_10945,3.0,ultramap,M,Élevé
plot_10946,3.0,ultramap,D,Élevé
plot_10947,3.0,ultramap,D,Élevé
plot_10948,3.0,ultramap,C,Élevé
plot_10949,3.0,ultramap,M,Élevé
plot_10950,3.0,ultramap,D,Élevé
plot_10951,3.0,ultramap,D,Faible
plot_10952,3.0,ultramap,C,Élevé
plot_10953,3.0,ultramap,D,Élevé
plot_10954,3.0,ultramap,D,Élevé
plot_10955,3.0,ultramap,D,Élevé
plot_10956,3.0,ultramap,C,Élevé
plot_10957,3.0,ultramap,D,Élevé
plot_10958,3.0,ultramap,M,Moyen
plot_10959,3.0,ultramap,C,Élevé
plot_10960,3.0,ultramap,C,Élevé
plot_10961,3.0,ultramap,D,Élevé
plot_10962,3.0,ultramap,D,Élevé
plot_10963,3.0,ultramap,C,Élevé
plot_10964,3.0,ultramap,M,Élevé
plot_10965,2.0,ultramap,C,Élevé
plot_10966,2.0,ultramap,M,Élevé
plot_10967,2.0,ultramap,C,Élevé
plot_10968,2.0,ultramap,M,Élevé
plot_10969,2.0,ultramap,M,Élevé
plot_10970,2.0,ultramap,C,Élevé
plot_10971,2.0,ultramap,C,Élevé
plot_10972,2.0,ultramap,D,Élevé
plot_10973,2.0,ultramap,M,Élevé
plot_10974,2.0,ultramap,D,Élevé
plot_10975,2.0,ultramap,C,Élevé
plot_10976,2.0,ultramap,M,Élevé
plot_10977,3.0,ultramap,D,Élevé
plot_10978,3.0,ultramap,D,Élevé
plot_10979,2.0,ultramap,D,Élevé
plot_10980,3.0,ultramap,C,Élevé
plot_10981,2.0,ultramap,C,Élevé
plot_10982,3.0,ultramap,D,Élevé
plot_10983,3.0,ultramap,D,Élevé
plot_10984,3.0,ultramap,D,Élevé
plot_10985,3.0,ultramap,D,Élevé
plot_10986,3.0,micmac,C,Élevé
plot_10987,2.0,ultramap,M,Élevé
plot_10988,3.0,ultramap,C,Élevé
plot_10989,3.0,ultramap,C,Élevé
plot_10990,3.0,ultramap,M,Élevé
plot_10991,3.0,ultramap,D,Élevé
plot_10992,3.0,ultramap,D,Élevé
plot_10993,3.0,ultramap,C,Élevé
plot_10994,3.0,ultramap,D,Élevé
plot_10995,3.0,ultramap,M,Élevé
plot_10996,3.0,ultramap,C,Élevé
plot_10997,3.0,ultramap,C,Moyen
plot_10998,3.0,ultramap,M,Élevé
plot_10999,3.0,ultramap,C,Élevé
plot_11000,3.0,ultramap,C,Élevé
plot_11001,3.0,ultramap,C,Élevé
plot_11002,3.0,ultramap,C,Élevé
plot_11003,3.0,ultramap,D,Élevé
plot_11004,3.0,ultramap,D,Élevé
plot_11005,3.0,ultramap,D,Élevé
plot_11006,3.0,ultramap,C,Élevé
plot_11007,3.0,ultramap,D,Élevé
plot_11008,3.0,ultramap,D,Élevé
plot_11009,3.0,ultramap,D,Moyen
plot_11010,3.0,ultramap,D,Élevé
plot_11011,3.0,ultramap,D,Moyen
plot_11012,2.0,ultramap,D,Faible
plot_11013,3.0,ultramap,M,Élevé
plot_11014,3.0,ultramap,M,Élevé
plot_11015,3.0,ultramap,M,Moyen
plot_11016,3.0,ultramap,M,Élevé
plot_11017,3.0,ultramap,C,Élevé
plot_11018,3.0,ultramap,D,Élevé
plot_11019,3.0,ultramap,D,Moyen
plot_11020,2.0,ultramap,M,Moyen
plot_11021,3.0,ultramap,M,Élevé
plot_11022,3.0,ultramap,M,Moyen
plot_11023,3.0,ultramap,D,Élevé
plot_11024,3.0,ultramap,C,Élevé
plot_11025,3.0,ultramap,D,Élevé
plot_11026,3.0,ultramap,M,Élevé
plot_11027,2.0,ultramap,C,Élevé
plot_11028,2.0,ultramap,D,Moyen
plot_11029,2.0,ultramap,D,Moyen
plot_11030,2.0,ultramap,D,Moyen
plot_11031,3.0,ultramap,M,Moyen
plot_11032,3.0,ultramap,C,Élevé
plot_11033,3.0,ultramap,M,Moyen
plot_11034,3.0,ultramap,D,Élevé
plot_11035,2.0,ultramap,D,Élevé
plot_11036,2.0,ultramap,D,Moyen
plot_11037,2.0,ultramap,D,Moyen
plot_11038,3.0,ultramap,D,Moyen
plot_11039,3.0,ultramap,D,Élevé
plot_11040,3.0,ultramap,M,Moyen
plot_11041,2.0,ultramap,D,Moyen
plot_11042,2.0,ultramap,D,Moyen
plot_11043,2.0,ultramap,D,Faible
plot_11044,2.0,ultramap,D,Moyen
plot_11045,2.0,ultramap,M,Moyen
plot_11046,2.0,ultramap,D,Moyen
plot_11047,2.0,ultramap,D,Faible
plot_11048,2.0,ultramap,D,Moyen
plot_11049,2.0,ultramap,D,Moyen
plot_11050,1.0,micmac,D,Moyen
plot_11051,1.0,micmac,D,Moyen
plot_11052,1.0,micmac,D,Moyen
plot_11053,1.0,micmac,M,Moyen
plot_11054,2.0,micmac,D,Moyen
plot_11055,2.0,micmac,D,Faible
plot_11056,1.0,micmac,D,Moyen
plot_11057,2.0,micmac,D,Moyen
plot_11058,2.0,micmac,D,Moyen
plot_11059,2.0,micmac,D,Moyen
plot_11060,1.0,micmac,C,Moyen
plot_11061,2.0,micmac,D,Moyen
plot_11062,2.0,micmac,D,Faible
plot_11063,2.0,micmac,D,Moyen
plot_11064,1.0,micmac,D,Faible
plot_11065,1.0,micmac,D,Moyen
plot_11066,1.0,micmac,D,Faible
plot_11067,1.0,micmac,D,Faible
plot_11068,1.0,micmac,D,Moyen
plot_11069,1.0,micmac,D,Moyen
plot_11070,1.0,micmac,D,Moyen
plot_11071,1.0,micmac,D,Moyen
plot_11072,1.0,micmac,D,Moyen
plot_11073,1.0,micmac,D,Moyen
plot_11074,1.0,micmac,D,Moyen
plot_11075,1.0,micmac,C,Moyen
plot_11076,1.0,micmac,D,Moyen
plot_11077,1.0,micmac,C,Faible
plot_11078,1.0,micmac,D,Moyen
plot_11079,1.0,micmac,M,Faible
plot_11080,2.0,micmac,M,Moyen
plot_11081,1.0,micmac,D,Moyen
plot_11082,1.0,micmac,D,Moyen
plot_11083,2.0,micmac,D,Faible
plot_11084,1.0,micmac,D,Moyen
plot_11085,2.0,micmac,D,Moyen
plot_11086,1.0,micmac,M,Moyen
plot_11087,1.0,micmac,C,Moyen
plot_11088,2.0,micmac,D,Moyen
plot_11089,2.0,micmac,D,Moyen
plot_11090,1.0,micmac,D,Faible
plot_11091,1.0,micmac,D,Moyen
plot_11092,2.0,micmac,D,Moyen
plot_11093,2.0,micmac,D,Moyen
plot_11094,1.0,micmac,D,Moyen
plot_11095,2.0,micmac,D,Moyen
plot_11096,2.0,micmac,D,Moyen
plot_11097,2.0,micmac,D,Moyen
plot_11098,1.0,micmac,D,Faible
plot_11099,1.0,micmac,C,Moyen
plot_11100,2.0,micmac,D,Faible
plot_11101,1.0,micmac,D,Faible
plot_11102,2.0,micmac,D,Moyen
plot_11103,2.0,micmac,D,Faible
plot_11104,2.0,micmac,D,Faible
plot_11105,2.0,micmac,D,Moyen
plot_11106,2.0,micmac,D,Moyen
plot_11107,2.0,micmac,D,Moyen
plot_11108,2.0,micmac,D,Moyen
plot_11109,2.0,micmac,D,Moyen
plot_11110,2.0,micmac,D,Moyen
plot_11111,3.0,micmac,D,Élevé
plot_11112,2.0,micmac,D,Moyen
plot_11113,3.0,micmac,D,Élevé
plot_11114,3.0,micmac,D,Élevé
plot_11115,3.0,micmac,D,Élevé
plot_11116,2.0,micmac,D,Moyen
plot_11117,3.0,micmac,D,Moyen
plot_11118,3.0,micmac,D,Élevé
plot_11119,3.0,micmac,D,Élevé
plot_11120,3.0,micmac,D,Élevé
plot_11121,2.0,micmac,D,Moyen
plot_11122,2.0,micmac,D,Élevé
plot_11123,3.0,micmac,M,Élevé
plot_11124,3.0,micmac,D,Élevé
plot_11125,3.0,micmac,C,Élevé
plot_11126,2.0,micmac,C,Moyen
plot_11127,2.0,micmac,D,Moyen
plot_11128,3.0,micmac,D,Élevé
plot_11129,3.0,micmac,D,Élevé
plot_11130,3.0,micmac,C,Élevé
plot_11131,3.0,micmac,D,Élevé
plot_11132,2.0,micmac,D,Moyen
plot_11133,3.0,micmac,C,Élevé
plot_11134,2.0,micmac,D,Moyen
plot_11135,2.0,micmac,D,Moyen
plot_11136,2.0,micmac,D,Moyen
plot_11137,2.0,micmac,D,Élevé
plot_11138,3.0,micmac,D,Élevé
plot_11139,3.0,micmac,D,Élevé
plot_11140,2.0,micmac,D,Élevé
plot_11141,3.0,micmac,D,Élevé
plot_11142,3.0,micmac,D,Élevé
plot_11143,3.0,micmac,D,Moyen
plot_11144,3.0,micmac,C,Élevé
plot_11145,3.0,micmac,D,Élevé
plot_11146,3.0,micmac,D,Élevé
plot_11147,3.0,micmac,D,Élevé
plot_11148,3.0,micmac,D,Élevé
plot_11149,2.0,micmac,C,Élevé
plot_11150,3.0,micmac,D,Élevé
plot_11151,3.0,micmac,D,Élevé
plot_11152,3.0,micmac,D,Élevé
plot_11153,2.0,micmac,D,Moyen
plot_11154,3.0,micmac,D,Élevé
plot_11155,3.0,micmac,M,Élevé
plot_11156,3.0,micmac,D,Élevé
plot_11157,3.0,micmac,C,Élevé
plot_11158,2.0,micmac,D,Moyen
plot_11159,3.0,micmac,D,Élevé
plot_11160,3.0,micmac,C,Élevé
plot_11161,3.0,micmac,D,Élevé
plot_11162,3.0,micmac,M,Élevé
plot_11163,3.0,micmac,D,Élevé
plot_11164,3.0,micmac,M,Élevé
plot_11165,3.0,micmac,D,Élevé
plot_11166,1.0,micmac,M,Faible
plot_11167,1.0,micmac,D,Faible
plot_11168,1.0,micmac,C,Faible
plot_11169,1.0,micmac,D,Faible
plot_11170,1.0,micmac,D,Moyen
plot_11171,1.0,micmac,D,Faible
plot_11172,1.0,micmac,C,Faible
plot_11173,1.0,micmac,D,Moyen
plot_11174,1.0,micmac,M,Moyen
plot_11175,1.0,micmac,D,Moyen
plot_11176,1.0,micmac,D,Moyen
plot_11177,1.0,micmac,D,Moyen
plot_11178,1.0,micmac,D,Moyen
plot_11179,1.0,micmac,D,Moyen
plot_11180,1.0,micmac,D,Moyen
plot_11181,1.0,micmac,D,Moyen
plot_11182,1.0,micmac,D,Moyen
plot_11183,1.0,micmac,M,Moyen
plot_11184,1.0,micmac,D,Faible
plot_11185,1.0,micmac,D,Faible
plot_11186,1.0,micmac,D,Faible
plot_11187,1.0,micmac,D,Faible
plot_11188,1.0,micmac,M,Faible
plot_11189,1.0,micmac,D,Faible
plot_11190,1.0,micmac,D,Faible
plot_11191,1.0,micmac,D,Faible
plot_11192,1.0,micmac,D,Faible
plot_11193,1.0,micmac,D,Faible
plot_11194,1.0,micmac,D,Faible
plot_11195,1.0,micmac,D,Faible
plot_11196,1.0,micmac,D,Faible
plot_11197,1.0,micmac,M,Faible
plot_11198,1.0,micmac,D,Faible
plot_11199,1.0,micmac,D,Faible
plot_11200,1.0,micmac,D,Faible
plot_11201,1.0,micmac,D,Faible
plot_11202,1.0,micmac,D,Faible
plot_11203,1.0,micmac,D,Faible
plot_11204,1.0,micmac,D,Faible
plot_11205,1.0,micmac,D,Faible
plot_11206,1.0,micmac,D,Faible
plot_11207,1.0,micmac,D,Faible
plot_11208,1.0,micmac,D,Faible
plot_11209,1.0,micmac,D,Faible
plot_11210,1.0,micmac,D,Faible
plot_11211,1.0,micmac,D,Faible
plot_11212,1.0,micmac,D,Faible
plot_11213,2.0,micmac,D,Moyen
plot_11214,2.0,micmac,D,Faible
plot_11215,2.0,micmac,D,Moyen
plot_11216,2.0,micmac,M,Moyen
plot_11217,1.0,micmac,D,Faible
plot_11218,2.0,micmac,D,Moyen
plot_11219,2.0,micmac,M,Moyen
plot_11220,2.0,micmac,D,Moyen
plot_11221,1.0,micmac,D,Faible
plot_11222,2.0,micmac,D,Faible
plot_11223,2.0,micmac,D,Faible
plot_11224,2.0,micmac,D,Moyen
plot_11225,2.0,micmac,D,Moyen
plot_11226,2.0,micmac,D,Moyen
plot_11227,2.0,micmac,M,Moyen
plot_11228,2.0,micmac,D,Moyen
plot_11229,2.0,micmac,D,Moyen
plot_11230,2.0,micmac,D,Moyen
plot_11231,2.0,micmac,D,Moyen
plot_11232,2.0,micmac,D,Moyen
plot_11233,2.0,micmac,D,Moyen
plot_11234,2.0,micmac,D,Moyen
plot_11235,2.0,micmac,D,Moyen
plot_11236,2.0,micmac,D,Moyen
plot_11237,3.0,micmac,C,Élevé
plot_11238,2.0,micmac,D,Moyen
plot_11239,2.0,micmac,C,Moyen
plot_11240,2.0,micmac,D,Moyen
plot_11241,2.0,micmac,D,Moyen
plot_11242,2.0,micmac,C,Moyen
plot_11243,3.0,micmac,M,Élevé
plot_11244,3.0,micmac,D,Élevé
plot_11245,3.0,micmac,D,Élevé
plot_11246,2.0,micmac,D,Moyen
plot_11247,2.0,micmac,D,Moyen
plot_11248,2.0,micmac,D,Moyen
plot_11249,3.0,micmac,D,Élevé
plot_11250,2.0,micmac,D,Moyen
plot_11251,2.0,micmac,D,Moyen
plot_11252,3.0,micmac,D,Élevé
plot_11253,3.0,micmac,C,Élevé
plot_11254,3.0,micmac,D,Élevé
plot_11255,2.0,micmac,D,Moyen
plot_11256,2.0,micmac,D,Moyen
plot_11257,2.0,micmac,D,Élevé
plot_11258,3.0,micmac,C,Élevé
plot_11259,2.0,micmac,M,Moyen
plot_11260,3.0,micmac,D,Élevé
plot_11261,3.0,micmac,D,Élevé
plot_11262,2.0,micmac,C,Moyen
plot_11263,2.0,micmac,D,Moyen
plot_11264,2.0,micmac,D,Moyen
plot_11265,2.0,micmac,M,Élevé
plot_11266,2.0,micmac,D,Élevé
plot_11267,3.0,micmac,D,Élevé
plot_11268,3.0,micmac,M,Élevé
plot_11269,3.0,micmac,M,Élevé
plot_11270,3.0,micmac,D,Élevé
plot_11271,2.0,micmac,D,Moyen
plot_11272,2.0,micmac,D,Moyen
plot_11273,2.0,micmac,C,Élevé
plot_11274,2.0,micmac,D,Élevé
plot_11275,3.0,micmac,D,Élevé
plot_11276,3.0,micmac,D,Élevé
plot_11277,2.0,micmac,C,Faible
plot_11278,2.0,micmac,D,Moyen
plot_11279,2.0,micmac,D,Moyen
plot_11280,2.0,micmac,D,Élevé
plot_11281,2.0,micmac,D,Élevé
plot_11282,2.0,micmac,C,Faible
plot_11283,2.0,micmac,C,Moyen
plot_11284,2.0,micmac,D,Moyen
plot_11285,2.0,micmac,D,Élevé
plot_11286,2.0,micmac,D,Moyen
plot_11287,2.0,micmac,C,Faible
plot_11288,2.0,micmac,C,Moyen
plot_11289,2.0,micmac,D,Moyen
plot_11290,2.0,micmac,D,Moyen
plot_11291,2.0,micmac,C,Faible
plot_11292,2.0,micmac,C,Faible
plot_11293,2.0,micmac,D,Moyen
plot_11294,2.0,micmac,D,Moyen
plot_11295,2.0,micmac,D,Moyen
plot_11296,2.0,micmac,C,Faible
plot_11297,2.0,micmac,D,Faible
plot_11298,2.0,micmac,C,Faible
plot_11299,2.0,micmac,D,Moyen
plot_11300,2.0,micmac,D,Moyen
plot_11301,2.0,micmac,D,Moyen
plot_11302,2.0,micmac,D,Moyen
plot_11303,2.0,micmac,D,Moyen
plot_11304,2.0,micmac,D,Moyen
plot_11305,2.0,micmac,D,Moyen
plot_11306,2.0,micmac,D,Moyen
plot_11307,2.0,micmac,D,Moyen
plot_11308,2.0,micmac,D,Moyen
plot_11309,2.0,micmac,D,Élevé
plot_11310,2.0,micmac,D,Moyen
plot_11311,2.0,micmac,D,Moyen
plot_11312,2.0,micmac,D,Moyen
plot_11313,2.0,micmac,D,Élevé
plot_11314,2.0,micmac,D,Moyen
plot_11315,2.0,micmac,D,Moyen
plot_11316,2.0,micmac,D,Moyen
plot_11317,2.0,micmac,D,Élevé
plot_11318,2.0,micmac,D,Élevé
plot_11319,2.0,micmac,D,Élevé
plot_11320,2.0,micmac,D,Moyen
plot_11321,2.0,micmac,D,Élevé
plot_11322,2.0,micmac,D,Élevé
plot_11323,2.0,micmac,D,Moyen
plot_11324,2.0,micmac,D,Moyen
plot_11325,2.0,micmac,C,Moyen
plot_11326,2.0,micmac,D,Moyen
plot_11327,2.0,micmac,M,Élevé
plot_11328,2.0,micmac,C,Élevé
plot_11329,2.0,micmac,C,Moyen
plot_11330,3.0,micmac,D,Élevé
plot_11331,2.0,micmac,D,Élevé
plot_11332,2.0,micmac,D,Élevé
plot_11333,2.0,micmac,D,Élevé
plot_11334,2.0,micmac,D,Moyen
plot_11335,3.0,micmac,M,Élevé
plot_11336,2.0,micmac,C,Élevé
plot_11337,2.0,micmac,D,Élevé
plot_11338,2.0,micmac,D,Élevé
plot_11339,2.0,micmac,D,Élevé
plot_11340,2.0,micmac,D,Élevé
plot_11341,2.0,micmac,D,Moyen
plot_11342,2.0,micmac,D,Élevé
plot_11343,2.0,micmac,D,Élevé
plot_11344,2.0,micmac,C,Élevé
plot_11345,2.0,micmac,C,Élevé
plot_11346,2.0,micmac,D,Élevé
plot_11347,2.0,micmac,D,Élevé
plot_11348,2.0,micmac,D,Élevé
plot_11349,2.0,micmac,D,Moyen
plot_11350,2.0,micmac,D,Élevé
plot_11351,2.0,micmac,D,Élevé
plot_11352,2.0,micmac,D,Élevé
plot_11353,2.0,micmac,D,Élevé
plot_11354,3.0,micmac,D,Élevé
plot_11355,2.0,micmac,D,Élevé
plot_11356,2.0,micmac,D,Élevé
plot_11357,3.0,micmac,M,Élevé
plot_11358,2.0,micmac,C,Élevé
plot_11359,2.0,micmac,D,Élevé
plot_11360,3.0,micmac,D,Élevé
plot_11361,2.0,micmac,D,Élevé
plot_11362,2.0,micmac,D,Élevé
plot_11363,2.0,micmac,D,Élevé
plot_11364,2.0,micmac,D,Moyen
plot_11365,2.0,micmac,C,Élevé
plot_11367,2.0,micmac,D,Élevé
plot_11368,2.0,micmac,D,Élevé
plot_11369,2.0,micmac,D,Élevé
plot_11370,2.0,micmac,D,Élevé
plot_11371,3.0,micmac,D,Élevé
plot_11372,2.0,micmac,D,Élevé
plot_11373,2.0,micmac,D,Moyen
plot_11374,2.0,micmac,D,Moyen
plot_11375,2.0,micmac,D,Élevé
plot_11376,2.0,micmac,M,Élevé
plot_11377,2.0,micmac,D,Moyen
plot_11378,2.0,micmac,D,Élevé
plot_11379,2.0,micmac,C,Élevé
plot_11380,2.0,micmac,C,Élevé
plot_11381,2.0,micmac,D,Élevé
plot_11382,2.0,micmac,M,Élevé
plot_11383,2.0,micmac,D,Élevé
plot_11384,3.0,micmac,D,Élevé
plot_11385,3.0,micmac,D,Élevé
plot_11386,2.0,micmac,C,Élevé
plot_11387,2.0,micmac,D,Moyen
plot_11388,2.0,micmac,D,Élevé
plot_11389,2.0,micmac,D,Élevé
plot_11390,2.0,ultramap,M,Faible
plot_11391,2.0,ultramap,D,Faible
plot_11392,2.0,ultramap,C,Moyen
plot_11393,2.0,ultramap,D,Faible
plot_11394,2.0,ultramap,D,Faible
plot_11395,2.0,ultramap,C,Faible
plot_11396,2.0,ultramap,C,Faible
plot_11397,2.0,ultramap,C,Faible
plot_11398,2.0,ultramap,C,Faible
plot_11399,2.0,ultramap,M,Moyen
plot_11400,2.0,ultramap,C,Moyen
plot_11401,2.0,ultramap,C,Moyen
plot_11402,2.0,ultramap,C,Moyen
plot_11403,2.0,ultramap,C,Moyen
plot_11404,2.0,ultramap,D,Moyen
plot_11405,2.0,ultramap,D,Moyen
plot_11406,2.0,ultramap,D,Élevé
plot_11407,2.0,ultramap,C,Faible
plot_11408,2.0,ultramap,D,Moyen
plot_11409,2.0,ultramap,M,Élevé
plot_11410,2.0,ultramap,M,Moyen
plot_11411,2.0,ultramap,M,Moyen
plot_11412,2.0,ultramap,C,Moyen
plot_11413,2.0,ultramap,C,Faible
plot_11414,2.0,ultramap,M,Moyen
plot_11415,2.0,ultramap,M,Moyen
plot_11416,2.0,ultramap,C,Moyen
plot_11417,2.0,ultramap,M,Élevé
plot_11418,2.0,ultramap,C,Moyen
plot_11419,1.0,ultramap,D,Faible
plot_11420,1.0,ultramap,D,Faible
plot_11421,1.0,ultramap,D,Moyen
plot_11422,1.0,ultramap,D,Faible
plot_11423,1.0,ultramap,D,Moyen
plot_11424,1.0,ultramap,D,Faible
plot_11425,1.0,ultramap,D,Faible
plot_11426,1.0,ultramap,D,Faible
plot_11427,1.0,ultramap,C,Moyen
plot_11428,1.0,ultramap,D,Faible
plot_11429,1.0,ultramap,M,Faible
plot_11430,1.0,ultramap,D,Faible
plot_11431,1.0,ultramap,D,Faible
plot_11432,1.0,ultramap,M,Faible
plot_11433,1.0,ultramap,D,Faible
plot_11434,1.0,ultramap,C,Faible
plot_11435,1.0,ultramap,D,Faible
plot_11436,1.0,ultramap,C,Faible
plot_11437,1.0,ultramap,D,Faible
plot_11438,1.0,ultramap,D,Faible
plot_11439,1.0,ultramap,D,Faible
plot_11440,2.0,ultramap,D,Moyen
plot_11441,2.0,micmac,D,Moyen
plot_11442,2.0,micmac,D,Élevé
plot_11443,2.0,micmac,D,Élevé
plot_11444,2.0,micmac,D,Élevé
plot_11445,2.0,micmac,D,Élevé
plot_11446,2.0,micmac,M,Élevé
plot_11447,2.0,micmac,D,Élevé
plot_11448,2.0,micmac,D,Élevé
plot_11449,2.0,micmac,D,Élevé
plot_11450,2.0,micmac,D,Élevé
plot_11451,2.0,micmac,D,Élevé
plot_11452,3.0,micmac,M,Élevé
plot_11453,2.0,micmac,M,Élevé
plot_11454,2.0,micmac,M,Élevé
plot_11455,2.0,micmac,D,Élevé
plot_11456,2.0,micmac,D,Élevé
plot_11457,2.0,micmac,D,Moyen
plot_11458,2.0,micmac,C,Moyen
plot_11459,3.0,micmac,D,Élevé
plot_11460,3.0,micmac,D,Élevé
plot_11461,3.0,micmac,D,Élevé
plot_11462,2.0,micmac,M,Élevé
plot_11463,3.0,micmac,D,Élevé
plot_11464,3.0,micmac,D,Élevé
plot_11465,2.0,micmac,D,Élevé
plot_11466,3.0,micmac,M,Élevé
plot_11467,3.0,micmac,C,Élevé
plot_11468,3.0,micmac,D,Élevé
plot_11469,3.0,micmac,M,Élevé
plot_11470,3.0,micmac,D,Élevé
plot_11471,2.0,micmac,D,Élevé
plot_11472,2.0,micmac,D,Élevé
plot_11473,2.0,micmac,D,Élevé
plot_11474,2.0,micmac,D,Moyen
plot_11475,3.0,micmac,D,Élevé
plot_11476,3.0,micmac,D,Élevé
plot_11477,3.0,micmac,D,Élevé
plot_11478,3.0,micmac,D,Élevé
plot_11479,3.0,micmac,D,Élevé
plot_11480,3.0,micmac,D,Élevé
plot_11481,2.0,micmac,D,Élevé
plot_11482,3.0,micmac,D,Élevé
plot_11483,3.0,micmac,M,Élevé
plot_11484,3.0,micmac,M,Élevé
plot_11485,3.0,micmac,M,Élevé
plot_11486,3.0,micmac,C,Élevé
plot_11487,3.0,micmac,D,Élevé
plot_11488,3.0,micmac,D,Élevé
plot_11489,3.0,micmac,D,Élevé
plot_11490,2.0,micmac,D,Élevé
plot_11491,3.0,micmac,D,Élevé
plot_11492,2.0,micmac,D,Élevé
plot_11493,2.0,micmac,D,Élevé
plot_11494,2.0,micmac,D,Élevé
plot_11495,3.0,micmac,M,Élevé
plot_11496,2.0,micmac,D,Élevé
plot_11497,2.0,micmac,D,Élevé
plot_11498,2.0,micmac,C,Élevé
plot_11499,2.0,micmac,D,Élevé
plot_11500,2.0,micmac,C,Élevé
plot_11501,2.0,micmac,D,Élevé
plot_11502,2.0,micmac,D,Élevé
plot_11503,2.0,micmac,M,Élevé
plot_11504,2.0,micmac,C,Élevé
plot_11505,2.0,micmac,C,Élevé
plot_11506,2.0,micmac,C,Élevé
plot_11507,2.0,micmac,C,Élevé
plot_11508,2.0,ultramap,D,Faible
plot_11509,2.0,ultramap,D,Faible
plot_11510,2.0,ultramap,D,Faible
plot_11511,2.0,ultramap,D,Faible
plot_11512,2.0,ultramap,D,Faible
plot_11513,2.0,ultramap,D,Faible
plot_11514,2.0,ultramap,M,Faible
plot_11515,2.0,ultramap,D,Faible
plot_11516,2.0,ultramap,D,Faible
plot_11517,2.0,ultramap,D,Faible
plot_11518,2.0,micmac,D,Faible
plot_11519,2.0,ultramap,D,Faible
plot_11520,2.0,ultramap,D,Faible
plot_11521,2.0,ultramap,M,Faible
plot_11522,2.0,ultramap,D,Faible
plot_11523,2.0,ultramap,D,Faible
plot_11524,2.0,ultramap,D,Faible
plot_11525,2.0,ultramap,C,Faible
plot_11526,2.0,ultramap,D,Faible
plot_11527,2.0,ultramap,D,Faible
plot_11528,2.0,ultramap,D,Faible
plot_11529,2.0,ultramap,D,Faible
plot_11530,2.0,ultramap,D,Faible
plot_11531,2.0,ultramap,D,Faible
plot_11532,2.0,ultramap,D,Faible
plot_11533,2.0,ultramap,D,Faible
plot_11534,2.0,ultramap,D,Faible
plot_11535,2.0,ultramap,D,Faible
plot_11536,2.0,ultramap,D,Faible
plot_11537,2.0,ultramap,D,Faible
plot_11538,2.0,ultramap,D,Faible
plot_11539,2.0,ultramap,D,Faible
plot_11540,2.0,ultramap,D,Moyen
plot_11541,2.0,ultramap,D,Moyen
plot_11542,2.0,ultramap,D,Moyen
plot_11543,2.0,ultramap,D,Moyen
plot_11544,2.0,ultramap,D,Faible
plot_11545,2.0,ultramap,M,Faible
plot_11546,2.0,ultramap,C,Faible
plot_11547,2.0,ultramap,D,Moyen
plot_11548,2.0,ultramap,D,Moyen
plot_11549,2.0,ultramap,D,Faible
plot_11550,2.0,ultramap,D,Moyen
plot_11551,2.0,ultramap,D,Moyen
plot_11552,2.0,ultramap,D,Faible
plot_11553,2.0,ultramap,D,Moyen
plot_11554,2.0,ultramap,D,Moyen
plot_11555,2.0,micmac,M,Faible
plot_11556,2.0,micmac,D,Faible
plot_11557,2.0,micmac,D,Faible
plot_11558,2.0,micmac,C,Faible
plot_11559,2.0,micmac,C,Faible
plot_11560,2.0,micmac,M,Faible
plot_11561,2.0,micmac,D,Faible
plot_11562,2.0,micmac,D,Faible
plot_11563,2.0,micmac,D,Faible
plot_11564,2.0,micmac,D,Faible
plot_11565,2.0,micmac,D,Faible
plot_11566,2.0,micmac,D,Faible
plot_11567,2.0,micmac,D,Faible
plot_11568,2.0,micmac,D,Faible
plot_11569,2.0,micmac,D,Faible
plot_11570,2.0,micmac,D,Faible
plot_11571,2.0,micmac,D,Faible
plot_11572,2.0,micmac,D,Faible
plot_11573,2.0,micmac,D,Faible
plot_11574,2.0,micmac,D,Faible
plot_11575,2.0,micmac,D,Faible
plot_11576,2.0,micmac,D,Faible
plot_11577,2.0,micmac,D,Faible
plot_11578,2.0,micmac,D,Faible
plot_11579,2.0,micmac,D,Faible
plot_11580,2.0,micmac,D,Faible
plot_11581,2.0,micmac,D,Faible
plot_11582,2.0,micmac,D,Faible
plot_11583,2.0,micmac,M,Faible
plot_11584,2.0,micmac,D,Faible
plot_11585,2.0,micmac,D,Faible
plot_11586,2.0,micmac,D,Faible
plot_11587,2.0,micmac,D,Faible
plot_11588,2.0,micmac,D,Faible
plot_11589,2.0,micmac,D,Faible
plot_11590,2.0,micmac,D,Faible
plot_11591,2.0,micmac,D,Faible
plot_11592,2.0,micmac,D,Faible
plot_11593,2.0,micmac,C,Faible
plot_11594,2.0,micmac,C,Faible
plot_11595,2.0,micmac,C,Faible
plot_11596,2.0,micmac,C,Faible
plot_11597,2.0,micmac,C,Faible
plot_11598,2.0,micmac,C,Faible
plot_11599,2.0,micmac,C,Faible
plot_11600,2.0,micmac,C,Faible
plot_11601,2.0,micmac,C,Faible
plot_11602,2.0,micmac,D,Faible
plot_11603,2.0,micmac,M,Faible
plot_11604,2.0,micmac,D,Faible
plot_11605,2.0,micmac,M,Faible
plot_11606,1.0,ultramap,D,Faible
plot_11607,1.0,ultramap,C,Faible
plot_11608,1.0,ultramap,M,Faible
plot_11609,1.0,ultramap,D,Faible
plot_11610,1.0,ultramap,D,Faible
plot_11611,1.0,ultramap,M,Faible
plot_11612,1.0,ultramap,M,Faible
plot_11613,1.0,ultramap,D,Faible
plot_11614,1.0,ultramap,M,Faible
plot_11615,1.0,ultramap,M,Faible
plot_11616,1.0,ultramap,C,Faible
plot_11617,1.0,ultramap,D,Faible
plot_11618,1.0,ultramap,D,Faible
plot_11619,1.0,ultramap,C,Faible
plot_11620,1.0,ultramap,C,Faible
plot_11621,1.0,ultramap,M,Faible
plot_11622,1.0,ultramap,C,Faible
plot_11623,1.0,ultramap,C,Faible
plot_11624,1.0,ultramap,D,Faible
plot_11625,1.0,ultramap,D,Faible
plot_11626,1.0,ultramap,C,Faible
plot_11627,1.0,ultramap,C,Faible
plot_11628,1.0,ultramap,D,Faible
plot_11629,1.0,ultramap,C,Faible
plot_11630,1.0,ultramap,M,Faible
plot_11631,1.0,ultramap,D,Faible
plot_11632,1.0,ultramap,M,Faible
plot_11633,1.0,ultramap,D,Faible
plot_11634,1.0,ultramap,D,Faible
plot_11635,1.0,ultramap,D,Moyen
plot_11636,1.0,ultramap,D,Faible
plot_11637,1.0,ultramap,D,Moyen
plot_11638,1.0,ultramap,D,Moyen
plot_11639,1.0,ultramap,D,Faible
plot_11640,1.0,ultramap,D,Faible
plot_11641,1.0,ultramap,C,Moyen
plot_11642,1.0,ultramap,D,Moyen
plot_11643,1.0,ultramap,D,Moyen
plot_11644,1.0,ultramap,D,Faible
plot_11645,1.0,ultramap,D,Moyen
plot_11646,1.0,ultramap,D,Faible
plot_11647,1.0,ultramap,D,Moyen
plot_11648,1.0,ultramap,D,Moyen
plot_11649,1.0,ultramap,D,Moyen
plot_11650,1.0,ultramap,D,Faible
plot_11651,1.0,ultramap,C,Moyen
plot_11652,1.0,ultramap,D,Moyen
plot_11653,1.0,ultramap,D,Moyen
plot_11654,1.0,ultramap,D,Faible
plot_11655,1.0,ultramap,D,Faible
plot_11656,1.0,ultramap,D,Moyen
plot_11657,1.0,ultramap,D,Moyen
plot_11658,1.0,ultramap,D,Faible
plot_11659,1.0,ultramap,D,Faible
plot_11660,1.0,ultramap,D,Faible
plot_11661,2.0,ultramap,D,Moyen
plot_11662,1.0,ultramap,D,Faible
plot_11663,1.0,ultramap,D,Faible
plot_11664,1.0,ultramap,D,Moyen
plot_11665,1.0,ultramap,D,Faible
plot_11666,1.0,ultramap,D,Faible
plot_11667,1.0,ultramap,D,Faible
plot_11668,1.0,ultramap,D,Faible
plot_11669,1.0,ultramap,D,Faible
plot_11670,1.0,ultramap,D,Faible
plot_11671,1.0,ultramap,D,Moyen
plot_11672,1.0,ultramap,D,Faible
plot_11673,1.0,ultramap,D,Faible
plot_11674,1.0,ultramap,D,Faible
plot_11675,1.0,ultramap,D,Moyen
plot_11676,1.0,ultramap,D,Moyen
plot_11677,1.0,ultramap,D,Moyen
plot_11678,2.0,micmac,M,Moyen
plot_11679,2.0,ultramap,D,Faible
plot_11680,2.0,ultramap,D,Faible
plot_11681,2.0,ultramap,D,Moyen
plot_11682,2.0,ultramap,D,Moyen
plot_11683,2.0,ultramap,D,Moyen
plot_11684,2.0,ultramap,D,Moyen
plot_11685,2.0,ultramap,D,Moyen
plot_11686,2.0,ultramap,D,Moyen
plot_11687,2.0,ultramap,D,Moyen
plot_11688,2.0,ultramap,D,Moyen
plot_11689,2.0,ultramap,D,Élevé
plot_11690,2.0,ultramap,C,Moyen
plot_11691,2.0,ultramap,D,Moyen
plot_11692,2.0,ultramap,C,Moyen
plot_11693,2.0,ultramap,D,Moyen
plot_11694,2.0,ultramap,D,Moyen
plot_11695,2.0,ultramap,C,Élevé
plot_11696,2.0,ultramap,D,Élevé
plot_11697,2.0,ultramap,D,Moyen
plot_11698,2.0,ultramap,M,Élevé
plot_11699,2.0,ultramap,D,Élevé
plot_11700,2.0,ultramap,M,Élevé
plot_11701,2.0,ultramap,M,Moyen
plot_11702,2.0,ultramap,C,Élevé
plot_11703,2.0,ultramap,C,Élevé
plot_11704,2.0,ultramap,D,Élevé
plot_11705,2.0,ultramap,D,Élevé
plot_11706,2.0,ultramap,D,Élevé
plot_11707,2.0,ultramap,D,Moyen
plot_11708,2.0,ultramap,D,Moyen
plot_11709,2.0,ultramap,C,Élevé
plot_11710,2.0,ultramap,D,Élevé
plot_11711,2.0,ultramap,D,Moyen
plot_11712,2.0,ultramap,C,Élevé
plot_11713,2.0,ultramap,D,Élevé
plot_11714,2.0,ultramap,D,Moyen
plot_11715,2.0,ultramap,D,Moyen
plot_11716,2.0,ultramap,D,Moyen
plot_11717,2.0,ultramap,C,Élevé
plot_11718,2.0,ultramap,C,Élevé
plot_11719,2.0,ultramap,D,Élevé
plot_11720,2.0,ultramap,D,Moyen
plot_11721,2.0,ultramap,M,Élevé
plot_11722,2.0,ultramap,C,Élevé
plot_11723,2.0,ultramap,M,Élevé
plot_11724,2.0,ultramap,C,Élevé
plot_11725,2.0,ultramap,D,Élevé
plot_11726,2.0,ultramap,D,Moyen
plot_11727,2.0,ultramap,D,Élevé
plot_11728,2.0,ultramap,C,Élevé
plot_11729,2.0,ultramap,D,Élevé
plot_11730,2.0,ultramap,D,Moyen
plot_11731,2.0,ultramap,D,Élevé
plot_11732,2.0,ultramap,C,Élevé
plot_11733,2.0,ultramap,D,Élevé
plot_11734,2.0,ultramap,M,Élevé
plot_11735,2.0,ultramap,D,Moyen
plot_11736,2.0,ultramap,D,Moyen
plot_11737,2.0,ultramap,C,Élevé
plot_11738,2.0,ultramap,D,Élevé
plot_11739,2.0,ultramap,D,Moyen
plot_11740,2.0,ultramap,C,Élevé
plot_11741,2.0,ultramap,C,Élevé
plot_11742,2.0,ultramap,M,Élevé
plot_11743,2.0,ultramap,D,Moyen
plot_11744,2.0,ultramap,D,Élevé
plot_11745,2.0,ultramap,D,Élevé
plot_11746,2.0,ultramap,C,Élevé
plot_11747,2.0,ultramap,C,Élevé
plot_11748,2.0,ultramap,C,Élevé
plot_11749,2.0,ultramap,M,Élevé
plot_11750,2.0,ultramap,D,Élevé
plot_11751,2.0,ultramap,C,Moyen
plot_11752,2.0,ultramap,C,Élevé
plot_11753,2.0,ultramap,D,Élevé
plot_11754,2.0,ultramap,D,Élevé
plot_11755,2.0,ultramap,D,Moyen
plot_11756,2.0,ultramap,D,Élevé
plot_11757,2.0,ultramap,D,Élevé
plot_11758,2.0,ultramap,C,Élevé
plot_11759,2.0,ultramap,D,Élevé
plot_11760,2.0,ultramap,C,Élevé
plot_11761,2.0,ultramap,D,Moyen
plot_11762,2.0,ultramap,C,Élevé
plot_11763,2.0,ultramap,D,Élevé
plot_11764,2.0,ultramap,C,Élevé
plot_11765,2.0,ultramap,D,Élevé
plot_11766,2.0,ultramap,D,Élevé
plot_11767,2.0,ultramap,M,Élevé
plot_11768,2.0,ultramap,D,Moyen
plot_11769,2.0,ultramap,D,Élevé
plot_11770,2.0,ultramap,C,Élevé
plot_11771,2.0,ultramap,D,Moyen
plot_11772,2.0,ultramap,D,Élevé
plot_11773,2.0,ultramap,D,Élevé
plot_11774,2.0,ultramap,D,Élevé
plot_11775,2.0,micmac,C,Moyen
plot_11793,3.0,ultramap,C,Élevé
plot_11888,2.0,micmac,D,Moyen
plot_11907,1.0,micmac,D,Faible
plot_11908,1.0,micmac,D,Moyen
plot_11909,1.0,micmac,D,Moyen
plot_11910,1.0,micmac,D,Faible
plot_11911,1.0,micmac,D,Faible
plot_11912,1.0,micmac,D,Moyen
plot_11913,1.0,micmac,M,Faible
plot_11914,1.0,micmac,C,Faible
plot_11915,1.0,micmac,D,Moyen
plot_11916,1.0,micmac,D,Moyen
plot_11917,1.0,micmac,D,Faible
plot_11918,1.0,micmac,D,Faible
plot_11919,1.0,micmac,D,Faible
plot_11920,1.0,micmac,D,Moyen
plot_11921,1.0,micmac,D,Moyen
plot_11922,1.0,micmac,D,Faible
plot_11923,1.0,micmac,D,Faible
plot_11924,1.0,micmac,D,Moyen
plot_11925,1.0,micmac,D,Faible
plot_11926,1.0,micmac,D,Faible
plot_11927,1.0,micmac,D,Moyen
plot_11928,1.0,micmac,D,Faible
plot_11929,1.0,micmac,D,Faible
plot_11930,1.0,micmac,M,Faible
plot_11931,1.0,micmac,D,Moyen
plot_11932,1.0,micmac,D,Moyen
plot_11933,1.0,micmac,M,Faible
plot_11934,1.0,micmac,D,Faible
plot_11935,1.0,micmac,C,Faible
plot_11936,1.0,micmac,D,Faible
plot_11937,1.0,micmac,M,Faible
plot_11938,1.0,micmac,D,Moyen
plot_11939,1.0,micmac,D,Faible
plot_11940,1.0,micmac,D,Faible
plot_11941,1.0,micmac,D,Moyen
plot_11942,1.0,micmac,D,Moyen
plot_11943,1.0,micmac,D,Moyen
plot_11944,1.0,micmac,D,Faible
plot_11945,1.0,micmac,D,Faible
plot_11946,1.0,micmac,M,Faible
plot_11947,1.0,micmac,D,Moyen
plot_11948,1.0,micmac,D,Moyen
plot_11949,1.0,micmac,D,Faible
plot_11950,1.0,micmac,D,Faible
plot_11951,1.0,micmac,D,Moyen
plot_11952,1.0,micmac,D,Faible
plot_11953,1.0,micmac,D,Faible
plot_11954,1.0,micmac,D,Faible
plot_11955,1.0,micmac,D,Faible
plot_11956,1.0,micmac,D,Faible
plot_11957,1.0,micmac,D,Faible
plot_11958,2.0,ultramap,D,Moyen
plot_11959,2.0,ultramap,D,Moyen
plot_11960,2.0,ultramap,D,Moyen
plot_11961,2.0,ultramap,D,Moyen
plot_11962,2.0,ultramap,D,Moyen
plot_11963,2.0,ultramap,D,Moyen
plot_11964,2.0,ultramap,D,Moyen
plot_11965,2.0,ultramap,D,Moyen
plot_11966,2.0,ultramap,D,Moyen
plot_11967,2.0,ultramap,M,Moyen
plot_11968,2.0,ultramap,D,Moyen
plot_11969,2.0,ultramap,M,Moyen
plot_11970,2.0,ultramap,D,Élevé
plot_11971,2.0,ultramap,D,Moyen
plot_11972,2.0,ultramap,D,Moyen
plot_11973,2.0,ultramap,C,Moyen
plot_11974,2.0,ultramap,D,Moyen
plot_11975,2.0,ultramap,D,Moyen
plot_11976,2.0,ultramap,D,Moyen
plot_11977,2.0,ultramap,D,Moyen
plot_11978,2.0,ultramap,D,Moyen
plot_11979,2.0,ultramap,D,Élevé
plot_11980,2.0,ultramap,D,Élevé
plot_11981,2.0,ultramap,D,Moyen
plot_11982,2.0,ultramap,C,Moyen
plot_11983,2.0,ultramap,D,Moyen
plot_11984,2.0,ultramap,D,Élevé
plot_11985,2.0,ultramap,D,Moyen
plot_11986,2.0,ultramap,D,Élevé
plot_11987,2.0,ultramap,M,Élevé
plot_11988,2.0,ultramap,D,Moyen
plot_11989,2.0,ultramap,D,Moyen
plot_11990,2.0,ultramap,D,Élevé
plot_11991,2.0,ultramap,D,Moyen
plot_11992,2.0,ultramap,M,Élevé
plot_11993,2.0,ultramap,D,Élevé
plot_11994,2.0,ultramap,C,Élevé
plot_11995,2.0,ultramap,D,Élevé
plot_11996,2.0,ultramap,D,Élevé
plot_11997,2.0,ultramap,C,Élevé
plot_11998,2.0,ultramap,D,Moyen
plot_11999,2.0,ultramap,D,Élevé
plot_12000,2.0,ultramap,D,Moyen
plot_12001,2.0,ultramap,C,Élevé
plot_12002,2.0,ultramap,D,Moyen
plot_12003,2.0,ultramap,D,Moyen
plot_12004,2.0,ultramap,C,Élevé
plot_12005,2.0,ultramap,D,Moyen
plot_12006,2.0,ultramap,C,Élevé
plot_12007,2.0,ultramap,C,Élevé
plot_12008,2.0,ultramap,D,Moyen
plot_12009,2.0,ultramap,C,Élevé
plot_12010,2.0,ultramap,D,Élevé
plot_12011,2.0,ultramap,C,Élevé
plot_12012,2.0,ultramap,D,Moyen
plot_12013,2.0,ultramap,C,Élevé
plot_12014,2.0,ultramap,D,Élevé
plot_12015,2.0,ultramap,C,Élevé
plot_12016,2.0,ultramap,C,Élevé
plot_12017,2.0,ultramap,D,Élevé
plot_12018,2.0,micmac,D,Faible
plot_12019,2.0,micmac,D,Faible
plot_12020,2.0,micmac,M,Faible
plot_12021,2.0,micmac,D,Faible
plot_12022,2.0,micmac,M,Faible
plot_12023,2.0,micmac,D,Faible
plot_12024,2.0,micmac,D,Faible
plot_12025,2.0,micmac,D,Faible
plot_12026,2.0,micmac,D,Faible
plot_12027,2.0,micmac,D,Faible
plot_12028,2.0,micmac,C,Faible
plot_12029,2.0,ultramap,D,Faible
plot_12030,2.0,micmac,M,Faible
plot_12031,2.0,micmac,C,Faible
plot_12032,2.0,micmac,D,Faible
plot_12033,2.0,micmac,D,Faible
plot_12034,2.0,micmac,D,Faible
plot_12035,2.0,micmac,D,Faible
plot_12036,2.0,micmac,M,Faible
plot_12037,2.0,micmac,D,Faible
plot_12038,2.0,micmac,M,Faible
plot_12039,2.0,micmac,C,Faible
plot_12040,2.0,micmac,D,Faible
plot_12041,2.0,micmac,D,Faible
plot_12042,2.0,micmac,D,Moyen
plot_12043,2.0,micmac,D,Faible
plot_12044,2.0,micmac,D,Faible
plot_12045,2.0,micmac,D,Faible
plot_12046,2.0,micmac,D,Faible
plot_12047,2.0,micmac,C,Faible
plot_12048,2.0,micmac,D,Moyen
plot_12049,2.0,micmac,D,Faible
plot_12050,2.0,micmac,D,Faible
plot_12051,2.0,micmac,D,Faible
plot_12052,2.0,micmac,M,Faible
plot_12053,2.0,micmac,M,Faible
plot_12054,2.0,micmac,D,Moyen
plot_12055,2.0,micmac,D,Moyen
plot_12056,2.0,micmac,D,Faible
plot_12057,2.0,micmac,D,Faible
plot_12058,2.0,micmac,D,Faible
plot_12059,2.0,micmac,C,Faible
plot_12060,2.0,micmac,D,Moyen
plot_12061,2.0,micmac,D,Moyen
plot_12062,2.0,micmac,C,Faible
plot_12063,2.0,micmac,D,Faible
plot_12064,2.0,micmac,D,Faible
plot_12065,2.0,micmac,D,Faible
plot_12066,2.0,micmac,D,Moyen
plot_12067,2.0,micmac,D,Moyen
plot_12068,2.0,micmac,M,Faible
plot_12069,2.0,micmac,D,Faible
plot_12070,2.0,micmac,C,Faible
plot_12071,2.0,micmac,C,Faible
plot_12072,2.0,micmac,D,Faible
plot_12073,2.0,micmac,D,Faible
plot_12074,2.0,micmac,D,Faible
plot_12075,2.0,micmac,D,Faible
plot_12076,2.0,micmac,D,Faible
plot_12077,2.0,micmac,M,Faible
plot_12078,2.0,micmac,D,Faible
plot_12079,2.0,micmac,D,Faible
plot_12080,2.0,micmac,D,Moyen
plot_12081,2.0,micmac,D,Faible
plot_12082,2.0,micmac,D,Faible
plot_12083,2.0,micmac,D,Faible
plot_12084,2.0,micmac,C,Faible
plot_12085,2.0,micmac,M,Faible
plot_12086,2.0,micmac,D,Moyen
plot_12087,2.0,micmac,M,Faible
plot_12088,2.0,micmac,D,Faible
plot_12089,2.0,micmac,D,Moyen
plot_12090,2.0,micmac,D,Faible
plot_12091,2.0,micmac,D,Faible
plot_12092,2.0,micmac,D,Faible
plot_12093,2.0,micmac,D,Faible
plot_12094,2.0,micmac,M,Moyen
plot_12095,2.0,micmac,M,Faible
plot_12096,2.0,micmac,D,Faible
plot_12097,2.0,micmac,D,Faible
plot_12098,2.0,micmac,D,Faible
plot_12099,2.0,micmac,D,Faible
plot_12100,2.0,micmac,D,Moyen
plot_12101,2.0,micmac,D,Moyen
plot_12102,2.0,micmac,D,Faible
plot_12103,2.0,micmac,M,Faible
plot_12104,2.0,micmac,D,Faible
plot_12105,2.0,micmac,D,Faible
plot_12106,2.0,micmac,M,Moyen
plot_12107,2.0,micmac,D,Faible
plot_12108,2.0,micmac,D,Faible
plot_12109,2.0,micmac,D,Moyen
plot_12110,2.0,micmac,D,Faible
plot_12111,2.0,micmac,M,Moyen
plot_12112,2.0,micmac,D,Faible
plot_12113,2.0,micmac,D,Faible
plot_12114,2.0,micmac,D,Faible
plot_12115,2.0,micmac,D,Faible
plot_12116,2.0,micmac,D,Faible
plot_12117,2.0,micmac,C,Faible
plot_12118,2.0,micmac,D,Faible
plot_12119,2.0,micmac,D,Moyen
plot_12120,2.0,micmac,C,Faible
plot_12121,2.0,micmac,M,Faible
plot_12122,2.0,micmac,D,Faible
plot_12123,2.0,micmac,D,Faible
plot_12124,2.0,micmac,D,Faible
plot_12125,2.0,micmac,D,Moyen
plot_12126,2.0,micmac,D,Faible
plot_12127,2.0,micmac,D,Faible
plot_12128,2.0,micmac,D,Faible
plot_12129,2.0,micmac,D,Moyen
plot_12130,2.0,micmac,C,Moyen
plot_12131,2.0,micmac,D,Moyen
plot_12132,2.0,micmac,D,Faible
plot_12133,2.0,micmac,D,Moyen
plot_12134,2.0,micmac,D,Faible
plot_12135,2.0,micmac,D,Moyen
plot_12136,2.0,micmac,D,Faible
plot_12137,2.0,micmac,M,Moyen
plot_12138,2.0,micmac,C,Faible
plot_12139,2.0,micmac,D,Faible
plot_12140,2.0,micmac,D,Moyen
plot_12141,2.0,micmac,D,Moyen
plot_12142,2.0,micmac,D,Faible
plot_12143,2.0,micmac,D,Faible
plot_12144,2.0,micmac,C,Moyen
plot_12145,2.0,micmac,D,Moyen
plot_12146,2.0,micmac,D,Moyen
plot_12147,2.0,micmac,C,Faible
plot_12148,2.0,micmac,D,Moyen
plot_12149,2.0,micmac,D,Moyen
plot_12150,2.0,micmac,D,Faible
plot_12151,2.0,micmac,D,Faible
plot_12152,2.0,micmac,D,Faible
plot_12153,2.0,micmac,D,Faible
plot_12154,2.0,micmac,D,Moyen
plot_12155,2.0,micmac,D,Moyen
plot_12156,2.0,micmac,D,Moyen
plot_12157,2.0,micmac,D,Moyen
plot_12158,2.0,micmac,D,Faible
plot_12159,2.0,micmac,D,Moyen
plot_12160,2.0,ultramap,D,Moyen
plot_12162,2.0,ultramap,D,Moyen
plot_12163,2.0,ultramap,D,Moyen
plot_12164,3.0,ultramap,D,Moyen
plot_12165,3.0,ultramap,C,Moyen
plot_12166,3.0,ultramap,D,Moyen
plot_12167,2.0,ultramap,D,Moyen
plot_12168,3.0,ultramap,M,Moyen
plot_12169,3.0,ultramap,M,Moyen
plot_12170,2.0,ultramap,C,Moyen
plot_12171,2.0,ultramap,D,Moyen
plot_12172,2.0,ultramap,D,Moyen
plot_12173,3.0,ultramap,D,Moyen
plot_12174,3.0,ultramap,D,Moyen
plot_12175,3.0,ultramap,M,Élevé
plot_12176,2.0,ultramap,D,Moyen
plot_12177,3.0,ultramap,D,Élevé
plot_12178,3.0,ultramap,M,Élevé
plot_12179,2.0,ultramap,M,Moyen
plot_12180,3.0,ultramap,C,Élevé
plot_12181,3.0,ultramap,M,Élevé
plot_12182,3.0,ultramap,C,Élevé
plot_12183,2.0,ultramap,D,Moyen
plot_12184,2.0,ultramap,D,Moyen
plot_12185,2.0,ultramap,D,Moyen
plot_12186,3.0,ultramap,D,Élevé
plot_12187,3.0,ultramap,M,Élevé
plot_12188,3.0,ultramap,C,Élevé
plot_12189,2.0,ultramap,D,Moyen
plot_12190,3.0,ultramap,D,Élevé
plot_12191,3.0,ultramap,D,Élevé
plot_12192,3.0,ultramap,D,Élevé
plot_12193,3.0,ultramap,D,Élevé
plot_12194,3.0,ultramap,D,Élevé
plot_12195,3.0,ultramap,C,Élevé
plot_12196,3.0,ultramap,D,Moyen
plot_12197,2.0,ultramap,D,Moyen
plot_12198,3.0,ultramap,D,Moyen
plot_12199,3.0,ultramap,M,Élevé
plot_12200,2.0,ultramap,D,Moyen
plot_12201,2.0,ultramap,D,Moyen
plot_12202,3.0,ultramap,D,Élevé
plot_12203,3.0,ultramap,M,Élevé
plot_12204,3.0,ultramap,C,Élevé
plot_12205,3.0,ultramap,C,Élevé
plot_12206,3.0,ultramap,M,Élevé
plot_12207,3.0,ultramap,M,Élevé
plot_12208,2.0,ultramap,D,Moyen
plot_12209,2.0,ultramap,D,Moyen
plot_12210,2.0,ultramap,D,Moyen
plot_12211,3.0,ultramap,D,Élevé
plot_12212,3.0,ultramap,M,Élevé
plot_12213,3.0,ultramap,C,Élevé
plot_12214,3.0,ultramap,C,Élevé
plot_12215,3.0,ultramap,M,Élevé
plot_12216,3.0,ultramap,M,Élevé
plot_12217,2.0,ultramap,D,Moyen
plot_12218,2.0,ultramap,D,Moyen
plot_12219,3.0,ultramap,D,Élevé
plot_12220,3.0,ultramap,C,Élevé
plot_12221,3.0,ultramap,C,Élevé
plot_12222,3.0,ultramap,C,Élevé
plot_12223,3.0,ultramap,C,Élevé
plot_12224,3.0,ultramap,C,Élevé
plot_12225,3.0,ultramap,D,Élevé
plot_12226,3.0,ultramap,M,Élevé
plot_12227,3.0,ultramap,D,Élevé
plot_12228,3.0,ultramap,C,Élevé
plot_12229,2.0,ultramap,D,Moyen
plot_12230,2.0,ultramap,D,Moyen
plot_12231,3.0,ultramap,D,Élevé
plot_12232,3.0,ultramap,M,Élevé
plot_12233,3.0,ultramap,C,Élevé
plot_12234,3.0,ultramap,M,Élevé
plot_12235,2.0,ultramap,D,Moyen
plot_12236,3.0,ultramap,M,Élevé
plot_12237,3.0,ultramap,M,Élevé
plot_12238,3.0,ultramap,C,Élevé
plot_12239,3.0,ultramap,M,Élevé
plot_12240,3.0,ultramap,M,Élevé
plot_12241,3.0,ultramap,D,Élevé
plot_12242,2.0,ultramap,D,Moyen
plot_12243,2.0,ultramap,D,Moyen
plot_12244,3.0,ultramap,D,Moyen
plot_12245,3.0,ultramap,D,Élevé
plot_12246,3.0,ultramap,D,Élevé
plot_12247,3.0,ultramap,C,Élevé
plot_12248,3.0,ultramap,C,Élevé
plot_12249,3.0,ultramap,D,Moyen
plot_12250,3.0,ultramap,D,Élevé
plot_12251,3.0,ultramap,C,Élevé
plot_12252,3.0,ultramap,C,Élevé
plot_12253,3.0,ultramap,M,Élevé
plot_12254,3.0,ultramap,M,Élevé
plot_12255,3.0,ultramap,M,Élevé
plot_12256,3.0,ultramap,C,Élevé
plot_12257,3.0,ultramap,M,Élevé
plot_12258,2.0,ultramap,D,Moyen
plot_12259,2.0,ultramap,C,Moyen
plot_12260,2.0,ultramap,D,Moyen
plot_12261,2.0,ultramap,C,Élevé
plot_12262,2.0,ultramap,D,Moyen
plot_12263,2.0,ultramap,D,Moyen
plot_12264,2.0,ultramap,D,Moyen
plot_12265,2.0,ultramap,D,Faible
plot_12266,2.0,ultramap,D,Élevé
plot_12267,2.0,ultramap,D,Moyen
plot_12268,2.0,ultramap,D,Faible
plot_12269,2.0,ultramap,M,Moyen
plot_12270,2.0,ultramap,D,Moyen
plot_12271,2.0,ultramap,C,Moyen
plot_12272,2.0,ultramap,D,Moyen
plot_12273,2.0,ultramap,D,Faible
plot_12274,2.0,ultramap,D,Faible
plot_12275,2.0,ultramap,C,Élevé
plot_12276,2.0,ultramap,D,Moyen
plot_12277,2.0,ultramap,D,Moyen
plot_12278,2.0,ultramap,M,Faible
plot_12279,3.0,ultramap,D,Élevé
plot_12280,2.0,ultramap,D,Élevé
plot_12281,2.0,ultramap,D,Faible
plot_12282,3.0,ultramap,M,Élevé
plot_12283,3.0,ultramap,D,Élevé
plot_12284,3.0,ultramap,D,Moyen
plot_12285,2.0,ultramap,D,Élevé
plot_12286,2.0,ultramap,D,Moyen
plot_12287,3.0,ultramap,D,Élevé
plot_12288,3.0,ultramap,D,Élevé
plot_12289,3.0,ultramap,C,Élevé
plot_12290,3.0,ultramap,M,Élevé
plot_12291,3.0,ultramap,C,Moyen
plot_12292,2.0,ultramap,C,Élevé
plot_12293,2.0,ultramap,D,Moyen
plot_12294,3.0,ultramap,M,Élevé
plot_12295,3.0,ultramap,D,Élevé
plot_12296,3.0,ultramap,M,Élevé
plot_12297,3.0,ultramap,C,Élevé
plot_12298,3.0,ultramap,C,Élevé
plot_12299,3.0,ultramap,D,Élevé
plot_12300,2.0,ultramap,D,Élevé
plot_12301,3.0,ultramap,C,Élevé
plot_12302,3.0,ultramap,M,Élevé
plot_12303,3.0,ultramap,M,Élevé
plot_12304,3.0,ultramap,M,Élevé
plot_12305,3.0,ultramap,C,Élevé
plot_12306,3.0,ultramap,M,Élevé
plot_12307,3.0,ultramap,M,Élevé
plot_12308,3.0,ultramap,D,Moyen
plot_12309,3.0,ultramap,M,Moyen
plot_12310,3.0,ultramap,M,Élevé
plot_12311,3.0,ultramap,C,Élevé
plot_12312,3.0,ultramap,C,Élevé
plot_12313,3.0,ultramap,D,Élevé
plot_12314,2.0,ultramap,D,Élevé
plot_12315,3.0,ultramap,M,Élevé
plot_12316,3.0,ultramap,M,Élevé
plot_12317,3.0,ultramap,D,Élevé
plot_12318,3.0,ultramap,C,Élevé
plot_12319,3.0,ultramap,C,Élevé
plot_12320,3.0,ultramap,M,Élevé
plot_12321,3.0,ultramap,M,Élevé
plot_12322,3.0,ultramap,M,Élevé
plot_12323,3.0,ultramap,D,Élevé
plot_12324,3.0,ultramap,C,Élevé
plot_12325,3.0,ultramap,M,Élevé
plot_12326,3.0,ultramap,D,Élevé
plot_12327,3.0,ultramap,C,Élevé
plot_12328,3.0,ultramap,M,Élevé
plot_12329,3.0,ultramap,C,Élevé
plot_12330,3.0,ultramap,M,Élevé
plot_12331,3.0,ultramap,D,Élevé
plot_12332,3.0,ultramap,M,Élevé
plot_12333,1.0,micmac,D,Faible
plot_12334,1.0,micmac,D,Faible
plot_12335,1.0,micmac,D,Faible
plot_12336,1.0,micmac,D,Faible
plot_12337,1.0,micmac,C,Faible
plot_12338,1.0,micmac,D,Faible
plot_12339,1.0,micmac,D,Faible
plot_12340,1.0,micmac,D,Faible
plot_12341,1.0,micmac,D,Faible
plot_12342,1.0,micmac,M,Faible
plot_12343,1.0,micmac,D,Faible
plot_12344,1.0,micmac,D,Faible
plot_12345,1.0,micmac,D,Faible
plot_12346,1.0,micmac,D,Faible
plot_12347,1.0,micmac,D,Faible
plot_12348,1.0,micmac,D,Faible
plot_12349,1.0,micmac,D,Faible
plot_12350,1.0,micmac,D,Faible
plot_12351,1.0,micmac,D,Faible
plot_12352,1.0,micmac,D,Faible
plot_12353,1.0,micmac,D,Faible
plot_12354,1.0,micmac,D,Faible
plot_12355,1.0,micmac,D,Moyen
plot_12356,1.0,micmac,D,Faible
plot_12357,1.0,micmac,D,Faible
plot_12358,1.0,micmac,D,Faible
plot_12359,1.0,micmac,D,Faible
plot_12360,1.0,micmac,D,Faible
plot_12361,1.0,micmac,D,Faible
plot_12362,1.0,micmac,D,Faible
plot_12363,1.0,micmac,D,Faible
plot_12364,1.0,micmac,D,Faible
plot_12365,1.0,micmac,C,Faible
plot_12366,1.0,micmac,D,Faible
plot_12367,1.0,micmac,D,Faible
plot_12368,1.0,micmac,D,Faible
plot_12369,1.0,micmac,D,Faible
plot_12370,1.0,micmac,D,Faible
plot_12371,1.0,micmac,D,Faible
plot_12372,1.0,micmac,D,Faible
plot_12373,1.0,micmac,D,Faible
plot_12374,1.0,micmac,D,Faible
plot_12375,1.0,micmac,D,Faible
plot_12376,1.0,micmac,D,Faible
plot_12377,1.0,micmac,D,Faible
plot_12378,1.0,micmac,D,Faible
plot_12379,1.0,micmac,D,Faible
plot_12380,1.0,micmac,D,Faible
plot_12381,1.0,ultramap,D,Moyen
plot_12382,1.0,ultramap,D,Moyen
plot_12383,1.0,ultramap,D,Faible
plot_12384,1.0,ultramap,D,Moyen
plot_12385,1.0,ultramap,D,Moyen
plot_12386,1.0,ultramap,D,Moyen
plot_12387,1.0,ultramap,D,Moyen
plot_12388,1.0,ultramap,D,Moyen
plot_12389,1.0,ultramap,D,Faible
plot_12390,1.0,ultramap,D,Moyen
plot_12391,1.0,ultramap,D,Moyen
plot_12392,1.0,ultramap,D,Moyen
plot_12393,1.0,ultramap,D,Faible
plot_12394,1.0,ultramap,D,Moyen
plot_12395,1.0,ultramap,D,Faible
plot_12396,1.0,ultramap,D,Moyen
plot_12397,1.0,ultramap,D,Moyen
plot_12398,1.0,ultramap,D,Moyen
plot_12399,1.0,ultramap,D,Faible
plot_12400,1.0,ultramap,D,Faible
plot_12401,1.0,ultramap,D,Faible
plot_12402,1.0,ultramap,D,Faible
plot_12403,1.0,ultramap,M,Faible
plot_12404,1.0,ultramap,D,Faible
plot_12405,1.0,ultramap,D,Faible
plot_12406,1.0,ultramap,D,Faible
plot_12407,1.0,ultramap,D,Faible
plot_12408,1.0,ultramap,C,Faible
plot_12409,1.0,ultramap,D,Faible
plot_12410,1.0,ultramap,D,Faible
plot_12411,1.0,ultramap,D,Faible
plot_12412,1.0,ultramap,D,Faible
plot_12413,1.0,micmac,D,Faible
plot_12414,1.0,micmac,D,Faible
plot_12415,1.0,micmac,D,Faible
plot_12416,1.0,micmac,C,Faible
plot_12417,1.0,micmac,D,Faible
plot_12418,1.0,micmac,D,Faible
plot_12419,1.0,micmac,D,Faible
plot_12420,1.0,micmac,D,Faible
plot_12421,1.0,micmac,D,Faible
plot_12422,1.0,micmac,D,Faible
plot_12423,1.0,micmac,D,Faible
plot_12424,1.0,micmac,D,Faible
plot_12425,1.0,micmac,D,Faible
plot_12426,1.0,micmac,D,Faible
plot_12427,1.0,micmac,D,Faible
plot_12428,1.0,micmac,C,Faible
plot_12429,1.0,micmac,D,Faible
plot_12430,1.0,micmac,D,Faible
plot_12431,1.0,micmac,D,Faible
plot_12432,1.0,micmac,M,Faible
plot_12433,1.0,micmac,C,Faible
plot_12434,1.0,micmac,D,Faible
plot_12435,1.0,micmac,D,Faible
plot_12436,1.0,micmac,D,Faible
plot_12437,1.0,micmac,D,Faible
plot_12438,1.0,micmac,M,Faible
plot_12439,1.0,micmac,D,Faible
plot_12440,1.0,micmac,D,Faible
plot_12441,1.0,micmac,D,Faible
plot_12442,1.0,micmac,D,Moyen
plot_12443,1.0,micmac,D,Faible
plot_12444,1.0,micmac,D,Faible
plot_12445,1.0,micmac,D,Faible
plot_12446,1.0,micmac,C,Moyen
plot_12447,1.0,micmac,D,Faible
plot_12448,1.0,micmac,D,Faible
plot_12449,1.0,micmac,D,Faible
plot_12450,1.0,micmac,D,Faible
plot_12451,1.0,micmac,D,Faible
plot_12452,1.0,micmac,D,Faible
plot_12453,1.0,micmac,D,Faible
plot_12454,1.0,micmac,D,Faible
plot_12455,1.0,micmac,D,Faible
plot_12456,1.0,micmac,D,Faible
plot_12457,1.0,micmac,D,Moyen
plot_12458,1.0,micmac,D,Faible
plot_12459,1.0,micmac,D,Faible
plot_12460,1.0,micmac,D,Faible
plot_12461,1.0,micmac,D,Faible
plot_12462,1.0,micmac,D,Faible
plot_12463,1.0,micmac,D,Faible
plot_12464,1.0,micmac,D,Faible
plot_12465,1.0,micmac,D,Faible
plot_12466,1.0,micmac,D,Faible
plot_12467,1.0,micmac,D,Faible
plot_12468,3.0,micmac,D,Élevé
plot_12469,2.0,micmac,M,Élevé
plot_12470,2.0,micmac,D,Élevé
plot_12471,3.0,micmac,C,Élevé
plot_12472,3.0,micmac,D,Moyen
plot_12473,3.0,micmac,D,Élevé
plot_12474,3.0,micmac,D,Élevé
plot_12475,3.0,micmac,C,Moyen
plot_12476,3.0,micmac,D,Moyen
plot_12477,3.0,micmac,C,Élevé
plot_12478,3.0,micmac,D,Élevé
plot_12479,2.0,micmac,D,Moyen
plot_12480,3.0,micmac,M,Élevé
plot_12481,3.0,micmac,C,Élevé
plot_12482,3.0,micmac,D,Moyen
plot_12483,3.0,micmac,C,Moyen
plot_12484,3.0,micmac,D,Moyen
plot_12485,3.0,micmac,D,Moyen
plot_12486,2.0,micmac,D,Moyen
plot_12487,3.0,micmac,C,Moyen
plot_12488,3.0,micmac,D,Moyen
plot_12489,3.0,micmac,D,Moyen
plot_12490,2.0,micmac,D,Moyen
plot_12491,3.0,micmac,D,Moyen
plot_12492,3.0,micmac,D,Moyen
plot_12493,3.0,micmac,D,Moyen
plot_12494,3.0,micmac,C,Moyen
plot_12495,2.0,micmac,D,Faible
plot_12496,2.0,micmac,D,Moyen
plot_12497,2.0,micmac,D,Moyen
plot_12498,2.0,micmac,D,Faible
plot_12499,2.0,micmac,D,Faible
plot_12500,2.0,micmac,D,Faible
plot_12501,2.0,micmac,D,Faible
plot_12502,2.0,micmac,M,Faible
plot_12503,2.0,micmac,D,Moyen
plot_12504,2.0,micmac,D,Moyen
plot_12505,2.0,micmac,D,Faible
plot_12506,2.0,micmac,D,Moyen
plot_12507,2.0,micmac,M,Faible
plot_12508,2.0,micmac,D,Moyen
plot_12509,2.0,micmac,D,Moyen
plot_12510,2.0,micmac,D,Faible
plot_12511,2.0,micmac,D,Faible
plot_12512,2.0,micmac,M,Moyen
plot_12513,2.0,micmac,D,Faible
plot_12514,2.0,micmac,M,Moyen
plot_12515,2.0,micmac,C,Faible
plot_12516,2.0,micmac,D,Moyen
plot_12517,2.0,micmac,M,Faible
plot_12518,2.0,micmac,D,Faible
plot_12519,2.0,micmac,D,Faible
plot_12520,2.0,micmac,D,Faible
plot_12521,2.0,micmac,M,Faible
plot_12522,2.0,micmac,D,Moyen
plot_12523,2.0,micmac,D,Moyen
plot_12524,3.0,micmac,D,Élevé
plot_12525,2.0,micmac,D,Moyen
plot_12526,3.0,micmac,D,Moyen
plot_12527,3.0,micmac,D,Élevé
plot_12528,3.0,micmac,D,Élevé
plot_12529,3.0,micmac,D,Élevé
plot_12530,3.0,micmac,M,Élevé
plot_12531,2.0,micmac,D,Moyen
plot_12532,2.0,micmac,D,Moyen
plot_12533,2.0,micmac,D,Élevé
plot_12534,3.0,micmac,M,Élevé
plot_12535,3.0,micmac,C,Élevé
plot_12536,3.0,micmac,M,Élevé
plot_12537,2.0,micmac,D,Moyen
plot_12538,3.0,micmac,D,Élevé
plot_12539,2.0,micmac,D,Moyen
plot_12540,3.0,micmac,D,Élevé
plot_12541,2.0,micmac,D,Faible
plot_12542,2.0,micmac,D,Moyen
plot_12543,3.0,micmac,D,Élevé
plot_12544,2.0,micmac,D,Moyen
plot_12545,3.0,micmac,D,Élevé
plot_12546,2.0,micmac,D,Faible
plot_12547,2.0,micmac,D,Faible
plot_12548,2.0,micmac,D,Faible
plot_12549,2.0,micmac,D,Moyen
plot_12550,2.0,micmac,D,Faible
plot_12551,2.0,micmac,D,Moyen
plot_12552,2.0,micmac,D,Moyen
plot_12553,2.0,micmac,C,Moyen
plot_12554,2.0,micmac,D,Faible
plot_12555,2.0,micmac,D,Faible
plot_12556,2.0,micmac,D,Faible
plot_12557,2.0,micmac,D,Faible
plot_12558,2.0,micmac,C,Faible
plot_12559,2.0,micmac,D,Faible
plot_12560,2.0,micmac,D,Faible
plot_12561,2.0,micmac,D,Faible
plot_12562,2.0,micmac,D,Faible
plot_12563,2.0,micmac,D,Faible
plot_12564,2.0,micmac,D,Faible
plot_12565,2.0,micmac,M,Faible
plot_12566,2.0,micmac,M,Faible
plot_12567,2.0,micmac,D,Faible
plot_12568,2.0,micmac,D,Faible
plot_12569,2.0,micmac,D,Faible
plot_12570,2.0,micmac,D,Faible
plot_12571,2.0,micmac,D,Faible
plot_12572,2.0,micmac,D,Faible
plot_12573,2.0,micmac,D,Moyen
plot_12574,2.0,micmac,D,Faible
plot_12575,2.0,micmac,D,Faible
plot_12576,2.0,micmac,D,Faible
plot_12577,2.0,micmac,D,Faible
plot_12578,2.0,micmac,D,Faible
plot_12579,2.0,micmac,D,Moyen
plot_12580,2.0,micmac,D,Faible
plot_12581,2.0,micmac,D,Faible
plot_12582,2.0,micmac,D,Faible
plot_12583,2.0,micmac,D,Faible
plot_12584,2.0,micmac,D,Moyen
plot_12585,2.0,micmac,C,Moyen
plot_12586,2.0,micmac,D,Moyen
plot_12587,2.0,micmac,D,Faible
plot_12588,2.0,micmac,D,Moyen
plot_12589,2.0,micmac,D,Faible
plot_12590,2.0,micmac,D,Moyen
plot_12591,2.0,micmac,D,Moyen
plot_12592,2.0,micmac,D,Moyen
plot_12593,2.0,micmac,D,Faible
plot_12594,2.0,micmac,M,Faible
plot_12595,2.0,micmac,C,Faible
plot_12596,2.0,micmac,M,Faible
plot_12597,2.0,micmac,D,Faible
plot_12598,2.0,micmac,D,Faible
plot_12599,2.0,micmac,C,Faible
plot_12600,2.0,micmac,C,Faible
plot_12601,2.0,micmac,C,Faible
plot_12602,2.0,micmac,C,Faible
plot_12603,2.0,micmac,C,Faible
plot_12604,2.0,micmac,M,Faible
plot_12605,2.0,micmac,C,Faible
plot_12606,2.0,micmac,C,Faible
plot_12607,2.0,micmac,C,Faible
plot_12608,2.0,micmac,C,Faible
plot_12609,2.0,micmac,C,Faible
plot_12610,2.0,micmac,C,Faible
plot_12611,2.0,micmac,C,Faible
plot_12612,2.0,micmac,C,Faible
plot_12613,2.0,micmac,C,Faible
plot_12614,2.0,micmac,D,Faible
plot_12615,2.0,micmac,C,Faible
plot_12616,2.0,micmac,C,Faible
plot_12617,2.0,micmac,C,Faible
plot_12618,2.0,micmac,C,Faible
plot_12619,2.0,micmac,C,Faible
plot_12620,2.0,micmac,C,Faible
plot_12621,2.0,micmac,D,Faible
plot_12622,2.0,micmac,C,Faible
plot_12623,2.0,micmac,C,Faible
plot_12624,2.0,micmac,C,Faible
plot_12625,2.0,micmac,C,Faible
plot_12626,2.0,micmac,C,Faible
plot_12627,2.0,micmac,C,Faible
plot_12628,2.0,micmac,C,Faible
plot_12629,2.0,micmac,C,Faible
plot_12630,2.0,micmac,D,Faible
plot_12631,2.0,micmac,D,Faible
plot_12632,2.0,micmac,C,Faible
plot_12633,2.0,micmac,C,Faible
plot_12634,2.0,micmac,C,Faible
plot_12635,2.0,micmac,C,Faible
plot_12636,2.0,micmac,C,Faible
plot_12637,2.0,micmac,C,Faible
plot_12638,2.0,micmac,C,Faible
plot_12639,2.0,micmac,C,Faible
plot_12640,2.0,micmac,D,Faible
plot_12641,2.0,micmac,M,Faible
plot_12642,2.0,micmac,D,Faible
plot_12643,2.0,micmac,C,Faible
plot_12644,2.0,micmac,C,Faible
plot_12645,2.0,micmac,C,Faible
plot_12646,2.0,micmac,C,Faible
plot_12647,2.0,micmac,C,Faible
plot_12648,2.0,micmac,C,Faible
plot_12649,2.0,micmac,C,Faible
plot_12650,2.0,micmac,C,Faible
plot_12651,2.0,micmac,C,Faible
plot_12652,2.0,micmac,D,Faible
plot_12653,2.0,micmac,D,Faible
plot_12654,2.0,micmac,C,Faible
plot_12655,2.0,micmac,C,Faible
plot_12656,2.0,micmac,D,Faible
plot_12657,2.0,micmac,C,Faible
plot_12658,2.0,micmac,C,Faible
plot_12659,2.0,micmac,C,Faible
plot_12660,2.0,micmac,C,Faible
plot_12661,2.0,micmac,C,Faible
plot_12662,2.0,micmac,C,Faible
plot_12663,2.0,micmac,D,Faible
plot_12664,2.0,micmac,C,Faible
plot_12665,2.0,micmac,C,Faible
plot_12666,2.0,micmac,D,Faible
plot_12667,2.0,micmac,D,Faible
plot_12668,2.0,micmac,D,Faible
plot_12669,2.0,micmac,C,Faible
plot_12670,2.0,micmac,C,Faible
plot_12671,2.0,micmac,D,Faible
plot_12672,2.0,micmac,D,Faible
plot_12673,2.0,micmac,D,Faible
plot_12674,2.0,micmac,C,Faible
plot_12675,2.0,micmac,C,Faible
plot_12676,2.0,micmac,D,Faible
plot_12677,2.0,micmac,D,Faible
plot_12678,2.0,micmac,D,Faible
plot_12679,2.0,micmac,D,Faible
plot_12680,2.0,micmac,D,Faible
plot_12681,2.0,micmac,C,Faible
plot_12682,2.0,micmac,C,Faible
plot_12683,2.0,micmac,C,Faible
plot_12684,2.0,micmac,C,Faible
plot_12685,2.0,micmac,C,Faible
plot_12686,2.0,micmac,C,Faible
plot_12687,2.0,micmac,D,Faible
plot_12688,2.0,micmac,C,Faible
plot_12689,2.0,micmac,D,Faible
plot_12690,2.0,micmac,D,Faible
plot_12691,2.0,micmac,C,Faible
plot_12692,2.0,micmac,C,Faible
plot_12693,2.0,micmac,D,Faible
plot_12694,2.0,micmac,C,Faible
plot_12695,2.0,micmac,C,Faible
plot_12696,2.0,micmac,C,Faible
plot_12697,2.0,micmac,D,Faible
plot_12698,2.0,micmac,D,Faible
plot_12699,2.0,micmac,D,Faible
plot_12700,2.0,micmac,D,Faible
plot_12701,2.0,micmac,D,Faible
plot_12702,2.0,micmac,D,Faible
plot_12703,2.0,micmac,C,Faible
plot_12704,2.0,micmac,C,Faible
plot_12705,2.0,micmac,D,Faible
plot_12706,2.0,micmac,M,Faible
plot_12707,2.0,micmac,C,Faible
plot_12708,2.0,micmac,C,Faible
plot_12709,2.0,micmac,D,Faible
plot_12710,2.0,micmac,D,Faible
plot_12711,2.0,micmac,D,Faible
plot_12712,2.0,micmac,D,Faible
plot_12713,2.0,micmac,D,Faible
plot_12714,2.0,micmac,D,Faible
plot_12715,2.0,micmac,C,Faible
plot_12716,2.0,micmac,D,Faible
plot_12717,2.0,micmac,M,Faible
plot_12718,3.0,micmac,D,Élevé
plot_12719,3.0,micmac,D,Élevé
plot_12720,3.0,micmac,C,Élevé
plot_12721,3.0,micmac,D,Élevé
plot_12722,2.0,micmac,M,Moyen
plot_12723,3.0,micmac,C,Élevé
plot_12724,3.0,micmac,D,Élevé
plot_12725,3.0,micmac,D,Élevé
plot_12726,3.0,micmac,D,Moyen
plot_12727,2.0,micmac,C,Moyen
plot_12728,3.0,micmac,C,Élevé
plot_12729,3.0,micmac,D,Moyen
plot_12730,3.0,micmac,D,Moyen
plot_12731,2.0,micmac,D,Élevé
plot_12732,3.0,micmac,M,Élevé
plot_12733,3.0,micmac,D,Élevé
plot_12734,3.0,micmac,D,Moyen
plot_12735,3.0,micmac,D,Moyen
plot_12736,3.0,micmac,D,Moyen
plot_12737,3.0,micmac,D,Moyen
plot_12738,3.0,micmac,D,Moyen
plot_12739,3.0,micmac,D,Élevé
plot_12740,2.0,micmac,D,Élevé
plot_12741,2.0,micmac,D,Moyen
plot_12742,2.0,micmac,D,Moyen
plot_12743,3.0,micmac,D,Moyen
plot_12744,3.0,micmac,D,Moyen
plot_12745,2.0,micmac,C,Élevé
plot_12746,3.0,micmac,D,Élevé
plot_12747,3.0,micmac,D,Moyen
plot_12748,2.0,micmac,C,Moyen
plot_12749,2.0,micmac,D,Moyen
plot_12750,2.0,micmac,D,Élevé
plot_12751,2.0,micmac,D,Faible
plot_12752,2.0,micmac,D,Moyen
plot_12753,2.0,micmac,D,Faible
plot_12754,2.0,micmac,D,Faible
plot_12755,2.0,micmac,C,Faible
plot_12756,2.0,micmac,D,Élevé
plot_12757,2.0,micmac,C,Moyen
plot_12758,2.0,micmac,D,Moyen
plot_12759,2.0,micmac,D,Élevé
plot_12760,2.0,micmac,D,Élevé
plot_12761,2.0,micmac,D,Faible
plot_12762,2.0,micmac,D,Faible
plot_12763,2.0,micmac,D,Moyen
plot_12764,2.0,micmac,D,Moyen
plot_12765,2.0,micmac,D,Moyen
plot_12766,2.0,micmac,D,Faible
plot_12767,2.0,micmac,C,Faible
plot_12768,2.0,micmac,D,Moyen
plot_12769,2.0,micmac,D,Moyen
plot_12770,2.0,micmac,D,Moyen
plot_12771,2.0,micmac,D,Moyen
plot_12772,2.0,micmac,D,Moyen
plot_12773,2.0,micmac,D,Moyen
plot_12774,2.0,micmac,D,Moyen
plot_12775,2.0,micmac,D,Moyen
plot_12776,2.0,micmac,D,Faible
plot_12777,2.0,micmac,D,Faible
plot_12778,2.0,micmac,D,Faible
plot_12779,2.0,micmac,M,Faible
plot_12780,2.0,micmac,D,Faible
plot_12781,2.0,micmac,C,Faible
plot_12782,2.0,micmac,M,Faible
plot_12783,1.0,ultramap,D,Faible
plot_12784,1.0,ultramap,C,Faible
plot_12785,1.0,ultramap,M,Moyen
plot_12786,1.0,ultramap,C,Faible
plot_12787,1.0,ultramap,D,Faible
plot_12788,1.0,ultramap,C,Faible
plot_12789,1.0,ultramap,D,Faible
plot_12790,1.0,ultramap,D,Faible
plot_12791,1.0,ultramap,D,Faible
plot_12792,1.0,ultramap,D,Faible
plot_12793,1.0,ultramap,C,Faible
plot_12794,1.0,ultramap,D,Faible
plot_12795,1.0,ultramap,D,Faible
plot_12796,1.0,ultramap,D,Faible
plot_12797,1.0,ultramap,C,Faible
plot_12798,1.0,ultramap,D,Faible
plot_12799,1.0,ultramap,D,Faible
plot_12800,1.0,ultramap,C,Faible
plot_12801,1.0,ultramap,D,Faible
plot_12802,1.0,ultramap,D,Faible
plot_12803,1.0,ultramap,D,Faible
plot_12804,1.0,ultramap,C,Faible
plot_12805,1.0,ultramap,D,Faible
plot_12806,1.0,ultramap,D,Faible
plot_12807,1.0,ultramap,D,Faible
plot_12808,1.0,ultramap,D,Faible
plot_12809,1.0,ultramap,D,Faible
plot_12810,1.0,ultramap,D,Faible
plot_12811,1.0,ultramap,D,Faible
plot_12812,1.0,ultramap,D,Faible
plot_12813,1.0,ultramap,C,Faible
plot_12814,1.0,ultramap,D,Faible
plot_12815,1.0,ultramap,D,Faible
plot_12816,1.0,ultramap,D,Faible
plot_12817,1.0,ultramap,C,Faible
plot_12818,1.0,ultramap,D,Faible
plot_12819,1.0,ultramap,D,Faible
plot_12820,1.0,ultramap,D,Faible
plot_12821,1.0,ultramap,D,Faible
plot_12822,1.0,ultramap,D,Faible
plot_12823,1.0,ultramap,D,Faible
plot_12824,1.0,ultramap,M,Faible
plot_12825,1.0,ultramap,D,Faible
plot_12826,1.0,ultramap,M,Faible
plot_12827,1.0,ultramap,D,Faible
plot_12828,1.0,ultramap,D,Faible
plot_12829,1.0,ultramap,D,Faible
plot_12830,1.0,ultramap,M,Faible
plot_12831,1.0,ultramap,D,Faible
plot_12832,1.0,ultramap,D,Faible
plot_12833,1.0,ultramap,D,Faible
plot_12834,1.0,ultramap,D,Faible
plot_12835,1.0,ultramap,D,Faible
plot_12836,1.0,ultramap,D,Faible
plot_12837,1.0,ultramap,D,Faible
plot_12838,1.0,ultramap,D,Faible
plot_12839,1.0,ultramap,D,Faible
plot_12840,1.0,ultramap,D,Faible
plot_12841,1.0,ultramap,D,Faible
plot_12842,1.0,ultramap,D,Faible
plot_12843,1.0,ultramap,D,Faible
plot_12844,1.0,ultramap,D,Faible
plot_12845,1.0,ultramap,D,Faible
plot_12846,1.0,ultramap,D,Faible
plot_12847,1.0,ultramap,D,Faible
plot_12848,1.0,ultramap,C,Faible
plot_12849,1.0,ultramap,D,Faible
plot_12850,1.0,ultramap,D,Faible
plot_12851,1.0,ultramap,D,Faible
plot_12852,1.0,ultramap,D,Faible
plot_12853,1.0,ultramap,M,Faible
plot_12854,1.0,ultramap,D,Faible
plot_12855,1.0,ultramap,D,Faible
plot_12856,1.0,ultramap,D,Faible
plot_12857,2.0,ultramap,D,Faible
plot_12858,1.0,ultramap,D,Faible
plot_12859,1.0,ultramap,D,Faible
plot_12860,1.0,ultramap,D,Faible
plot_12861,1.0,ultramap,D,Faible
plot_12862,1.0,ultramap,D,Faible
plot_12863,1.0,ultramap,D,Faible
plot_12864,1.0,ultramap,D,Faible
plot_12865,1.0,ultramap,D,Faible
plot_12866,1.0,ultramap,D,Faible
plot_12867,1.0,ultramap,D,Faible
plot_12868,1.0,ultramap,D,Faible
plot_12869,1.0,ultramap,C,Faible
plot_12870,1.0,ultramap,D,Faible
plot_12871,1.0,ultramap,D,Faible
plot_12872,2.0,ultramap,D,Faible
plot_12873,1.0,ultramap,D,Faible
plot_12874,1.0,ultramap,D,Faible
plot_12875,1.0,ultramap,D,Moyen
plot_12876,1.0,ultramap,D,Faible
plot_12877,1.0,ultramap,D,Moyen
plot_12878,1.0,ultramap,D,Faible
plot_12879,1.0,ultramap,D,Moyen
plot_12880,1.0,ultramap,D,Faible
plot_12881,1.0,ultramap,D,Faible
plot_12882,1.0,ultramap,D,Faible
plot_12883,1.0,ultramap,D,Moyen
plot_12884,1.0,ultramap,D,Moyen
plot_12885,1.0,ultramap,D,Moyen
plot_12886,1.0,micmac,C,Faible
plot_12887,1.0,micmac,M,Faible
plot_12888,1.0,micmac,C,Faible
plot_12889,1.0,micmac,D,Faible
plot_12890,1.0,micmac,D,Faible
plot_12891,1.0,micmac,D,Faible
plot_12892,1.0,micmac,C,Faible
plot_12893,1.0,micmac,M,Faible
plot_12894,1.0,micmac,D,Faible
plot_12895,1.0,micmac,D,Faible
plot_12896,1.0,micmac,D,Faible
plot_12897,1.0,micmac,M,Faible
plot_12898,1.0,micmac,C,Faible
plot_12899,1.0,micmac,C,Faible
plot_12900,1.0,micmac,D,Faible
plot_12901,1.0,micmac,D,Faible
plot_12902,1.0,micmac,C,Faible
plot_12903,1.0,micmac,D,Faible
plot_12904,1.0,micmac,C,Faible
plot_12905,1.0,micmac,C,Faible
plot_12906,1.0,micmac,D,Faible
plot_12907,1.0,micmac,M,Faible
plot_12908,1.0,micmac,D,Faible
plot_12909,1.0,micmac,D,Faible
plot_12910,1.0,micmac,C,Faible
plot_12911,1.0,micmac,D,Faible
plot_12912,1.0,micmac,M,Faible
plot_12913,1.0,micmac,M,Faible
plot_12914,1.0,micmac,D,Faible
plot_12915,1.0,micmac,C,Faible
plot_12916,1.0,micmac,D,Faible
plot_12917,1.0,micmac,C,Faible
plot_12918,1.0,micmac,D,Faible
plot_12919,1.0,micmac,D,Faible
plot_12920,1.0,micmac,D,Faible
plot_12921,1.0,micmac,C,Faible
plot_12922,1.0,micmac,D,Faible
plot_12923,1.0,micmac,D,Faible
plot_12924,1.0,micmac,D,Faible
plot_12925,1.0,micmac,D,Faible
plot_12926,1.0,micmac,D,Faible
plot_12927,1.0,micmac,D,Faible
plot_12928,1.0,micmac,D,Faible
plot_12929,1.0,micmac,M,Faible
plot_12930,1.0,micmac,D,Faible
plot_12931,1.0,micmac,D,Faible
plot_12932,1.0,micmac,D,Faible
plot_12933,1.0,micmac,D,Faible
plot_12934,1.0,micmac,D,Faible
plot_12935,1.0,micmac,M,Faible
plot_12936,1.0,micmac,D,Faible
plot_12937,1.0,micmac,D,Faible
plot_12938,1.0,micmac,C,Faible
plot_12939,1.0,micmac,D,Faible
plot_12940,1.0,micmac,D,Faible
plot_12941,1.0,micmac,D,Faible
plot_12942,1.0,micmac,C,Faible
plot_12943,1.0,micmac,C,Faible
plot_12944,1.0,micmac,M,Faible
plot_12945,1.0,micmac,D,Faible
plot_12946,1.0,micmac,C,Faible
plot_12999,3.0,micmac,M,Élevé
plot_13049,2.0,ultramap,D,Moyen
plot_13050,2.0,ultramap,D,Moyen
plot_13051,2.0,ultramap,C,Moyen
plot_13052,2.0,ultramap,D,Moyen
plot_13053,2.0,ultramap,C,Moyen
plot_13054,2.0,ultramap,D,Moyen
plot_13055,2.0,ultramap,D,Moyen
plot_13056,2.0,ultramap,D,Moyen
plot_13057,2.0,ultramap,D,Moyen
plot_13058,2.0,ultramap,D,Faible
plot_13059,2.0,ultramap,D,Moyen
plot_13060,2.0,ultramap,D,Moyen
plot_13061,2.0,ultramap,D,Moyen
plot_13062,2.0,ultramap,D,Moyen
plot_13063,2.0,ultramap,D,Moyen
plot_13064,2.0,ultramap,D,Moyen
plot_13065,2.0,ultramap,D,Moyen
plot_13066,2.0,ultramap,D,Moyen
plot_13067,2.0,ultramap,D,Moyen
plot_13068,2.0,ultramap,D,Faible
plot_13069,2.0,ultramap,D,Moyen
plot_13070,2.0,ultramap,C,Moyen
plot_13071,3.0,ultramap,D,Moyen
plot_13072,3.0,ultramap,D,Moyen
plot_13073,3.0,ultramap,C,Moyen
plot_13074,2.0,ultramap,D,Moyen
plot_13075,2.0,ultramap,D,Moyen
plot_13076,3.0,ultramap,D,Moyen
plot_13077,3.0,ultramap,D,Moyen
plot_13078,3.0,ultramap,M,Moyen
plot_13079,3.0,ultramap,D,Élevé
plot_13080,3.0,ultramap,D,Moyen
plot_13081,3.0,ultramap,M,Élevé
plot_13082,3.0,ultramap,D,Élevé
plot_13083,3.0,ultramap,D,Élevé
plot_13084,3.0,ultramap,D,Moyen
plot_13085,3.0,ultramap,D,Moyen
plot_13086,3.0,ultramap,D,Élevé
plot_13087,3.0,ultramap,D,Élevé
plot_13088,3.0,ultramap,D,Élevé
plot_13089,3.0,ultramap,M,Élevé
plot_13090,3.0,ultramap,M,Élevé
plot_13091,3.0,ultramap,D,Élevé
plot_13092,3.0,ultramap,M,Élevé
plot_13093,3.0,ultramap,D,Élevé
plot_13094,3.0,ultramap,D,Élevé
plot_13095,3.0,ultramap,D,Élevé
plot_13096,3.0,ultramap,D,Moyen
plot_13097,3.0,ultramap,D,Moyen
plot_13098,3.0,ultramap,D,Élevé
plot_13099,3.0,ultramap,D,Moyen
plot_13100,3.0,ultramap,D,Élevé
plot_13101,3.0,ultramap,D,Élevé
plot_13102,3.0,ultramap,D,Élevé
plot_13103,3.0,ultramap,D,Élevé
plot_13104,3.0,ultramap,D,Élevé
plot_13105,3.0,ultramap,D,Élevé
plot_13106,3.0,ultramap,D,Élevé
plot_13107,3.0,ultramap,C,Élevé
plot_13108,3.0,ultramap,M,Élevé
plot_13109,3.0,ultramap,M,Élevé
plot_13110,3.0,ultramap,D,Élevé
plot_13111,3.0,ultramap,D,Élevé
plot_13112,3.0,ultramap,C,Élevé
plot_13113,3.0,ultramap,D,Élevé
plot_13114,3.0,ultramap,D,Élevé
plot_13115,3.0,ultramap,M,Élevé
plot_13116,3.0,ultramap,M,Élevé
plot_13117,3.0,ultramap,M,Élevé
plot_13118,3.0,ultramap,D,Élevé
plot_13119,3.0,ultramap,C,Élevé
plot_13120,3.0,ultramap,D,Élevé
plot_13121,3.0,ultramap,D,Élevé
plot_13122,3.0,ultramap,D,Élevé
plot_13123,3.0,ultramap,D,Moyen
plot_13124,3.0,ultramap,D,Élevé
plot_13125,3.0,ultramap,D,Élevé
plot_13126,3.0,ultramap,D,Élevé
plot_13127,3.0,ultramap,M,Élevé
plot_13128,3.0,ultramap,M,Élevé
plot_13129,3.0,ultramap,D,Élevé
plot_13130,3.0,ultramap,M,Élevé
plot_13131,3.0,ultramap,D,Élevé
plot_13132,3.0,ultramap,D,Élevé
plot_13133,3.0,ultramap,C,Élevé
plot_13134,3.0,ultramap,M,Élevé
plot_13135,3.0,ultramap,D,Élevé
plot_13136,3.0,ultramap,C,Élevé
plot_13137,3.0,ultramap,M,Élevé
plot_13138,3.0,ultramap,D,Élevé
plot_13139,3.0,ultramap,M,Élevé
plot_13140,3.0,ultramap,M,Élevé
plot_13141,3.0,ultramap,M,Élevé
plot_13142,3.0,ultramap,D,Élevé
plot_13143,3.0,ultramap,C,Élevé
plot_13144,3.0,ultramap,M,Élevé
plot_13145,3.0,ultramap,C,Élevé
plot_13146,3.0,ultramap,C,Élevé
plot_13147,2.0,micmac,C,Faible
plot_13148,2.0,micmac,C,Faible
plot_13149,2.0,micmac,C,Faible
plot_13150,2.0,micmac,C,Faible
plot_13151,2.0,micmac,C,Faible
plot_13152,2.0,micmac,C,Faible
plot_13153,2.0,micmac,C,Faible
plot_13154,2.0,micmac,D,Faible
plot_13155,2.0,micmac,C,Faible
plot_13156,2.0,micmac,C,Faible
plot_13157,2.0,micmac,C,Faible
plot_13158,2.0,micmac,C,Faible
plot_13159,2.0,micmac,C,Faible
plot_13160,2.0,micmac,C,Faible
plot_13161,2.0,micmac,M,Faible
plot_13162,2.0,micmac,C,Faible
plot_13163,2.0,micmac,C,Faible
plot_13164,2.0,micmac,C,Faible
plot_13165,2.0,micmac,C,Faible
plot_13166,2.0,micmac,C,Faible
plot_13167,2.0,micmac,D,Faible
plot_13168,2.0,micmac,C,Faible
plot_13169,2.0,micmac,C,Faible
plot_13170,2.0,micmac,C,Faible
plot_13171,2.0,micmac,C,Faible
plot_13172,2.0,micmac,C,Faible
plot_13173,2.0,micmac,C,Faible
plot_13174,2.0,micmac,C,Faible
plot_13175,2.0,micmac,C,Faible
plot_13176,2.0,micmac,C,Faible
plot_13177,2.0,micmac,C,Faible
plot_13178,2.0,micmac,C,Faible
plot_13179,2.0,micmac,C,Faible
plot_13180,2.0,micmac,C,Faible
plot_13181,2.0,micmac,C,Faible
plot_13182,2.0,micmac,C,Faible
plot_13183,2.0,micmac,C,Faible
plot_13184,2.0,micmac,C,Faible
plot_13185,2.0,micmac,C,Faible
plot_13186,2.0,micmac,C,Faible
plot_13187,2.0,micmac,D,Faible
plot_13188,2.0,micmac,C,Faible
plot_13189,2.0,micmac,D,Faible
plot_13190,2.0,micmac,D,Faible
plot_13191,2.0,micmac,C,Faible
plot_13192,2.0,micmac,C,Faible
plot_13193,2.0,micmac,C,Faible
plot_13194,2.0,micmac,C,Faible
plot_13195,2.0,micmac,C,Faible
plot_13196,2.0,micmac,C,Faible
plot_13197,2.0,micmac,C,Faible
plot_13198,2.0,micmac,C,Faible
plot_13199,2.0,micmac,C,Faible
plot_13200,2.0,micmac,C,Faible
plot_13201,2.0,micmac,C,Faible
plot_13202,2.0,micmac,C,Faible
plot_13203,2.0,micmac,C,Faible
plot_13204,2.0,micmac,D,Faible
plot_13205,2.0,micmac,D,Faible
plot_13206,2.0,micmac,D,Faible
plot_13207,2.0,micmac,D,Faible
plot_13208,2.0,micmac,C,Faible
plot_13209,2.0,micmac,D,Faible
plot_13210,2.0,micmac,C,Faible
plot_13211,2.0,micmac,C,Faible
plot_13212,2.0,micmac,C,Faible
plot_13213,2.0,micmac,C,Faible
plot_13214,2.0,micmac,C,Faible
plot_13215,2.0,micmac,C,Faible
plot_13216,2.0,micmac,M,Faible
plot_13217,2.0,micmac,C,Faible
plot_13218,2.0,micmac,C,Faible
plot_13219,2.0,micmac,C,Faible
plot_13220,2.0,micmac,D,Faible
plot_13221,2.0,micmac,D,Faible
plot_13222,2.0,micmac,C,Faible
plot_13223,2.0,micmac,C,Faible
plot_13224,2.0,micmac,C,Faible
plot_13225,2.0,micmac,C,Faible
plot_13226,2.0,micmac,M,Faible
plot_13227,2.0,micmac,M,Faible
plot_13228,2.0,micmac,C,Faible
plot_13229,2.0,micmac,C,Faible
plot_13230,2.0,micmac,C,Faible
plot_13231,2.0,micmac,C,Faible
plot_13232,2.0,micmac,C,Faible
plot_13233,2.0,micmac,C,Faible
plot_13234,2.0,micmac,C,Faible
plot_13235,2.0,micmac,M,Faible
plot_13236,2.0,micmac,C,Faible
plot_13237,2.0,micmac,C,Faible
plot_13238,2.0,micmac,C,Faible
plot_13239,2.0,micmac,C,Faible
plot_13240,2.0,micmac,D,Faible
plot_13241,2.0,micmac,D,Faible
plot_13242,2.0,micmac,D,Faible
plot_13243,2.0,micmac,C,Faible
plot_13244,2.0,micmac,C,Faible
plot_13245,2.0,micmac,D,Faible
plot_13246,2.0,micmac,D,Faible
plot_13247,2.0,micmac,C,Faible
plot_13248,2.0,micmac,D,Faible
plot_13249,2.0,micmac,D,Faible
plot_13250,2.0,micmac,D,Faible
plot_13251,2.0,micmac,D,Faible
plot_13252,2.0,micmac,C,Faible
plot_13253,2.0,micmac,C,Faible
plot_13254,2.0,micmac,C,Faible
plot_13255,2.0,micmac,C,Faible
plot_13256,2.0,micmac,D,Faible
plot_13257,2.0,micmac,D,Faible
plot_13258,2.0,micmac,C,Faible
plot_13259,2.0,micmac,C,Faible
plot_13260,2.0,micmac,C,Faible
plot_13261,2.0,micmac,D,Faible
plot_13262,2.0,micmac,D,Faible
plot_13263,2.0,micmac,D,Faible
plot_13264,2.0,micmac,D,Faible
plot_13265,2.0,micmac,C,Faible
plot_13266,2.0,micmac,C,Faible
plot_13267,2.0,micmac,D,Faible
plot_13268,2.0,micmac,C,Faible
plot_13269,2.0,micmac,C,Faible
plot_13270,2.0,micmac,D,Faible
plot_13271,2.0,micmac,D,Faible
plot_13272,2.0,micmac,C,Faible
plot_13273,2.0,micmac,C,Faible
plot_13274,2.0,micmac,C,Faible
plot_13275,2.0,micmac,C,Faible
plot_13276,1.0,micmac,D,Faible
plot_13296,1.0,micmac,D,Faible
plot_13311,1.0,ultramap,D,Faible
plot_13362,1.0,ultramap,C,Faible
plot_13363,3.0,micmac,C,Élevé
plot_13364,3.0,micmac,D,Élevé
plot_13365,3.0,micmac,C,Élevé
plot_13366,3.0,micmac,M,Élevé
plot_13367,3.0,micmac,C,Élevé
plot_13368,3.0,micmac,C,Élevé
plot_13369,3.0,micmac,C,Élevé
plot_13370,3.0,micmac,C,Élevé
plot_13371,3.0,micmac,D,Élevé
plot_13372,3.0,micmac,D,Élevé
plot_13373,3.0,micmac,M,Élevé
plot_13374,3.0,micmac,C,Élevé
plot_13375,2.0,micmac,D,Moyen
plot_13376,3.0,micmac,C,Élevé
plot_13377,3.0,micmac,D,Moyen
plot_13378,3.0,micmac,M,Élevé
plot_13379,3.0,micmac,M,Élevé
plot_13380,3.0,micmac,D,Élevé
plot_13381,2.0,micmac,D,Moyen
plot_13382,3.0,micmac,D,Moyen
plot_13383,3.0,micmac,C,Élevé
plot_13384,3.0,micmac,C,Élevé
plot_13385,3.0,micmac,M,Élevé
plot_13386,2.0,micmac,D,Moyen
plot_13387,2.0,micmac,D,Moyen
plot_13388,3.0,micmac,M,Élevé
plot_13389,2.0,micmac,D,Moyen
plot_13390,3.0,micmac,C,Moyen
plot_13391,3.0,micmac,D,Élevé
plot_13392,3.0,micmac,D,Élevé
plot_13393,3.0,micmac,C,Élevé
plot_13394,2.0,micmac,D,Moyen
plot_13395,3.0,micmac,C,Élevé
plot_13396,3.0,micmac,C,Élevé
plot_13397,3.0,micmac,C,Élevé
plot_13398,3.0,micmac,D,Élevé
plot_13399,2.0,micmac,M,Moyen
plot_13400,3.0,micmac,C,Élevé
plot_13401,3.0,micmac,D,Moyen
plot_13402,2.0,micmac,D,Moyen
plot_13403,2.0,micmac,D,Moyen
plot_13404,3.0,micmac,M,Élevé
plot_13405,2.0,micmac,D,Moyen
plot_13406,3.0,micmac,C,Élevé
plot_13407,3.0,micmac,D,Élevé
plot_13408,3.0,micmac,D,Élevé
plot_13409,2.0,micmac,D,Élevé
plot_13410,3.0,micmac,C,Élevé
plot_13411,3.0,micmac,D,Élevé
plot_13412,3.0,micmac,M,Élevé
plot_13413,3.0,micmac,C,Élevé
plot_13414,3.0,micmac,D,Élevé
plot_13415,3.0,micmac,C,Élevé
plot_13416,3.0,micmac,C,Élevé
plot_13417,3.0,micmac,C,Élevé
plot_13418,3.0,micmac,C,Élevé
plot_13419,3.0,micmac,C,Élevé
plot_13420,3.0,micmac,C,Élevé
plot_13421,3.0,micmac,C,Élevé
plot_13422,3.0,micmac,D,Élevé
plot_13423,3.0,micmac,M,Moyen
plot_13424,2.0,micmac,D,Élevé
plot_13425,2.0,micmac,D,Élevé
plot_13426,2.0,micmac,D,Élevé
plot_13427,2.0,micmac,D,Élevé
plot_13428,2.0,micmac,C,Élevé
plot_13429,2.0,micmac,D,Élevé
plot_13430,2.0,micmac,M,Élevé
plot_13431,2.0,micmac,D,Élevé
plot_13432,3.0,micmac,C,Élevé
plot_13433,2.0,micmac,D,Élevé
plot_13434,3.0,micmac,M,Élevé
plot_13435,2.0,micmac,M,Élevé
plot_13436,2.0,micmac,M,Élevé
plot_13437,2.0,micmac,D,Élevé
plot_13438,2.0,micmac,M,Élevé
plot_13439,2.0,micmac,D,Élevé
plot_13440,2.0,micmac,D,Élevé
plot_13441,2.0,micmac,M,Élevé
plot_13442,2.0,micmac,D,Élevé
plot_13443,3.0,micmac,C,Élevé
plot_13444,2.0,micmac,D,Élevé
plot_13445,2.0,micmac,M,Élevé
plot_13446,2.0,micmac,C,Élevé
plot_13447,3.0,micmac,C,Élevé
plot_13448,2.0,micmac,C,Élevé
plot_13449,3.0,micmac,C,Élevé
plot_13450,3.0,micmac,C,Élevé
plot_13451,3.0,micmac,M,Élevé
plot_13452,2.0,micmac,M,Élevé
plot_13453,2.0,micmac,C,Élevé
plot_13454,3.0,micmac,D,Élevé
plot_13455,3.0,micmac,C,Élevé
plot_13456,3.0,micmac,C,Élevé
plot_13457,3.0,micmac,M,Élevé
plot_13458,2.0,micmac,D,Élevé
plot_13459,2.0,micmac,M,Élevé
plot_13460,2.0,micmac,C,Élevé
plot_13461,3.0,micmac,C,Élevé
plot_13462,3.0,micmac,C,Élevé
plot_13463,3.0,micmac,C,Élevé
plot_13464,2.0,micmac,D,Élevé
plot_13465,2.0,micmac,C,Élevé
plot_13466,2.0,micmac,C,Élevé
plot_13467,3.0,micmac,C,Élevé
plot_13468,3.0,micmac,C,Élevé
plot_13469,2.0,micmac,C,Élevé
plot_13470,3.0,micmac,M,Élevé
plot_13471,2.0,micmac,C,Élevé
plot_13472,2.0,micmac,M,Élevé
plot_13473,3.0,micmac,D,Élevé
plot_13474,3.0,micmac,C,Élevé
plot_13475,2.0,micmac,C,Élevé
plot_13476,2.0,micmac,C,Élevé
plot_13477,3.0,micmac,M,Élevé
plot_13478,3.0,micmac,M,Élevé
plot_13479,2.0,micmac,D,Élevé
plot_13480,3.0,micmac,C,Élevé
plot_13481,3.0,micmac,M,Élevé
plot_13482,2.0,micmac,M,Élevé
plot_13483,2.0,micmac,M,Élevé
plot_13484,2.0,micmac,C,Élevé
plot_13485,3.0,micmac,D,Élevé
plot_13486,2.0,micmac,C,Élevé
plot_13487,2.0,micmac,D,Élevé
plot_13488,2.0,micmac,D,Élevé
plot_13489,2.0,micmac,C,Élevé
plot_13490,2.0,micmac,M,Élevé
plot_13491,2.0,micmac,M,Élevé
plot_13492,2.0,micmac,M,Élevé
plot_13493,2.0,micmac,D,Élevé
plot_13494,2.0,micmac,C,Élevé
plot_13495,2.0,micmac,C,Élevé
plot_13496,2.0,micmac,C,Élevé
plot_13497,2.0,micmac,C,Élevé
plot_13498,2.0,micmac,C,Élevé
plot_13499,2.0,micmac,C,Élevé
plot_13500,3.0,micmac,C,Élevé
plot_13501,2.0,micmac,D,Faible
plot_13502,1.0,micmac,D,Faible
plot_13503,1.0,micmac,D,Faible
plot_13504,1.0,micmac,D,Faible
plot_13505,1.0,micmac,D,Faible
plot_13506,1.0,micmac,M,Faible
plot_13507,1.0,micmac,D,Faible
plot_13508,1.0,micmac,D,Faible
plot_13509,1.0,micmac,D,Faible
plot_13510,2.0,micmac,D,Faible
plot_13511,1.0,micmac,D,Faible
plot_13512,1.0,micmac,C,Faible
plot_13513,1.0,micmac,D,Faible
plot_13514,1.0,micmac,C,Faible
plot_13515,1.0,micmac,D,Faible
plot_13516,1.0,micmac,D,Faible
plot_13517,1.0,micmac,D,Faible
plot_13518,1.0,micmac,D,Faible
plot_13519,1.0,micmac,D,Faible
plot_13520,1.0,micmac,M,Faible
plot_13521,1.0,micmac,D,Faible
plot_13522,1.0,micmac,D,Faible
plot_13523,1.0,micmac,D,Faible
plot_13524,1.0,micmac,D,Faible
plot_13525,1.0,micmac,D,Faible
plot_13526,1.0,micmac,D,Faible
plot_13527,1.0,micmac,C,Faible
plot_13528,1.0,micmac,D,Faible
plot_13529,1.0,micmac,C,Faible
plot_13530,1.0,micmac,D,Faible
plot_13531,1.0,micmac,D,Faible
plot_13532,1.0,micmac,D,Faible
plot_13533,1.0,micmac,D,Faible
plot_13534,1.0,micmac,D,Faible
plot_13535,1.0,micmac,C,Faible
plot_13536,1.0,micmac,D,Faible
plot_13537,1.0,micmac,D,Faible
plot_13538,1.0,micmac,D,Faible
plot_13539,1.0,micmac,D,Faible
plot_13540,1.0,micmac,D,Faible
plot_13541,1.0,micmac,D,Faible
plot_13542,1.0,micmac,D,Faible
plot_13543,1.0,ultramap,D,Faible
plot_13544,1.0,ultramap,M,Faible
plot_13545,1.0,ultramap,D,Faible
plot_13546,1.0,ultramap,M,Faible
plot_13547,1.0,ultramap,D,Faible
plot_13548,1.0,ultramap,D,Faible
plot_13549,1.0,ultramap,D,Faible
plot_13550,1.0,ultramap,M,Faible
plot_13551,1.0,ultramap,D,Faible
plot_13552,1.0,ultramap,M,Faible
plot_13553,1.0,ultramap,D,Faible
plot_13554,1.0,ultramap,C,Faible
plot_13555,1.0,ultramap,D,Faible
plot_13556,1.0,ultramap,D,Faible
plot_13557,1.0,ultramap,D,Faible
plot_13558,1.0,ultramap,M,Faible
plot_13559,1.0,ultramap,D,Faible
plot_13560,1.0,ultramap,D,Faible
plot_13561,1.0,ultramap,D,Faible
plot_13562,1.0,ultramap,D,Faible
plot_13563,1.0,ultramap,D,Faible
plot_13564,1.0,ultramap,D,Faible
plot_13565,1.0,ultramap,D,Faible
plot_13566,1.0,ultramap,D,Faible
plot_13567,1.0,ultramap,M,Faible
plot_13568,1.0,ultramap,M,Faible
plot_13569,1.0,ultramap,C,Faible
plot_13570,1.0,ultramap,D,Faible
plot_13571,1.0,ultramap,M,Faible
plot_13572,1.0,ultramap,M,Faible
plot_13573,1.0,ultramap,D,Faible
plot_13574,1.0,ultramap,D,Faible
plot_13575,1.0,ultramap,D,Faible
plot_13576,1.0,ultramap,D,Faible
plot_13577,1.0,ultramap,D,Faible
plot_13578,1.0,ultramap,M,Faible
plot_13579,1.0,ultramap,M,Faible
plot_13580,1.0,ultramap,M,Faible
plot_13581,1.0,ultramap,D,Faible
plot_13582,1.0,ultramap,D,Faible
plot_13583,1.0,ultramap,D,Faible
plot_13584,1.0,ultramap,D,Faible
plot_13585,1.0,ultramap,D,Faible
plot_13586,1.0,ultramap,D,Faible
plot_13587,1.0,ultramap,D,Faible
plot_13588,1.0,ultramap,D,Faible
plot_13589,1.0,ultramap,D,Faible
plot_13590,1.0,ultramap,D,Faible
plot_13591,1.0,ultramap,D,Faible
plot_13592,1.0,ultramap,D,Faible
plot_13593,1.0,ultramap,D,Faible
plot_13594,1.0,ultramap,M,Faible
plot_13595,1.0,ultramap,C,Faible
plot_13596,1.0,ultramap,M,Faible
plot_13597,1.0,ultramap,D,Faible
plot_13598,1.0,ultramap,D,Faible
plot_13599,1.0,ultramap,D,Faible
plot_13600,1.0,ultramap,M,Faible
plot_13601,1.0,ultramap,D,Faible
plot_13602,1.0,ultramap,C,Faible
plot_13603,1.0,ultramap,D,Faible
plot_13604,1.0,ultramap,D,Faible
plot_13605,1.0,ultramap,C,Faible
plot_13606,1.0,ultramap,D,Faible
plot_13607,1.0,ultramap,D,Faible
plot_13608,1.0,ultramap,D,Faible
plot_13609,1.0,ultramap,D,Faible
plot_13610,1.0,ultramap,D,Faible
plot_13611,1.0,ultramap,D,Faible
plot_13612,1.0,ultramap,D,Faible
plot_13613,1.0,ultramap,D,Faible
plot_13614,1.0,ultramap,D,Faible
plot_13615,1.0,ultramap,D,Faible
plot_13616,1.0,ultramap,C,Faible
plot_13617,1.0,ultramap,D,Faible
plot_13618,1.0,ultramap,D,Faible
plot_13619,1.0,ultramap,D,Faible
plot_13620,1.0,ultramap,D,Faible
plot_13621,2.0,micmac,C,Moyen
plot_13622,2.0,micmac,D,Faible
plot_13623,2.0,micmac,M,Moyen
plot_13624,2.0,micmac,D,Moyen
plot_13625,2.0,micmac,D,Moyen
plot_13626,2.0,micmac,D,Faible
plot_13627,2.0,micmac,D,Moyen
plot_13628,2.0,micmac,D,Faible
plot_13629,2.0,micmac,M,Moyen
plot_13630,2.0,micmac,D,Faible
plot_13631,2.0,micmac,D,Moyen
plot_13632,2.0,micmac,M,Faible
plot_13633,2.0,micmac,D,Faible
plot_13634,2.0,micmac,D,Moyen
plot_13635,2.0,micmac,D,Faible
plot_13636,2.0,micmac,D,Moyen
plot_13637,2.0,micmac,D,Moyen
plot_13638,2.0,micmac,D,Faible
plot_13639,2.0,micmac,D,Moyen
plot_13640,2.0,micmac,D,Moyen
plot_13641,2.0,micmac,D,Faible
plot_13642,2.0,micmac,D,Moyen
plot_13643,2.0,micmac,D,Moyen
plot_13644,2.0,micmac,D,Faible
plot_13645,2.0,micmac,D,Moyen
plot_13646,2.0,micmac,D,Moyen
plot_13647,2.0,micmac,D,Faible
plot_13648,2.0,micmac,D,Moyen
plot_13649,2.0,micmac,D,Moyen
plot_13650,2.0,micmac,D,Moyen
plot_13651,2.0,micmac,D,Moyen
plot_13652,2.0,micmac,D,Moyen
plot_13653,2.0,micmac,D,Faible
plot_13654,2.0,micmac,D,Moyen
plot_13655,2.0,micmac,D,Faible
plot_13656,2.0,micmac,D,Moyen
plot_13657,2.0,micmac,D,Faible
plot_13658,2.0,micmac,D,Moyen
plot_13659,2.0,micmac,D,Faible
plot_13660,2.0,micmac,D,Moyen
plot_13661,2.0,micmac,D,Moyen
plot_13662,2.0,micmac,D,Moyen
plot_13663,2.0,micmac,D,Moyen
plot_13664,2.0,micmac,D,Moyen
plot_13665,2.0,micmac,D,Moyen
plot_13666,2.0,micmac,D,Moyen
plot_13667,2.0,micmac,D,Moyen
plot_13668,2.0,micmac,D,Faible
plot_13669,2.0,micmac,D,Moyen
plot_13670,2.0,micmac,D,Moyen
plot_13671,2.0,micmac,D,Moyen
plot_13672,2.0,micmac,D,Moyen
plot_13673,2.0,micmac,D,Moyen
plot_13674,2.0,micmac,M,Moyen
plot_13675,2.0,micmac,D,Moyen
plot_13676,2.0,micmac,D,Moyen
plot_13677,2.0,micmac,D,Moyen
plot_13678,2.0,micmac,C,Moyen
plot_13679,2.0,micmac,D,Moyen
plot_13680,2.0,micmac,D,Moyen
plot_13681,2.0,micmac,D,Moyen
plot_13682,2.0,micmac,D,Moyen
plot_13683,2.0,micmac,D,Moyen
plot_13684,2.0,micmac,D,Moyen
plot_13685,2.0,micmac,D,Moyen
plot_13686,2.0,micmac,D,Moyen
plot_13687,2.0,micmac,D,Élevé
plot_13688,2.0,micmac,D,Moyen
plot_13689,2.0,micmac,D,Moyen
plot_13690,2.0,micmac,D,Élevé
plot_13691,2.0,micmac,D,Faible
plot_13692,2.0,micmac,D,Moyen
plot_13693,2.0,micmac,D,Moyen
plot_13694,2.0,micmac,D,Moyen
plot_13695,2.0,micmac,M,Élevé
plot_13696,2.0,micmac,D,Moyen
plot_13697,2.0,micmac,C,Élevé
plot_13698,2.0,micmac,D,Moyen
plot_13699,2.0,micmac,D,Moyen
plot_13700,2.0,micmac,C,Élevé
plot_13701,2.0,micmac,D,Moyen
plot_13702,2.0,micmac,D,Moyen
plot_13703,2.0,micmac,D,Moyen
plot_13704,2.0,micmac,D,Moyen
plot_13705,2.0,micmac,D,Moyen
plot_13706,2.0,micmac,D,Moyen
plot_13707,2.0,micmac,C,Faible
plot_13708,2.0,micmac,C,Faible
plot_13709,2.0,micmac,D,Faible
plot_13710,2.0,micmac,D,Faible
plot_13711,2.0,micmac,D,Faible
plot_13712,2.0,micmac,C,Faible
plot_13713,2.0,micmac,D,Faible
plot_13714,2.0,micmac,C,Faible
plot_13715,2.0,micmac,C,Faible
plot_13716,2.0,micmac,D,Faible
plot_13717,2.0,micmac,D,Faible
plot_13718,2.0,micmac,C,Faible
plot_13719,2.0,micmac,D,Faible
plot_13720,2.0,micmac,D,Faible
plot_13721,2.0,micmac,D,Faible
plot_13722,2.0,micmac,D,Faible
plot_13723,2.0,micmac,D,Faible
plot_13724,2.0,micmac,D,Faible
plot_13725,2.0,micmac,C,Faible
plot_13726,2.0,micmac,D,Faible
plot_13727,2.0,micmac,D,Faible
plot_13728,2.0,micmac,D,Faible
plot_13729,2.0,micmac,D,Moyen
plot_13730,2.0,micmac,D,Faible
plot_13731,2.0,micmac,D,Faible
plot_13732,2.0,micmac,D,Faible
plot_13733,2.0,micmac,D,Faible
plot_13734,2.0,micmac,D,Faible
plot_13735,2.0,micmac,D,Faible
plot_13736,2.0,micmac,D,Faible
plot_13737,2.0,micmac,D,Faible
plot_13738,2.0,micmac,D,Moyen
plot_13739,2.0,micmac,D,Moyen
plot_13797,2.0,ultramap,C,Élevé
plot_13809,1.0,micmac,C,Faible
plot_13810,1.0,micmac,D,Faible
plot_13811,1.0,micmac,D,Faible
plot_13812,1.0,micmac,D,Faible
plot_13813,1.0,micmac,C,Faible
plot_13814,1.0,micmac,D,Faible
plot_13815,1.0,micmac,D,Faible
plot_13816,1.0,micmac,D,Faible
plot_13817,1.0,micmac,D,Faible
plot_13818,1.0,micmac,D,Faible
plot_13819,1.0,micmac,D,Faible
plot_13820,1.0,micmac,D,Faible
plot_13821,1.0,micmac,D,Faible
plot_13822,1.0,micmac,D,Faible
plot_13823,1.0,micmac,C,Faible
plot_13824,1.0,micmac,D,Faible
plot_13825,1.0,micmac,M,Faible
plot_13826,1.0,micmac,D,Faible
plot_13827,1.0,micmac,D,Faible
plot_13828,1.0,micmac,D,Faible
plot_13829,1.0,micmac,C,Faible
plot_13830,1.0,micmac,D,Faible
plot_13831,1.0,micmac,D,Faible
plot_13832,1.0,micmac,D,Faible
plot_13833,1.0,micmac,D,Faible
plot_13834,1.0,micmac,D,Faible
plot_13835,1.0,micmac,D,Faible
plot_13836,1.0,micmac,C,Faible
plot_13837,1.0,micmac,C,Faible
plot_13838,1.0,micmac,C,Faible
plot_13839,1.0,micmac,D,Faible
plot_13840,1.0,micmac,C,Faible
plot_13841,1.0,micmac,D,Faible
plot_13842,1.0,micmac,M,Faible
plot_13843,1.0,micmac,D,Faible
plot_13844,1.0,micmac,M,Faible
plot_13845,1.0,micmac,D,Faible
plot_13846,1.0,micmac,D,Faible
plot_13847,1.0,micmac,D,Faible
plot_13848,1.0,micmac,D,Faible
plot_13849,1.0,micmac,D,Faible
plot_13850,1.0,micmac,D,Faible
plot_13851,1.0,micmac,C,Faible
plot_13852,1.0,micmac,D,Faible
plot_13853,1.0,micmac,D,Faible
plot_13854,1.0,micmac,D,Faible
plot_13855,1.0,micmac,D,Faible
plot_13856,1.0,micmac,D,Moyen
plot_13857,1.0,micmac,D,Moyen
plot_13858,1.0,micmac,D,Faible
plot_13859,1.0,micmac,D,Moyen
plot_13860,1.0,micmac,C,Faible
plot_13861,1.0,micmac,D,Moyen
plot_13862,1.0,micmac,D,Faible
plot_13863,1.0,micmac,D,Faible
plot_13864,1.0,micmac,D,Faible
plot_13865,1.0,micmac,D,Moyen
plot_13866,1.0,micmac,D,Faible
plot_13867,1.0,micmac,C,Faible
plot_13869,1.0,micmac,D,Faible
plot_13870,1.0,micmac,D,Moyen
plot_13871,1.0,micmac,D,Moyen
plot_13872,1.0,micmac,D,Moyen
plot_13873,1.0,micmac,D,Moyen
plot_13874,1.0,micmac,D,Moyen
plot_13875,1.0,micmac,D,Faible
plot_13876,1.0,micmac,D,Faible
plot_13877,1.0,micmac,D,Moyen
plot_13878,1.0,micmac,D,Faible
plot_13879,1.0,micmac,D,Moyen
plot_13880,1.0,micmac,D,Moyen
plot_13881,1.0,micmac,D,Moyen
plot_13882,1.0,micmac,D,Moyen
plot_13883,1.0,micmac,D,Moyen
plot_13884,1.0,micmac,D,Moyen
plot_13885,1.0,micmac,D,Faible
plot_13886,1.0,micmac,D,Moyen
plot_13887,1.0,micmac,D,Moyen
plot_13888,1.0,micmac,D,Moyen
plot_13889,1.0,micmac,D,Faible
plot_13890,1.0,micmac,D,Moyen
plot_13891,1.0,micmac,D,Moyen
plot_13892,1.0,micmac,D,Faible
plot_13893,1.0,micmac,D,Moyen
plot_13894,1.0,micmac,D,Moyen
plot_13895,1.0,micmac,D,Faible
plot_13896,1.0,micmac,D,Faible
plot_13897,1.0,micmac,D,Faible
plot_13898,1.0,micmac,D,Faible
plot_13899,1.0,micmac,D,Faible
plot_13900,1.0,micmac,D,Moyen
plot_13901,1.0,micmac,C,Faible
plot_13902,1.0,micmac,D,Faible
plot_13903,1.0,micmac,C,Faible
plot_13904,1.0,micmac,D,Faible
plot_13905,1.0,micmac,M,Faible
plot_13906,1.0,micmac,D,Faible
plot_13907,1.0,micmac,D,Faible
plot_13908,1.0,micmac,M,Faible
plot_13909,1.0,micmac,D,Faible
plot_13910,1.0,micmac,C,Faible
plot_13911,1.0,micmac,D,Faible
plot_13912,1.0,micmac,D,Faible
plot_13913,1.0,micmac,D,Faible
plot_13914,1.0,micmac,D,Moyen
plot_13915,1.0,micmac,D,Faible
plot_13916,1.0,micmac,D,Faible
plot_13917,1.0,micmac,D,Faible
plot_13918,1.0,micmac,C,Moyen
plot_13919,1.0,micmac,D,Faible
plot_13920,1.0,micmac,D,Faible
plot_13921,1.0,micmac,D,Faible
plot_13922,1.0,micmac,D,Faible
plot_13923,1.0,micmac,D,Faible
plot_13924,1.0,micmac,D,Faible
plot_13925,1.0,micmac,D,Faible
plot_13926,1.0,micmac,D,Moyen
plot_13927,1.0,micmac,D,Faible
plot_13928,1.0,micmac,D,Faible
plot_13929,1.0,micmac,D,Faible
plot_13930,1.0,micmac,D,Faible
plot_13931,1.0,micmac,D,Moyen
plot_13932,1.0,micmac,D,Faible
plot_13933,1.0,micmac,D,Faible
plot_13934,1.0,micmac,D,Faible
plot_13935,1.0,micmac,D,Faible
plot_13936,1.0,micmac,D,Faible
plot_13937,1.0,micmac,D,Faible
plot_13938,1.0,micmac,D,Faible
plot_13939,2.0,micmac,D,Moyen
plot_13940,2.0,micmac,D,Moyen
plot_13941,2.0,micmac,D,Moyen
plot_13942,2.0,micmac,D,Moyen
plot_13943,2.0,micmac,D,Faible
plot_13944,2.0,micmac,D,Moyen
plot_13945,2.0,micmac,D,Moyen
plot_13946,2.0,micmac,D,Moyen
plot_13947,2.0,micmac,D,Moyen
plot_13948,2.0,micmac,M,Moyen
plot_13949,2.0,micmac,D,Moyen
plot_13950,2.0,micmac,C,Moyen
plot_13951,2.0,micmac,D,Moyen
plot_13952,2.0,micmac,D,Moyen
plot_13953,2.0,micmac,D,Moyen
plot_13954,2.0,micmac,D,Moyen
plot_13955,2.0,micmac,D,Moyen
plot_13956,2.0,micmac,D,Moyen
plot_13957,2.0,micmac,D,Moyen
plot_13958,2.0,micmac,M,Moyen
plot_13959,2.0,micmac,C,Moyen
plot_13960,2.0,micmac,M,Moyen
plot_13961,2.0,micmac,D,Moyen
plot_13962,2.0,micmac,D,Moyen
plot_13963,2.0,micmac,D,Moyen
plot_13964,2.0,micmac,C,Moyen
plot_13965,2.0,micmac,D,Moyen
plot_13966,2.0,micmac,D,Moyen
plot_13967,2.0,micmac,D,Moyen
plot_13968,2.0,micmac,D,Moyen
plot_13969,2.0,micmac,D,Moyen
plot_13970,2.0,micmac,D,Moyen
plot_13971,2.0,micmac,D,Moyen
plot_13972,2.0,micmac,D,Moyen
plot_13973,2.0,micmac,D,Moyen
plot_13974,2.0,micmac,D,Moyen
plot_13975,2.0,micmac,D,Moyen
plot_13976,2.0,micmac,D,Moyen
plot_13977,2.0,micmac,D,Moyen
plot_13978,2.0,micmac,D,Moyen
plot_13979,2.0,micmac,D,Moyen
plot_13980,2.0,micmac,D,Moyen
plot_13981,2.0,micmac,D,Moyen
plot_13982,2.0,micmac,D,Moyen
plot_13984,2.0,micmac,D,Moyen
plot_13985,2.0,micmac,D,Moyen
plot_13986,2.0,micmac,M,Moyen
plot_13987,2.0,micmac,D,Moyen
plot_13988,2.0,micmac,C,Moyen
plot_13989,2.0,micmac,D,Moyen
plot_13990,2.0,micmac,D,Moyen
plot_13991,2.0,micmac,D,Moyen
plot_13992,2.0,micmac,D,Moyen
plot_13993,2.0,micmac,D,Moyen
plot_13994,2.0,micmac,D,Moyen
plot_13995,2.0,micmac,D,Moyen
plot_13996,2.0,micmac,D,Moyen
plot_13997,2.0,micmac,D,Moyen
plot_13998,2.0,micmac,D,Moyen
plot_13999,2.0,micmac,D,Moyen
plot_14000,2.0,micmac,D,Moyen
plot_14001,2.0,micmac,D,Moyen
plot_14002,2.0,micmac,D,Moyen
plot_14003,2.0,micmac,M,Moyen
plot_14004,2.0,micmac,C,Moyen
plot_14005,2.0,micmac,D,Moyen
plot_14006,2.0,micmac,D,Moyen
plot_14007,2.0,micmac,D,Moyen
plot_14008,2.0,micmac,D,Moyen
plot_14009,2.0,micmac,D,Moyen
plot_14010,2.0,micmac,D,Moyen
plot_14011,2.0,micmac,D,Moyen
plot_14012,2.0,micmac,D,Moyen
plot_14013,2.0,micmac,D,Moyen
plot_14014,2.0,micmac,D,Moyen
plot_14015,2.0,micmac,D,Moyen
plot_14016,2.0,micmac,D,Moyen
plot_14017,2.0,micmac,D,Moyen
plot_14018,2.0,micmac,D,Moyen
plot_14019,2.0,micmac,D,Moyen
plot_14020,2.0,micmac,D,Moyen
plot_14021,2.0,micmac,D,Moyen
plot_14022,2.0,micmac,D,Moyen
plot_14023,2.0,micmac,D,Moyen
plot_14024,2.0,micmac,D,Moyen
plot_14025,2.0,micmac,D,Moyen
plot_14026,2.0,micmac,D,Moyen
plot_14027,1.0,micmac,D,Faible
plot_14028,1.0,micmac,D,Faible
plot_14029,1.0,micmac,D,Faible
plot_14030,1.0,micmac,D,Faible
plot_14031,1.0,micmac,D,Faible
plot_14032,1.0,micmac,D,Faible
plot_14033,1.0,micmac,D,Faible
plot_14034,1.0,micmac,M,Faible
plot_14035,1.0,micmac,D,Faible
plot_14036,1.0,micmac,D,Faible
plot_14037,1.0,micmac,D,Faible
plot_14038,1.0,micmac,D,Faible
plot_14039,1.0,micmac,D,Faible
plot_14040,1.0,micmac,D,Faible
plot_14041,1.0,micmac,D,Faible
plot_14042,1.0,micmac,D,Moyen
plot_14043,1.0,micmac,M,Faible
plot_14044,1.0,micmac,D,Faible
plot_14045,1.0,micmac,C,Moyen
plot_14046,1.0,micmac,D,Moyen
plot_14047,1.0,micmac,D,Moyen
plot_14048,1.0,micmac,D,Faible
plot_14049,1.0,micmac,C,Faible
plot_14050,1.0,micmac,D,Faible
plot_14051,1.0,micmac,M,Moyen
plot_14052,1.0,micmac,D,Moyen
plot_14053,2.0,micmac,D,Moyen
plot_14054,2.0,micmac,D,Moyen
plot_14055,2.0,micmac,D,Moyen
plot_14056,2.0,micmac,D,Moyen
plot_14057,2.0,micmac,D,Moyen
plot_14058,2.0,micmac,D,Moyen
plot_14059,2.0,micmac,D,Moyen
plot_14060,2.0,micmac,D,Moyen
plot_14061,2.0,micmac,D,Moyen
plot_14062,2.0,micmac,D,Moyen
plot_14063,2.0,micmac,D,Moyen
plot_14064,2.0,micmac,D,Moyen
plot_14065,2.0,micmac,D,Moyen
plot_14066,2.0,micmac,D,Moyen
plot_14067,2.0,micmac,D,Moyen
plot_14068,2.0,micmac,D,Moyen
plot_14069,2.0,micmac,D,Moyen
plot_14070,2.0,micmac,D,Moyen
plot_14071,2.0,micmac,M,Moyen
plot_14072,2.0,micmac,D,Moyen
plot_14073,2.0,micmac,D,Moyen
plot_14074,2.0,micmac,D,Moyen
plot_14075,2.0,micmac,D,Moyen
plot_14076,2.0,micmac,D,Moyen
plot_14078,2.0,micmac,D,Moyen
plot_14079,2.0,micmac,D,Moyen
plot_14080,2.0,micmac,D,Moyen
plot_14081,2.0,micmac,D,Moyen
plot_14082,2.0,micmac,D,Moyen
plot_14083,2.0,micmac,D,Moyen
plot_14084,2.0,micmac,C,Moyen
plot_14085,2.0,micmac,D,Moyen
plot_14086,2.0,micmac,D,Moyen
plot_14087,2.0,micmac,D,Moyen
plot_14088,2.0,micmac,D,Moyen
plot_14089,2.0,micmac,D,Moyen
plot_14090,2.0,micmac,D,Moyen
plot_14091,2.0,micmac,D,Moyen
plot_14092,2.0,micmac,D,Moyen
plot_14093,2.0,micmac,D,Moyen
plot_14094,2.0,micmac,D,Moyen
plot_14095,2.0,micmac,D,Moyen
plot_14096,2.0,micmac,D,Moyen
plot_14097,2.0,micmac,D,Moyen
plot_14098,2.0,micmac,D,Moyen
plot_14099,2.0,micmac,D,Moyen
plot_14100,2.0,micmac,D,Moyen
plot_14101,2.0,micmac,D,Moyen
plot_14102,2.0,micmac,M,Moyen
plot_14103,2.0,micmac,D,Moyen
plot_14104,2.0,micmac,D,Moyen
plot_14105,2.0,micmac,D,Moyen
plot_14106,2.0,micmac,D,Moyen
plot_14107,2.0,micmac,D,Moyen
plot_14108,2.0,micmac,D,Moyen
plot_14109,2.0,micmac,D,Moyen
plot_14110,2.0,micmac,D,Moyen
plot_14111,2.0,micmac,D,Moyen
plot_14112,2.0,micmac,D,Moyen
plot_14113,2.0,micmac,D,Moyen
plot_14114,3.0,micmac,D,Moyen
plot_14115,2.0,micmac,D,Moyen
plot_14116,2.0,micmac,D,Moyen
plot_14117,3.0,micmac,M,Moyen
plot_14118,3.0,micmac,C,Moyen
plot_14119,3.0,micmac,C,Moyen
plot_14120,3.0,micmac,C,Moyen
plot_14121,3.0,micmac,C,Élevé
plot_14122,2.0,micmac,D,Moyen
plot_14123,2.0,micmac,D,Faible
plot_14124,2.0,micmac,D,Faible
plot_14125,1.0,micmac,D,Moyen
plot_14126,2.0,micmac,D,Moyen
plot_14127,1.0,micmac,D,Faible
plot_14128,1.0,micmac,M,Faible
plot_14129,2.0,micmac,D,Faible
plot_14130,1.0,micmac,D,Moyen
plot_14131,1.0,micmac,D,Moyen
plot_14132,1.0,micmac,D,Moyen
plot_14133,2.0,micmac,D,Moyen
plot_14134,1.0,micmac,D,Moyen
plot_14135,2.0,micmac,D,Moyen
plot_14136,2.0,micmac,D,Moyen
plot_14137,2.0,micmac,D,Moyen
plot_14138,1.0,micmac,D,Moyen
plot_14139,1.0,micmac,D,Moyen
plot_14140,1.0,micmac,D,Faible
plot_14141,1.0,micmac,D,Faible
plot_14142,1.0,micmac,D,Faible
plot_14143,1.0,micmac,M,Faible
plot_14144,2.0,micmac,D,Moyen
plot_14145,2.0,micmac,D,Moyen
plot_14146,1.0,micmac,D,Moyen
plot_14147,1.0,micmac,D,Faible
plot_14148,2.0,micmac,M,Moyen
plot_14149,2.0,micmac,D,Moyen
plot_14150,2.0,micmac,D,Moyen
plot_14151,2.0,micmac,D,Moyen
plot_14152,1.0,micmac,D,Moyen
plot_14153,2.0,micmac,D,Moyen
plot_14154,2.0,micmac,D,Moyen
plot_14155,2.0,micmac,D,Moyen
plot_14156,2.0,micmac,D,Moyen
plot_14157,2.0,micmac,C,Moyen
plot_14158,2.0,micmac,D,Moyen
plot_14159,2.0,micmac,D,Moyen
plot_14160,2.0,micmac,D,Moyen
plot_14161,2.0,micmac,D,Moyen
plot_14162,2.0,micmac,D,Moyen
plot_14163,2.0,micmac,D,Moyen
plot_14164,2.0,micmac,D,Moyen
plot_14165,2.0,micmac,D,Moyen
plot_14166,2.0,micmac,D,Moyen
plot_14167,2.0,micmac,D,Moyen
plot_14168,2.0,micmac,D,Moyen
plot_14169,2.0,micmac,D,Moyen
plot_14170,2.0,micmac,M,Moyen
plot_14171,2.0,micmac,D,Moyen
plot_14172,2.0,micmac,D,Moyen
plot_14173,2.0,micmac,D,Moyen
plot_14174,2.0,micmac,D,Moyen
plot_14175,2.0,micmac,D,Moyen
plot_14176,2.0,micmac,D,Moyen
plot_14177,2.0,micmac,D,Moyen
plot_14178,2.0,micmac,D,Moyen
plot_14179,2.0,micmac,D,Moyen
plot_14180,2.0,micmac,D,Moyen
plot_14181,2.0,micmac,C,Moyen
plot_14182,2.0,micmac,M,Moyen
plot_14183,2.0,micmac,D,Moyen
plot_14184,2.0,micmac,D,Moyen
plot_14185,2.0,micmac,D,Moyen
plot_14186,2.0,micmac,D,Moyen
plot_14187,2.0,micmac,D,Moyen
plot_14188,2.0,micmac,D,Moyen
plot_14189,2.0,micmac,D,Moyen
plot_14190,2.0,micmac,D,Moyen
plot_14191,2.0,micmac,D,Moyen
plot_14192,2.0,micmac,D,Moyen
plot_14193,2.0,micmac,D,Moyen
plot_14194,2.0,micmac,D,Moyen
plot_14195,2.0,micmac,D,Moyen
plot_14196,2.0,micmac,D,Moyen
plot_14197,2.0,micmac,D,Moyen
plot_14198,2.0,micmac,D,Moyen
plot_14199,2.0,micmac,D,Moyen
plot_14200,2.0,micmac,D,Moyen
plot_14201,2.0,micmac,D,Moyen
plot_14202,2.0,micmac,D,Moyen
plot_14203,2.0,micmac,D,Moyen
plot_14204,2.0,micmac,D,Moyen
plot_14205,2.0,micmac,D,Moyen
plot_14206,2.0,micmac,D,Moyen
plot_14207,2.0,micmac,D,Moyen
plot_14208,2.0,micmac,D,Moyen
plot_14209,2.0,micmac,M,Moyen
plot_14210,2.0,micmac,D,Moyen
plot_14211,2.0,micmac,D,Moyen
plot_14212,1.0,micmac,M,Faible
plot_14213,1.0,micmac,D,Faible
plot_14214,1.0,micmac,D,Faible
plot_14215,1.0,micmac,D,Faible
plot_14216,1.0,micmac,D,Faible
plot_14217,1.0,micmac,D,Faible
plot_14218,1.0,micmac,M,Faible
plot_14219,1.0,micmac,C,Faible
plot_14220,1.0,micmac,D,Faible
plot_14221,1.0,micmac,D,Faible
plot_14222,1.0,micmac,D,Faible
plot_14223,1.0,micmac,D,Faible
plot_14224,1.0,micmac,C,Faible
plot_14225,1.0,micmac,D,Moyen
plot_14226,1.0,micmac,D,Faible
plot_14227,1.0,micmac,D,Moyen
plot_14228,1.0,micmac,D,Faible
plot_14229,1.0,micmac,D,Faible
plot_14230,1.0,micmac,D,Faible
plot_14231,1.0,micmac,D,Faible
plot_14232,1.0,micmac,D,Faible
plot_14233,1.0,micmac,D,Faible
plot_14234,1.0,micmac,D,Faible
plot_14235,1.0,micmac,D,Faible
plot_14236,1.0,micmac,D,Faible
plot_14237,1.0,micmac,D,Faible
plot_14238,1.0,micmac,M,Faible
plot_14239,1.0,micmac,D,Faible
plot_14240,1.0,micmac,D,Faible
plot_14241,1.0,micmac,M,Faible
plot_14242,1.0,micmac,D,Faible
plot_14243,1.0,micmac,D,Faible
plot_14244,1.0,micmac,C,Faible
plot_14245,1.0,micmac,C,Faible
plot_14246,1.0,micmac,D,Faible
plot_14247,1.0,micmac,D,Faible
plot_14248,1.0,micmac,M,Faible
plot_14249,1.0,micmac,D,Faible
plot_14250,1.0,micmac,D,Faible
plot_14251,1.0,micmac,C,Faible
plot_14252,1.0,micmac,M,Faible
plot_14253,1.0,micmac,D,Faible
plot_14254,1.0,micmac,D,Faible
plot_14255,1.0,micmac,D,Faible
plot_14256,1.0,micmac,D,Faible
plot_14257,1.0,micmac,D,Faible
plot_14258,1.0,micmac,D,Faible
plot_14259,1.0,micmac,D,Faible
plot_14260,1.0,micmac,D,Faible
plot_14261,1.0,micmac,D,Faible
plot_14262,1.0,micmac,C,Faible
plot_14263,1.0,micmac,D,Faible
plot_14264,1.0,micmac,D,Faible
plot_14265,1.0,micmac,D,Faible
plot_14266,1.0,micmac,D,Faible
plot_14267,1.0,micmac,D,Faible
plot_14268,1.0,micmac,M,Faible
plot_14269,1.0,micmac,D,Faible
plot_14270,1.0,micmac,D,Faible
plot_14271,1.0,micmac,C,Faible
plot_14272,1.0,micmac,M,Faible
plot_14273,1.0,micmac,D,Faible
plot_14274,1.0,micmac,D,Faible
plot_14275,1.0,micmac,D,Faible
plot_14276,1.0,micmac,D,Faible
plot_14277,1.0,micmac,D,Faible
plot_14278,1.0,micmac,D,Faible
plot_14279,1.0,micmac,D,Faible
plot_14280,1.0,micmac,D,Faible
plot_14281,1.0,micmac,D,Faible
plot_14282,1.0,micmac,D,Faible
plot_14283,1.0,micmac,D,Faible
plot_14284,1.0,micmac,M,Faible
plot_14285,1.0,micmac,C,Faible
plot_14286,1.0,micmac,D,Faible
plot_14287,1.0,micmac,D,Faible
plot_14288,2.0,micmac,D,Moyen
plot_14289,2.0,micmac,D,Moyen
plot_14290,2.0,micmac,D,Moyen
plot_14291,2.0,micmac,D,Moyen
plot_14292,2.0,micmac,D,Moyen
plot_14293,2.0,micmac,D,Moyen
plot_14294,2.0,micmac,D,Moyen
plot_14295,2.0,micmac,D,Moyen
plot_14296,2.0,micmac,D,Faible
plot_14297,2.0,micmac,D,Moyen
plot_14298,2.0,micmac,D,Moyen
plot_14299,2.0,micmac,M,Faible
plot_14300,2.0,micmac,D,Moyen
plot_14301,2.0,micmac,M,Moyen
plot_14302,2.0,micmac,D,Moyen
plot_14303,2.0,micmac,D,Moyen
plot_14304,2.0,micmac,D,Moyen
plot_14305,2.0,micmac,D,Moyen
plot_14306,2.0,micmac,D,Moyen
plot_14307,2.0,micmac,D,Faible
plot_14308,2.0,micmac,D,Moyen
plot_14309,2.0,micmac,D,Moyen
plot_14310,2.0,micmac,D,Moyen
plot_14311,2.0,micmac,D,Moyen
plot_14312,2.0,micmac,D,Moyen
plot_14313,2.0,micmac,D,Moyen
plot_14314,2.0,micmac,D,Moyen
plot_14315,2.0,micmac,D,Moyen
plot_14316,2.0,micmac,D,Moyen
plot_14317,2.0,micmac,C,Moyen
plot_14318,2.0,micmac,D,Moyen
plot_14319,2.0,micmac,M,Moyen
plot_14320,2.0,micmac,D,Moyen
plot_14321,2.0,micmac,C,Moyen
plot_14322,2.0,micmac,D,Moyen
plot_14323,2.0,micmac,D,Moyen
plot_14324,2.0,micmac,D,Moyen
plot_14325,2.0,micmac,D,Moyen
plot_14326,2.0,micmac,D,Moyen
plot_14327,2.0,micmac,D,Moyen
plot_14328,2.0,micmac,D,Moyen
plot_14329,2.0,micmac,D,Moyen
plot_14330,2.0,micmac,D,Moyen
plot_14331,2.0,micmac,D,Moyen
plot_14332,2.0,micmac,D,Moyen
plot_14333,2.0,micmac,D,Moyen
plot_14334,2.0,micmac,D,Moyen
plot_14335,2.0,micmac,M,Moyen
plot_14336,2.0,micmac,D,Moyen
plot_14337,2.0,micmac,D,Moyen
plot_14338,2.0,micmac,D,Moyen
plot_14339,2.0,micmac,D,Moyen
plot_14340,2.0,micmac,D,Moyen
plot_14341,2.0,micmac,D,Moyen
plot_14342,2.0,micmac,D,Moyen
plot_14343,2.0,micmac,M,Moyen
plot_14344,2.0,micmac,D,Moyen
plot_14345,3.0,micmac,M,Moyen
plot_14346,2.0,micmac,D,Moyen
plot_14347,2.0,micmac,D,Moyen
plot_14348,2.0,micmac,D,Moyen
plot_14349,3.0,micmac,D,Moyen
plot_14350,3.0,micmac,C,Moyen
plot_14351,3.0,micmac,C,Moyen
plot_14352,3.0,micmac,D,Moyen
plot_14353,2.0,micmac,D,Moyen
plot_14354,3.0,micmac,C,Élevé
plot_14355,3.0,micmac,C,Moyen
plot_14356,3.0,micmac,M,Moyen
plot_14357,3.0,micmac,D,Moyen
plot_14358,3.0,micmac,D,Moyen
plot_14359,3.0,micmac,M,Moyen
plot_14360,3.0,micmac,C,Élevé
plot_14361,3.0,micmac,C,Moyen
plot_14362,3.0,micmac,D,Moyen
plot_14363,3.0,micmac,D,Moyen
plot_14364,1.0,ultramap,D,Faible
plot_14365,1.0,ultramap,D,Moyen
plot_14366,1.0,ultramap,D,Faible
plot_14367,1.0,ultramap,D,Faible
plot_14368,1.0,ultramap,D,Moyen
plot_14369,1.0,ultramap,D,Moyen
plot_14370,1.0,ultramap,D,Moyen
plot_14371,2.0,ultramap,D,Faible
plot_14372,2.0,ultramap,C,Moyen
plot_14373,2.0,ultramap,D,Moyen
plot_14374,2.0,ultramap,C,Moyen
plot_14375,2.0,ultramap,D,Faible
plot_14376,2.0,ultramap,D,Faible
plot_14377,2.0,ultramap,D,Moyen
plot_14378,2.0,ultramap,D,Moyen
plot_14379,2.0,ultramap,D,Moyen
plot_14380,2.0,ultramap,D,Moyen
plot_14381,2.0,ultramap,D,Moyen
plot_14382,2.0,ultramap,D,Moyen
plot_14383,2.0,ultramap,D,Moyen
plot_14384,2.0,ultramap,D,Moyen
plot_14385,2.0,ultramap,D,Moyen
plot_14386,2.0,ultramap,D,Moyen
plot_14387,2.0,ultramap,D,Moyen
plot_14388,2.0,ultramap,D,Moyen
plot_14389,2.0,ultramap,D,Moyen
plot_14390,2.0,ultramap,D,Moyen
plot_14391,2.0,ultramap,M,Moyen
plot_14392,2.0,ultramap,D,Faible
plot_14393,2.0,ultramap,D,Moyen
plot_14394,2.0,ultramap,D,Moyen
plot_14395,2.0,ultramap,D,Moyen
plot_14396,2.0,ultramap,D,Moyen
plot_14397,2.0,ultramap,D,Moyen
plot_14398,2.0,ultramap,D,Moyen
plot_14399,2.0,ultramap,D,Moyen
plot_14400,2.0,ultramap,D,Moyen
plot_14401,2.0,ultramap,D,Moyen
plot_14402,2.0,ultramap,D,Moyen
plot_14403,2.0,ultramap,D,Moyen
plot_14404,2.0,ultramap,D,Moyen
plot_14405,2.0,ultramap,D,Moyen
plot_14406,2.0,ultramap,M,Moyen
plot_14407,2.0,ultramap,D,Moyen
plot_14408,2.0,ultramap,D,Moyen
plot_14409,2.0,ultramap,D,Faible
plot_14410,2.0,ultramap,D,Moyen
plot_14411,2.0,ultramap,D,Moyen
plot_14412,2.0,ultramap,D,Moyen
plot_14413,2.0,ultramap,D,Moyen
plot_14414,2.0,ultramap,D,Moyen
plot_14415,2.0,ultramap,D,Faible
plot_14416,2.0,ultramap,D,Moyen
plot_14417,2.0,ultramap,D,Moyen
plot_14418,2.0,ultramap,D,Moyen
plot_14419,2.0,ultramap,D,Moyen
plot_14420,2.0,ultramap,D,Moyen
plot_14421,2.0,ultramap,D,Moyen
plot_14422,2.0,ultramap,D,Moyen
plot_14423,2.0,ultramap,D,Moyen
plot_14424,2.0,ultramap,D,Moyen
plot_14425,2.0,ultramap,D,Moyen
plot_14426,2.0,ultramap,D,Moyen
plot_14427,3.0,ultramap,M,Moyen
plot_14428,3.0,ultramap,M,Moyen
plot_14429,2.0,ultramap,D,Moyen
plot_14430,2.0,ultramap,D,Moyen
plot_14431,2.0,ultramap,D,Moyen
plot_14432,2.0,ultramap,D,Moyen
plot_14433,3.0,ultramap,M,Élevé
plot_14434,3.0,ultramap,M,Moyen
plot_14435,2.0,ultramap,D,Moyen
plot_14436,3.0,ultramap,M,Moyen
plot_14437,3.0,ultramap,M,Moyen
plot_14438,3.0,ultramap,D,Moyen
plot_14439,2.0,ultramap,D,Moyen
plot_14440,3.0,ultramap,D,Moyen
plot_14441,3.0,ultramap,D,Élevé
plot_14442,3.0,ultramap,D,Moyen
plot_14443,3.0,ultramap,D,Moyen
plot_14444,3.0,ultramap,D,Moyen
plot_14445,2.0,ultramap,D,Moyen
plot_14446,3.0,ultramap,M,Élevé
plot_14447,3.0,ultramap,D,Moyen
plot_14448,2.0,ultramap,C,Moyen
plot_14449,2.0,ultramap,D,Moyen
plot_14450,3.0,ultramap,C,Élevé
plot_14451,3.0,ultramap,D,Moyen
plot_14452,3.0,ultramap,D,Moyen
plot_14453,3.0,ultramap,D,Moyen
plot_14454,3.0,ultramap,D,Élevé
plot_14455,3.0,ultramap,D,Élevé
plot_14456,3.0,ultramap,C,Élevé
plot_14457,3.0,ultramap,C,Moyen
plot_14458,2.0,ultramap,D,Moyen
plot_14459,3.0,ultramap,M,Élevé
plot_14460,2.0,ultramap,M,Moyen
plot_14461,3.0,ultramap,M,Élevé
plot_14462,3.0,ultramap,D,Élevé
plot_14463,3.0,ultramap,D,Élevé
plot_14464,1.0,micmac,D,Faible
plot_14465,1.0,micmac,D,Faible
plot_14466,1.0,micmac,D,Faible
plot_14467,1.0,micmac,M,Faible
plot_14468,1.0,micmac,D,Faible
plot_14469,1.0,micmac,D,Faible
plot_14470,1.0,micmac,M,Faible
plot_14471,1.0,micmac,M,Faible
plot_14472,1.0,micmac,D,Faible
plot_14473,1.0,micmac,D,Faible
plot_14474,1.0,micmac,D,Faible
plot_14475,1.0,micmac,D,Faible
plot_14476,1.0,micmac,D,Faible
plot_14477,1.0,micmac,D,Faible
plot_14478,1.0,micmac,D,Faible
plot_14479,1.0,micmac,D,Faible
plot_14480,1.0,micmac,D,Faible
plot_14481,1.0,micmac,D,Faible
plot_14482,1.0,micmac,M,Moyen
plot_14483,1.0,micmac,D,Moyen
plot_14484,1.0,micmac,D,Moyen
plot_14485,1.0,micmac,D,Faible
plot_14486,1.0,micmac,D,Moyen
plot_14487,1.0,micmac,D,Faible
plot_14488,1.0,micmac,D,Faible
plot_14489,1.0,micmac,D,Faible
plot_14490,1.0,micmac,D,Faible
plot_14491,1.0,micmac,D,Faible
plot_14492,1.0,micmac,D,Faible
plot_14493,1.0,micmac,D,Moyen
plot_14494,1.0,micmac,D,Faible
plot_14495,1.0,micmac,D,Faible
plot_14496,1.0,micmac,D,Faible
plot_14497,1.0,micmac,D,Faible
plot_14498,1.0,micmac,D,Faible
plot_14499,1.0,micmac,D,Faible
plot_14500,1.0,micmac,D,Faible
plot_14501,1.0,micmac,D,Faible
plot_14502,1.0,micmac,D,Faible
plot_14503,1.0,micmac,D,Faible
plot_14504,1.0,micmac,D,Faible
plot_14505,1.0,micmac,D,Faible
plot_14506,1.0,micmac,D,Faible
plot_14507,1.0,micmac,D,Faible
plot_14508,1.0,micmac,C,Faible
plot_14509,1.0,micmac,D,Faible
plot_14510,1.0,micmac,D,Faible
plot_14511,1.0,micmac,D,Faible
plot_14512,1.0,micmac,D,Faible
plot_14513,1.0,micmac,D,Faible
plot_14514,1.0,micmac,D,Faible
plot_14515,1.0,micmac,D,Faible
plot_14516,1.0,micmac,C,Faible
plot_14517,1.0,micmac,M,Faible
plot_14518,1.0,micmac,C,Faible
plot_14519,1.0,micmac,D,Faible
plot_14520,1.0,micmac,C,Faible
plot_14521,1.0,micmac,D,Faible
plot_14522,1.0,micmac,D,Faible
plot_14523,1.0,micmac,D,Faible
plot_14524,1.0,micmac,D,Faible
plot_14525,1.0,micmac,D,Faible
plot_14526,1.0,micmac,D,Faible
plot_14527,1.0,micmac,D,Faible
plot_14528,1.0,micmac,D,Faible
plot_14529,1.0,micmac,D,Faible
plot_14530,1.0,micmac,D,Faible
plot_14531,1.0,micmac,D,Faible
plot_14532,1.0,micmac,D,Faible
plot_14533,1.0,micmac,D,Faible
plot_14534,1.0,micmac,D,Faible
plot_14535,1.0,micmac,D,Faible
plot_14536,1.0,micmac,D,Faible
plot_14537,1.0,micmac,D,Faible
plot_14538,1.0,micmac,D,Faible
plot_14539,1.0,micmac,D,Faible
plot_14540,1.0,micmac,D,Faible
plot_14541,1.0,micmac,D,Faible
plot_14542,1.0,ultramap,C,Faible
plot_14543,1.0,ultramap,M,Moyen
plot_14544,1.0,ultramap,C,Moyen
plot_14545,1.0,ultramap,M,Moyen
plot_14546,1.0,ultramap,C,Faible
plot_14547,1.0,ultramap,D,Moyen
plot_14548,1.0,ultramap,D,Moyen
plot_14549,1.0,ultramap,D,Moyen
plot_14550,1.0,ultramap,C,Moyen
plot_14551,1.0,ultramap,D,Faible
plot_14552,1.0,ultramap,C,Moyen
plot_14553,1.0,ultramap,C,Moyen
plot_14554,1.0,ultramap,D,Faible
plot_14555,1.0,ultramap,D,Faible
plot_14556,1.0,ultramap,D,Faible
plot_14557,1.0,ultramap,M,Moyen
plot_14558,1.0,ultramap,D,Faible
plot_14559,1.0,ultramap,C,Moyen
plot_14560,1.0,ultramap,C,Moyen
plot_14561,1.0,ultramap,D,Moyen
plot_14562,1.0,ultramap,D,Faible
plot_14563,1.0,ultramap,D,Faible
plot_14564,1.0,ultramap,C,Moyen
plot_14565,1.0,ultramap,C,Moyen
plot_14566,1.0,ultramap,D,Moyen
plot_14567,1.0,ultramap,D,Moyen
plot_14568,1.0,ultramap,D,Moyen
plot_14569,1.0,ultramap,M,Moyen
plot_14570,1.0,ultramap,D,Moyen
plot_14571,1.0,ultramap,D,Moyen
plot_14572,1.0,ultramap,D,Moyen
plot_14573,1.0,ultramap,M,Moyen
plot_14574,1.0,ultramap,M,Moyen
plot_14575,1.0,micmac,D,Faible
plot_14576,1.0,ultramap,D,Moyen
plot_14577,1.0,ultramap,D,Faible
plot_14578,1.0,ultramap,D,Faible
plot_14579,1.0,ultramap,D,Faible
plot_14580,1.0,micmac,M,Faible
plot_14581,1.0,micmac,D,Faible
plot_14582,1.0,micmac,D,Faible
plot_14583,1.0,micmac,D,Faible
plot_14584,1.0,micmac,D,Faible
plot_14585,1.0,micmac,D,Faible
plot_14586,1.0,micmac,D,Faible
plot_14587,1.0,micmac,D,Faible
plot_14588,1.0,micmac,D,Faible
plot_14589,1.0,micmac,D,Faible
plot_14590,1.0,micmac,D,Faible
plot_14591,1.0,micmac,D,Faible
plot_14592,1.0,micmac,D,Faible
plot_14593,1.0,micmac,D,Faible
plot_14594,1.0,micmac,D,Faible
plot_14595,1.0,micmac,D,Faible
plot_14596,1.0,micmac,D,Faible
plot_14597,1.0,micmac,D,Faible
plot_14598,1.0,micmac,D,Faible
plot_14599,1.0,micmac,D,Faible
plot_14600,1.0,micmac,D,Faible
plot_14601,2.0,micmac,M,Élevé
plot_14602,2.0,micmac,C,Élevé
plot_14603,2.0,micmac,D,Élevé
plot_14604,2.0,micmac,D,Élevé
plot_14605,2.0,micmac,D,Élevé
plot_14606,2.0,micmac,C,Élevé
plot_14607,2.0,micmac,C,Élevé
plot_14608,2.0,micmac,D,Élevé
plot_14609,2.0,micmac,C,Moyen
plot_14610,2.0,micmac,C,Élevé
plot_14611,2.0,micmac,M,Élevé
plot_14612,2.0,micmac,D,Élevé
plot_14613,2.0,micmac,D,Élevé
plot_14614,2.0,micmac,D,Élevé
plot_14615,2.0,micmac,D,Élevé
plot_14616,2.0,micmac,D,Élevé
plot_14617,2.0,micmac,D,Élevé
plot_14618,2.0,micmac,C,Élevé
plot_14619,2.0,micmac,D,Élevé
plot_14620,2.0,micmac,D,Élevé
plot_14621,3.0,micmac,C,Élevé
plot_14622,2.0,micmac,D,Moyen
plot_14623,2.0,micmac,M,Élevé
plot_14624,3.0,micmac,D,Élevé
plot_14625,2.0,micmac,D,Élevé
plot_14626,2.0,micmac,C,Élevé
plot_14627,3.0,micmac,M,Élevé
plot_14628,3.0,micmac,D,Élevé
plot_14629,3.0,micmac,D,Élevé
plot_14630,2.0,micmac,D,Élevé
plot_14631,2.0,micmac,M,Élevé
plot_14632,3.0,micmac,C,Élevé
plot_14633,3.0,micmac,C,Élevé
plot_14634,3.0,micmac,D,Élevé
plot_14635,3.0,micmac,M,Élevé
plot_14636,2.0,micmac,D,Élevé
plot_14637,3.0,micmac,D,Élevé
plot_14638,3.0,micmac,C,Élevé
plot_14639,3.0,micmac,D,Élevé
plot_14640,3.0,micmac,C,Élevé
plot_14641,3.0,micmac,D,Élevé
plot_14642,3.0,micmac,D,Élevé
plot_14643,3.0,micmac,M,Élevé
plot_14644,3.0,micmac,D,Élevé
plot_14645,3.0,micmac,D,Élevé
plot_14646,3.0,micmac,D,Élevé
plot_14647,2.0,micmac,D,Élevé
plot_14648,2.0,micmac,D,Moyen
plot_14649,2.0,micmac,D,Élevé
plot_14650,2.0,micmac,D,Élevé
plot_14651,2.0,micmac,D,Moyen
plot_14652,3.0,micmac,M,Élevé
plot_14653,2.0,micmac,D,Moyen
plot_14654,2.0,micmac,D,Élevé
plot_14655,2.0,micmac,D,Moyen
plot_14656,2.0,micmac,D,Moyen
plot_14657,2.0,micmac,D,Élevé
plot_14658,2.0,micmac,D,Élevé
plot_14659,2.0,micmac,D,Élevé
plot_14660,2.0,micmac,M,Moyen
plot_14661,3.0,micmac,D,Élevé
plot_14662,3.0,micmac,D,Élevé
plot_14663,3.0,micmac,C,Moyen
plot_14664,2.0,micmac,D,Moyen
plot_14665,3.0,micmac,D,Élevé
plot_14666,2.0,micmac,M,Moyen
plot_14667,2.0,micmac,D,Moyen
plot_14668,3.0,micmac,D,Élevé
plot_14669,2.0,micmac,M,Élevé
plot_14670,3.0,micmac,C,Élevé
plot_14671,3.0,micmac,C,Élevé
plot_14672,2.0,micmac,M,Moyen
plot_14673,3.0,micmac,M,Moyen
plot_14674,3.0,micmac,D,Élevé
plot_14675,2.0,micmac,M,Élevé
plot_14676,2.0,micmac,D,Élevé
plot_14677,3.0,micmac,D,Élevé
plot_14678,3.0,micmac,D,Élevé
plot_14679,3.0,micmac,M,Élevé
plot_14680,2.0,micmac,M,Élevé
plot_14681,3.0,micmac,M,Élevé
plot_14682,3.0,micmac,C,Élevé
plot_14683,3.0,micmac,C,Élevé
plot_14684,3.0,micmac,C,Élevé
plot_14685,3.0,micmac,C,Élevé
plot_14686,3.0,micmac,D,Élevé
plot_14687,3.0,micmac,C,Élevé
plot_14688,3.0,micmac,C,Élevé
plot_14689,3.0,micmac,C,Élevé
plot_14690,3.0,micmac,C,Élevé
plot_14691,3.0,micmac,C,Élevé
plot_14692,3.0,micmac,C,Élevé
plot_14693,3.0,micmac,C,Élevé
plot_14694,3.0,micmac,M,Élevé
plot_14695,3.0,micmac,C,Élevé
plot_14696,3.0,micmac,C,Élevé
plot_14697,3.0,micmac,C,Élevé
plot_14698,3.0,micmac,C,Élevé
plot_14699,3.0,micmac,C,Élevé
plot_14700,3.0,micmac,C,Élevé
plot_14701,3.0,micmac,C,Élevé
plot_14702,3.0,micmac,C,Élevé
plot_14703,3.0,micmac,M,Élevé
plot_14704,3.0,micmac,M,Élevé
plot_14705,3.0,micmac,C,Élevé
plot_14706,3.0,micmac,C,Élevé
plot_14707,2.0,micmac,D,Faible
plot_14708,2.0,micmac,D,Faible
plot_14709,2.0,micmac,D,Faible
plot_14710,2.0,micmac,D,Faible
plot_14711,2.0,micmac,D,Faible
plot_14712,2.0,micmac,D,Faible
plot_14713,2.0,micmac,D,Faible
plot_14714,2.0,micmac,D,Faible
plot_14715,2.0,micmac,D,Faible
plot_14716,3.0,micmac,D,Moyen
plot_14717,2.0,micmac,D,Faible
plot_14718,2.0,micmac,D,Faible
plot_14719,3.0,micmac,D,Moyen
plot_14720,2.0,micmac,D,Faible
plot_14721,2.0,micmac,D,Faible
plot_14722,3.0,micmac,D,Élevé
plot_14723,2.0,micmac,D,Faible
plot_14724,3.0,micmac,D,Moyen
plot_14725,3.0,micmac,D,Élevé
plot_14726,2.0,micmac,D,Faible
plot_14727,2.0,micmac,D,Moyen
plot_14728,3.0,micmac,D,Moyen
plot_14729,3.0,micmac,D,Élevé
plot_14730,2.0,micmac,D,Faible
plot_14731,3.0,micmac,D,Moyen
plot_14732,2.0,micmac,D,Faible
plot_14733,3.0,micmac,D,Élevé
plot_14734,2.0,micmac,D,Faible
plot_14735,2.0,micmac,D,Faible
plot_14736,2.0,micmac,D,Faible
plot_14737,2.0,micmac,D,Moyen
plot_14738,3.0,micmac,D,Élevé
plot_14739,2.0,micmac,D,Faible
plot_14740,2.0,micmac,D,Moyen
plot_14741,2.0,micmac,D,Faible
plot_14742,2.0,micmac,D,Moyen
plot_14743,3.0,micmac,D,Élevé
plot_14744,2.0,micmac,D,Faible
plot_14745,2.0,micmac,D,Moyen
plot_14746,2.0,micmac,D,Moyen
plot_14747,2.0,micmac,D,Moyen
plot_14748,3.0,micmac,D,Élevé
plot_14749,2.0,micmac,D,Faible
plot_14750,2.0,micmac,D,Faible
plot_14751,2.0,micmac,D,Moyen
plot_14752,2.0,micmac,D,Faible
plot_14753,2.0,micmac,D,Faible
plot_14754,2.0,micmac,D,Moyen
plot_14755,2.0,micmac,D,Faible
plot_14756,2.0,micmac,D,Faible
plot_14757,3.0,micmac,D,Élevé
plot_14758,2.0,micmac,C,Moyen
plot_14759,3.0,micmac,D,Élevé
plot_14760,3.0,micmac,D,Élevé
plot_14761,2.0,micmac,D,Moyen
plot_14762,3.0,micmac,M,Élevé
plot_14763,2.0,micmac,D,Moyen
plot_14764,2.0,micmac,D,Faible
plot_14765,2.0,micmac,D,Moyen
plot_14766,3.0,micmac,D,Élevé
plot_14767,2.0,micmac,D,Faible
plot_14768,2.0,micmac,D,Moyen
plot_14769,2.0,micmac,D,Moyen
plot_14770,2.0,micmac,D,Moyen
plot_14771,3.0,micmac,D,Moyen
plot_14772,2.0,micmac,D,Moyen
plot_14773,3.0,micmac,C,Élevé
plot_14774,2.0,micmac,D,Moyen
plot_14775,2.0,micmac,D,Moyen
plot_14776,3.0,micmac,D,Élevé
plot_14777,3.0,micmac,C,Élevé
plot_14778,3.0,micmac,M,Élevé
plot_14779,3.0,micmac,C,Élevé
plot_14780,3.0,micmac,D,Élevé
plot_14781,2.0,micmac,D,Moyen
plot_14782,2.0,micmac,D,Moyen
plot_14783,2.0,micmac,D,Moyen
plot_14784,3.0,micmac,D,Élevé
plot_14785,2.0,micmac,D,Moyen
plot_14786,2.0,micmac,D,Moyen
plot_14787,3.0,micmac,C,Élevé
plot_14788,2.0,micmac,D,Moyen
plot_14789,3.0,micmac,D,Élevé
plot_14790,2.0,micmac,D,Faible
plot_14791,2.0,micmac,D,Moyen
plot_14792,2.0,micmac,C,Moyen
plot_14793,2.0,micmac,D,Moyen
plot_14794,2.0,micmac,D,Moyen
plot_14795,3.0,micmac,D,Élevé
plot_14796,3.0,micmac,D,Élevé
plot_14797,3.0,micmac,D,Élevé
plot_14798,3.0,micmac,D,Élevé
plot_14799,3.0,micmac,M,Élevé
plot_14800,3.0,micmac,C,Élevé
plot_14801,2.0,micmac,D,Moyen
plot_14802,2.0,micmac,D,Moyen
plot_14803,3.0,micmac,D,Élevé
plot_14804,2.0,micmac,D,Moyen
plot_14805,3.0,micmac,M,Élevé
plot_14806,2.0,micmac,D,Moyen
plot_14807,2.0,micmac,D,Moyen
plot_14808,2.0,micmac,D,Moyen
plot_14809,2.0,micmac,M,Moyen
plot_14810,2.0,micmac,D,Moyen
plot_14811,2.0,micmac,D,Moyen
plot_14812,3.0,micmac,D,Élevé
plot_14813,2.0,micmac,D,Élevé
plot_14814,2.0,micmac,D,Moyen
plot_14815,2.0,micmac,D,Élevé
plot_14816,2.0,micmac,C,Élevé
plot_14817,3.0,micmac,D,Élevé
plot_14818,3.0,micmac,C,Élevé
plot_14819,3.0,micmac,D,Élevé
plot_14820,3.0,micmac,M,Élevé
plot_14821,3.0,micmac,D,Élevé
plot_14822,3.0,micmac,D,Élevé
plot_14823,3.0,micmac,D,Élevé
plot_14824,2.0,micmac,D,Élevé
plot_14825,3.0,micmac,D,Élevé
plot_14826,3.0,micmac,D,Élevé
plot_14827,2.0,micmac,D,Moyen
plot_14828,3.0,micmac,D,Élevé
plot_14829,3.0,micmac,C,Élevé
plot_14830,3.0,micmac,C,Élevé
plot_14831,3.0,micmac,C,Élevé
plot_14832,3.0,micmac,D,Élevé
plot_14833,3.0,micmac,M,Élevé
plot_14834,3.0,micmac,D,Élevé
plot_14835,3.0,micmac,D,Élevé
plot_14836,3.0,micmac,C,Élevé
plot_14837,3.0,micmac,C,Élevé
plot_14838,3.0,micmac,C,Élevé
plot_14839,3.0,micmac,D,Élevé
plot_14840,3.0,micmac,C,Élevé
plot_14841,2.0,micmac,D,Moyen
plot_14842,3.0,micmac,C,Élevé
plot_14843,3.0,micmac,M,Élevé
plot_14844,3.0,micmac,M,Élevé
plot_14845,2.0,micmac,D,Moyen
plot_14846,3.0,micmac,D,Élevé
plot_14847,3.0,micmac,C,Élevé
plot_14848,3.0,micmac,D,Élevé
plot_14849,2.0,micmac,D,Moyen
plot_14850,3.0,micmac,D,Moyen
plot_14851,3.0,micmac,C,Élevé
plot_14852,3.0,micmac,D,Élevé
plot_14853,2.0,micmac,D,Moyen
plot_14854,2.0,micmac,D,Moyen
plot_14855,3.0,micmac,D,Élevé
plot_14856,3.0,micmac,M,Élevé
plot_14857,3.0,micmac,C,Élevé
plot_14858,2.0,micmac,D,Moyen
plot_14859,3.0,micmac,D,Élevé
plot_14860,3.0,micmac,M,Élevé
plot_14861,3.0,micmac,D,Élevé
plot_14862,2.0,micmac,D,Moyen
plot_14863,2.0,micmac,D,Moyen
plot_14864,2.0,micmac,D,Moyen
plot_14865,3.0,micmac,D,Élevé
plot_14866,3.0,micmac,D,Élevé
plot_14867,3.0,micmac,D,Élevé
plot_14868,3.0,micmac,M,Élevé
plot_14869,2.0,micmac,C,Faible
plot_14870,2.0,micmac,D,Faible
plot_14871,2.0,micmac,D,Moyen
plot_14872,3.0,micmac,D,Élevé
plot_14873,2.0,micmac,M,Faible
plot_14874,2.0,micmac,D,Faible
plot_14875,2.0,micmac,D,Faible
plot_14876,2.0,micmac,D,Moyen
plot_14877,2.0,micmac,D,Faible
plot_14878,2.0,micmac,D,Élevé
plot_14879,2.0,micmac,D,Moyen
plot_14880,2.0,micmac,D,Moyen
plot_14881,2.0,micmac,D,Moyen
plot_14882,2.0,micmac,C,Moyen
plot_14883,2.0,micmac,D,Moyen
plot_14884,2.0,micmac,D,Moyen
plot_14885,2.0,micmac,D,Moyen
plot_14886,2.0,micmac,M,Moyen
plot_14887,3.0,micmac,D,Moyen
plot_14888,3.0,micmac,M,Moyen
plot_14889,3.0,micmac,D,Moyen
plot_14890,3.0,micmac,D,Moyen
plot_14891,3.0,micmac,C,Élevé
plot_14892,3.0,micmac,C,Moyen
plot_14893,3.0,micmac,D,Moyen
plot_14894,3.0,micmac,D,Moyen
plot_14895,3.0,micmac,C,Moyen
plot_14896,3.0,micmac,C,Moyen
plot_14897,3.0,micmac,C,Élevé
plot_14898,3.0,micmac,C,Élevé
plot_14899,3.0,micmac,M,Moyen
plot_14900,2.0,micmac,D,Moyen
plot_14901,2.0,micmac,D,Moyen
plot_14902,3.0,micmac,D,Élevé
plot_14903,3.0,micmac,C,Moyen
plot_14904,3.0,micmac,M,Moyen
plot_14905,3.0,micmac,C,Élevé
plot_14906,2.0,micmac,D,Moyen
plot_14907,2.0,micmac,D,Moyen
plot_14908,3.0,micmac,M,Moyen
plot_14909,3.0,micmac,M,Élevé
plot_14910,3.0,micmac,M,Élevé
plot_14911,3.0,micmac,C,Élevé
plot_14912,3.0,micmac,D,Moyen
plot_14913,2.0,micmac,D,Faible
plot_14914,2.0,micmac,D,Moyen
plot_14915,3.0,micmac,D,Élevé
plot_14916,3.0,micmac,D,Moyen
plot_14917,3.0,micmac,D,Moyen
plot_14918,2.0,micmac,M,Moyen
plot_14919,3.0,micmac,C,Élevé
plot_14920,3.0,micmac,D,Élevé
plot_14921,3.0,micmac,D,Moyen
plot_14922,2.0,micmac,M,Moyen
plot_14923,2.0,micmac,D,Moyen
plot_14924,2.0,micmac,D,Moyen
plot_14925,3.0,micmac,C,Élevé
plot_14926,2.0,micmac,D,Moyen
plot_14927,2.0,micmac,D,Faible
plot_14928,2.0,micmac,D,Moyen
plot_14929,3.0,micmac,M,Moyen
plot_14930,3.0,micmac,D,Moyen
plot_14931,3.0,micmac,C,Moyen
plot_14932,2.0,micmac,M,Faible
plot_14933,3.0,micmac,D,Moyen
plot_14934,2.0,micmac,D,Faible
plot_14935,2.0,micmac,D,Faible
plot_14936,2.0,micmac,D,Faible
plot_14937,2.0,micmac,D,Faible
plot_14938,2.0,micmac,D,Faible
plot_14939,2.0,micmac,D,Faible
plot_14940,2.0,micmac,D,Faible
plot_14941,2.0,micmac,D,Faible
plot_14942,2.0,micmac,D,Faible
plot_14943,2.0,micmac,D,Faible
plot_14944,2.0,micmac,D,Faible
plot_14945,2.0,micmac,C,Faible
plot_14946,2.0,micmac,D,Faible
plot_14947,2.0,micmac,M,Faible
plot_14948,2.0,micmac,D,Faible
plot_14949,2.0,micmac,D,Faible
plot_14950,2.0,micmac,D,Faible
plot_14951,2.0,micmac,D,Faible
plot_14952,2.0,micmac,D,Faible
plot_14953,2.0,micmac,D,Faible
plot_14954,2.0,micmac,D,Faible
plot_14955,3.0,micmac,D,Élevé
plot_14956,3.0,micmac,M,Élevé
plot_14957,3.0,micmac,C,Élevé
plot_14958,3.0,micmac,M,Élevé
plot_14959,3.0,micmac,M,Élevé
plot_14960,3.0,micmac,C,Élevé
plot_14961,3.0,micmac,M,Élevé
plot_14962,3.0,micmac,D,Élevé
plot_14963,3.0,micmac,C,Élevé
plot_14964,3.0,micmac,M,Élevé
plot_14965,3.0,micmac,C,Élevé
plot_14966,3.0,micmac,M,Élevé
plot_14967,3.0,micmac,D,Moyen
plot_14968,3.0,micmac,D,Moyen
plot_14969,3.0,micmac,D,Élevé
plot_14970,3.0,micmac,C,Élevé
plot_14971,3.0,micmac,C,Élevé
plot_14972,3.0,micmac,D,Élevé
plot_14973,3.0,micmac,D,Moyen
plot_14974,3.0,micmac,D,Élevé
plot_14975,3.0,micmac,C,Élevé
plot_14976,3.0,micmac,D,Élevé
plot_14977,3.0,micmac,C,Élevé
plot_14978,2.0,micmac,D,Moyen
plot_14979,3.0,micmac,M,Élevé
plot_14980,2.0,micmac,D,Moyen
plot_14981,2.0,micmac,M,Moyen
plot_14982,2.0,micmac,D,Moyen
plot_14983,2.0,micmac,M,Moyen
plot_14984,2.0,micmac,D,Moyen
plot_14985,2.0,micmac,D,Moyen
plot_14986,2.0,micmac,D,Moyen
plot_14987,2.0,micmac,D,Faible
plot_14988,2.0,micmac,D,Moyen
plot_14989,2.0,micmac,D,Moyen
plot_14990,2.0,micmac,D,Faible
plot_14991,2.0,micmac,D,Faible
plot_14992,2.0,micmac,M,Moyen
plot_14993,2.0,micmac,D,Moyen
plot_14994,2.0,micmac,M,Moyen
plot_14995,2.0,micmac,D,Moyen
plot_14996,2.0,micmac,D,Moyen
plot_14997,2.0,micmac,D,Moyen
plot_14998,2.0,micmac,D,Faible
plot_14999,2.0,micmac,D,Moyen
plot_15000,2.0,micmac,D,Faible
plot_15001,2.0,micmac,D,Moyen
plot_15002,2.0,micmac,D,Moyen
plot_15003,2.0,micmac,D,Moyen
plot_15004,3.0,micmac,M,Élevé
plot_15005,3.0,micmac,D,Élevé
plot_15006,2.0,micmac,D,Moyen
plot_15007,2.0,micmac,D,Moyen
plot_15008,2.0,micmac,D,Moyen
plot_15009,3.0,ultramap,C,Élevé
plot_15010,3.0,ultramap,D,Élevé
plot_15011,3.0,ultramap,M,Élevé
plot_15012,3.0,ultramap,D,Élevé
plot_15013,3.0,ultramap,C,Moyen
plot_15014,3.0,ultramap,C,Élevé
plot_15015,3.0,ultramap,D,Élevé
plot_15016,3.0,ultramap,C,Moyen
plot_15017,3.0,ultramap,D,Élevé
plot_15018,3.0,ultramap,C,Élevé
plot_15019,3.0,ultramap,M,Élevé
plot_15020,3.0,ultramap,D,Moyen
plot_15021,3.0,ultramap,D,Élevé
plot_15022,3.0,ultramap,D,Élevé
plot_15023,3.0,ultramap,D,Élevé
plot_15024,3.0,ultramap,D,Élevé
plot_15025,2.0,ultramap,D,Moyen
plot_15026,2.0,ultramap,D,Moyen
plot_15027,3.0,ultramap,D,Élevé
plot_15028,2.0,ultramap,D,Élevé
plot_15029,3.0,ultramap,D,Élevé
plot_15030,3.0,ultramap,D,Élevé
plot_15031,3.0,ultramap,D,Élevé
plot_15032,3.0,ultramap,D,Moyen
plot_15033,3.0,ultramap,D,Moyen
plot_15034,3.0,ultramap,D,Moyen
plot_15035,3.0,ultramap,D,Moyen
plot_15036,2.0,ultramap,D,Moyen
plot_15126,2.0,ultramap,D,Moyen
plot_15127,3.0,ultramap,C,Élevé
plot_15128,3.0,ultramap,C,Moyen
plot_15129,3.0,ultramap,C,Élevé
plot_15130,3.0,ultramap,D,Élevé
plot_15131,3.0,ultramap,C,Élevé
plot_15132,3.0,ultramap,C,Élevé
plot_15133,2.0,ultramap,D,Moyen
plot_15134,3.0,ultramap,D,Moyen
plot_15135,3.0,ultramap,D,Moyen
plot_15136,3.0,ultramap,C,Moyen
plot_15137,3.0,ultramap,M,Moyen
plot_15138,2.0,ultramap,D,Moyen
plot_15139,2.0,ultramap,D,Moyen
plot_15140,2.0,ultramap,D,Moyen
plot_15141,2.0,ultramap,D,Moyen
plot_15142,2.0,ultramap,D,Moyen
plot_15143,2.0,ultramap,D,Élevé
plot_15144,2.0,ultramap,D,Moyen
plot_15145,2.0,ultramap,D,Moyen
plot_15146,2.0,ultramap,D,Moyen
plot_15147,2.0,ultramap,D,Moyen
plot_15148,2.0,ultramap,D,Moyen
plot_15149,2.0,ultramap,D,Moyen
plot_15150,2.0,ultramap,D,Élevé
plot_15151,2.0,ultramap,D,Moyen
plot_15152,2.0,ultramap,D,Élevé
plot_15153,2.0,ultramap,D,Moyen
plot_15154,2.0,ultramap,M,Moyen
plot_15155,2.0,ultramap,C,Moyen
plot_15156,2.0,ultramap,D,Moyen
plot_15157,2.0,ultramap,M,Moyen
plot_15158,2.0,ultramap,D,Moyen
plot_15159,2.0,ultramap,C,Moyen
plot_15160,2.0,ultramap,D,Moyen
plot_15161,2.0,ultramap,C,Élevé
plot_15162,2.0,ultramap,D,Moyen
plot_15163,2.0,ultramap,D,Moyen
plot_15164,3.0,ultramap,C,Moyen
plot_15165,3.0,ultramap,C,Moyen
plot_15166,3.0,ultramap,C,Moyen
plot_15167,2.0,ultramap,D,Moyen
plot_15168,3.0,ultramap,D,Moyen
plot_15169,2.0,ultramap,D,Moyen
plot_15170,2.0,ultramap,D,Moyen
plot_15171,2.0,ultramap,D,Moyen
plot_15172,2.0,ultramap,D,Moyen
plot_15173,3.0,ultramap,C,Moyen
plot_15174,2.0,ultramap,D,Moyen
plot_15175,2.0,ultramap,D,Moyen
plot_15176,2.0,ultramap,D,Faible
plot_15177,2.0,ultramap,D,Moyen
plot_15178,2.0,ultramap,D,Faible
plot_15179,2.0,ultramap,D,Moyen
plot_15180,3.0,ultramap,C,Élevé
plot_15181,2.0,ultramap,D,Moyen
plot_15182,2.0,ultramap,D,Moyen
plot_15183,2.0,ultramap,D,Moyen
plot_15184,2.0,ultramap,D,Moyen
plot_15185,2.0,ultramap,D,Faible
plot_15186,2.0,ultramap,D,Faible
plot_15187,2.0,ultramap,D,Faible
plot_15188,2.0,ultramap,D,Faible
plot_15189,2.0,ultramap,D,Moyen
plot_15190,2.0,ultramap,D,Moyen
plot_15191,2.0,ultramap,D,Faible
plot_15192,2.0,ultramap,D,Faible
plot_15193,2.0,ultramap,D,Moyen
plot_15194,2.0,ultramap,D,Faible
plot_15195,2.0,ultramap,D,Faible
plot_15196,2.0,ultramap,D,Moyen
plot_15197,2.0,ultramap,D,Moyen
plot_15198,2.0,ultramap,D,Faible
plot_15199,2.0,ultramap,D,Faible
plot_15200,2.0,ultramap,D,Moyen
plot_15201,2.0,ultramap,D,Faible
plot_15202,2.0,ultramap,D,Moyen
plot_15203,2.0,ultramap,C,Moyen
plot_15204,1.0,micmac,D,Moyen
plot_15205,1.0,micmac,D,Faible
plot_15206,1.0,micmac,D,Faible
plot_15207,1.0,micmac,D,Faible
plot_15208,1.0,micmac,D,Faible
plot_15209,1.0,micmac,C,Moyen
plot_15210,1.0,micmac,D,Faible
plot_15211,1.0,micmac,C,Faible
plot_15212,1.0,micmac,D,Faible
plot_15213,1.0,micmac,D,Faible
plot_15214,1.0,micmac,D,Faible
plot_15215,1.0,micmac,D,Faible
plot_15216,1.0,micmac,D,Faible
plot_15217,1.0,micmac,D,Faible
plot_15218,1.0,micmac,D,Faible
plot_15219,1.0,micmac,D,Faible
plot_15220,1.0,micmac,D,Faible
plot_15221,1.0,micmac,D,Faible
plot_15222,1.0,micmac,D,Faible
plot_15223,1.0,micmac,C,Moyen
plot_15224,1.0,micmac,D,Faible
plot_15225,1.0,micmac,C,Faible
plot_15226,1.0,micmac,D,Faible
plot_15227,1.0,micmac,C,Faible
plot_15228,1.0,micmac,C,Faible
plot_15229,1.0,micmac,M,Faible
plot_15230,1.0,micmac,M,Faible
plot_15231,1.0,micmac,D,Faible
plot_15232,1.0,micmac,C,Faible
plot_15233,1.0,micmac,D,Faible
plot_15234,1.0,micmac,C,Faible
plot_15235,1.0,micmac,D,Faible
plot_15236,1.0,micmac,D,Faible
plot_15237,1.0,micmac,D,Faible
plot_15238,1.0,micmac,M,Faible
plot_15239,1.0,micmac,D,Faible
plot_15240,1.0,micmac,D,Faible
plot_15241,1.0,micmac,M,Faible
plot_15242,1.0,micmac,C,Faible
plot_15243,1.0,micmac,D,Faible
plot_15244,1.0,micmac,D,Faible
plot_15245,1.0,micmac,C,Faible
plot_15246,1.0,micmac,D,Faible
plot_15247,1.0,micmac,D,Faible
plot_15248,1.0,micmac,D,Faible
plot_15249,1.0,micmac,D,Faible
plot_15250,1.0,micmac,D,Faible
plot_15251,1.0,micmac,D,Faible
plot_15252,1.0,micmac,D,Faible
plot_15253,1.0,micmac,D,Faible
plot_15254,1.0,micmac,C,Faible
plot_15255,1.0,micmac,D,Faible
plot_15256,1.0,micmac,M,Faible
plot_15257,1.0,micmac,D,Faible
plot_15258,1.0,micmac,D,Faible
plot_15259,1.0,micmac,D,Faible
plot_15260,1.0,micmac,D,Moyen
plot_15261,1.0,micmac,D,Faible
plot_15263,1.0,micmac,D,Faible
plot_15264,1.0,micmac,D,Faible
plot_15265,3.0,micmac,D,Élevé
plot_15266,3.0,micmac,M,Élevé
plot_15267,3.0,micmac,D,Élevé
plot_15268,2.0,micmac,C,Moyen
plot_15269,2.0,micmac,M,Élevé
plot_15270,3.0,micmac,D,Élevé
plot_15271,3.0,micmac,M,Élevé
plot_15272,2.0,micmac,M,Moyen
plot_15273,2.0,micmac,D,Moyen
plot_15274,3.0,micmac,D,Élevé
plot_15275,2.0,micmac,D,Moyen
plot_15276,3.0,micmac,D,Élevé
plot_15277,3.0,micmac,M,Élevé
plot_15278,2.0,micmac,D,Élevé
plot_15279,2.0,micmac,M,Élevé
plot_15280,3.0,micmac,M,Élevé
plot_15281,3.0,micmac,D,Élevé
plot_15282,3.0,micmac,M,Élevé
plot_15283,3.0,micmac,D,Élevé
plot_15284,2.0,micmac,D,Moyen
plot_15285,3.0,micmac,C,Élevé
plot_15286,2.0,micmac,D,Élevé
plot_15288,3.0,micmac,M,Élevé
plot_15289,3.0,micmac,D,Élevé
plot_15290,3.0,micmac,M,Élevé
plot_15291,3.0,micmac,D,Élevé
plot_15292,3.0,micmac,D,Élevé
plot_15293,3.0,micmac,C,Élevé
plot_15294,3.0,micmac,C,Élevé
plot_15295,3.0,micmac,D,Élevé
plot_15296,3.0,micmac,C,Élevé
plot_15297,3.0,micmac,C,Élevé
plot_15298,3.0,micmac,C,Élevé
plot_15299,3.0,micmac,C,Élevé
plot_15300,3.0,micmac,C,Élevé
plot_15301,3.0,micmac,C,Élevé
plot_15302,3.0,micmac,M,Élevé
plot_15303,3.0,micmac,D,Élevé
plot_15304,3.0,micmac,M,Élevé
plot_15305,3.0,micmac,D,Élevé
plot_15306,3.0,micmac,C,Élevé
plot_15307,3.0,micmac,D,Élevé
plot_15308,3.0,micmac,M,Élevé
plot_15309,3.0,micmac,C,Élevé
plot_15310,3.0,micmac,C,Élevé
plot_15311,3.0,micmac,C,Élevé
plot_15372,1.0,micmac,D,Faible
plot_15373,1.0,micmac,D,Faible
plot_15374,1.0,micmac,D,Faible
plot_15375,1.0,micmac,D,Faible
plot_15376,1.0,micmac,D,Faible
plot_15377,1.0,micmac,D,Faible
plot_15378,1.0,micmac,D,Faible
plot_15379,1.0,micmac,D,Faible
plot_15380,1.0,micmac,D,Faible
plot_15381,1.0,micmac,C,Faible
plot_15382,1.0,micmac,D,Faible
plot_15383,1.0,micmac,C,Faible
plot_15384,1.0,micmac,D,Faible
plot_15385,1.0,micmac,D,Faible
plot_15386,1.0,micmac,D,Faible
plot_15387,1.0,micmac,D,Faible
plot_15388,1.0,micmac,D,Faible
plot_15389,1.0,micmac,D,Faible
plot_15390,1.0,micmac,D,Faible
plot_15391,1.0,micmac,D,Faible
plot_15392,1.0,micmac,D,Faible
plot_15393,1.0,micmac,D,Faible
plot_15394,1.0,micmac,D,Faible
plot_15395,1.0,micmac,D,Faible
plot_15396,1.0,micmac,D,Faible
plot_15397,1.0,micmac,D,Faible
plot_15398,1.0,micmac,D,Moyen
plot_15399,1.0,micmac,D,Faible
plot_15400,1.0,micmac,D,Faible
plot_15401,1.0,micmac,D,Faible
plot_15402,1.0,micmac,D,Moyen
plot_15403,1.0,micmac,D,Faible
plot_15404,1.0,micmac,C,Faible
plot_15405,1.0,micmac,D,Faible
plot_15406,1.0,micmac,D,Moyen
plot_15407,1.0,micmac,D,Moyen
plot_15408,1.0,micmac,D,Moyen
plot_15409,1.0,micmac,D,Moyen
plot_15410,1.0,micmac,D,Moyen
plot_15411,1.0,micmac,D,Faible
plot_15412,1.0,micmac,D,Faible
plot_15413,1.0,micmac,D,Faible
plot_15414,1.0,micmac,D,Moyen
plot_15415,1.0,micmac,D,Faible
plot_15422,1.0,micmac,C,Faible
plot_15464,1.0,micmac,C,Faible
plot_15465,1.0,micmac,D,Faible
plot_15466,1.0,micmac,D,Faible
plot_15467,1.0,micmac,D,Faible
plot_15468,1.0,micmac,D,Faible
plot_15469,1.0,micmac,M,Faible
plot_15470,1.0,micmac,D,Faible
plot_15471,1.0,micmac,D,Faible
plot_15472,1.0,micmac,D,Faible
plot_15473,1.0,micmac,D,Faible
plot_15474,1.0,micmac,D,Faible
plot_15475,1.0,micmac,D,Faible
plot_15476,1.0,micmac,D,Faible
plot_15477,1.0,micmac,D,Faible
plot_15478,1.0,micmac,D,Faible
plot_15479,1.0,micmac,D,Faible
plot_15480,1.0,micmac,M,Faible
plot_15481,1.0,micmac,D,Faible
plot_15482,1.0,micmac,D,Faible
plot_15483,1.0,micmac,D,Faible
plot_15484,1.0,micmac,D,Faible
plot_15485,1.0,micmac,D,Faible
plot_15486,1.0,ultramap,M,Faible
plot_15487,1.0,ultramap,D,Faible
plot_15488,1.0,ultramap,D,Faible
plot_15489,1.0,ultramap,D,Faible
plot_15490,1.0,ultramap,D,Faible
plot_15491,1.0,ultramap,D,Faible
plot_15492,1.0,ultramap,D,Faible
plot_15493,2.0,ultramap,D,Moyen
plot_15494,2.0,ultramap,D,Faible
plot_15495,2.0,ultramap,D,Faible
plot_15496,2.0,ultramap,D,Faible
plot_15497,1.0,ultramap,C,Faible
plot_15498,1.0,ultramap,D,Faible
plot_15499,1.0,ultramap,D,Faible
plot_15500,2.0,ultramap,M,Faible
plot_15501,2.0,ultramap,D,Faible
plot_15502,2.0,ultramap,D,Faible
plot_15503,2.0,ultramap,D,Moyen
plot_15504,2.0,ultramap,D,Faible
plot_15505,1.0,ultramap,D,Faible
plot_15506,1.0,ultramap,D,Faible
plot_15507,1.0,ultramap,M,Faible
plot_15508,2.0,ultramap,D,Faible
plot_15509,1.0,ultramap,D,Faible
plot_15510,2.0,ultramap,D,Faible
plot_15511,2.0,ultramap,D,Faible
plot_15512,2.0,ultramap,D,Faible
plot_15513,2.0,ultramap,D,Faible
plot_15514,2.0,ultramap,D,Faible
plot_15515,2.0,ultramap,D,Faible
plot_15516,2.0,micmac,D,Faible
plot_15517,2.0,ultramap,D,Faible
plot_15518,1.0,micmac,C,Faible
plot_15519,1.0,micmac,D,Faible
plot_15520,1.0,micmac,D,Faible
plot_15521,1.0,micmac,M,Faible
plot_15522,1.0,micmac,D,Faible
plot_15523,1.0,micmac,D,Faible
plot_15524,1.0,micmac,D,Faible
plot_15525,1.0,micmac,D,Faible
plot_15526,1.0,micmac,D,Faible
plot_15527,1.0,micmac,D,Faible
plot_15528,1.0,micmac,D,Faible
plot_15529,1.0,micmac,D,Faible
plot_15530,1.0,micmac,D,Faible
plot_15531,1.0,micmac,D,Faible
plot_15532,1.0,micmac,D,Faible
plot_15533,1.0,micmac,D,Faible
plot_15534,1.0,micmac,D,Faible
plot_15535,1.0,micmac,D,Faible
plot_15536,1.0,micmac,D,Faible
plot_15537,1.0,micmac,D,Faible
plot_15538,1.0,micmac,M,Faible
plot_15539,1.0,micmac,D,Faible
plot_15540,1.0,micmac,D,Faible
plot_15541,2.0,micmac,D,Faible
plot_15542,2.0,micmac,D,Moyen
plot_15543,2.0,micmac,D,Moyen
plot_15544,2.0,micmac,D,Faible
plot_15545,2.0,micmac,D,Faible
plot_15546,2.0,micmac,D,Moyen
plot_15547,2.0,micmac,D,Moyen
plot_15548,2.0,micmac,D,Moyen
plot_15549,2.0,micmac,D,Moyen
plot_15550,2.0,micmac,D,Moyen
plot_15551,2.0,micmac,D,Moyen
plot_15552,2.0,micmac,D,Moyen
plot_15553,2.0,micmac,D,Moyen
plot_15554,2.0,micmac,D,Moyen
plot_15555,2.0,micmac,D,Moyen
plot_15556,2.0,micmac,D,Moyen
plot_15557,2.0,micmac,D,Moyen
plot_15558,2.0,micmac,D,Moyen
plot_15559,2.0,micmac,D,Faible
plot_15560,2.0,micmac,D,Moyen
plot_15561,2.0,micmac,D,Moyen
plot_15562,2.0,micmac,D,Moyen
plot_15563,3.0,micmac,C,Élevé
plot_15564,2.0,micmac,D,Moyen
plot_15565,2.0,micmac,M,Moyen
plot_15566,2.0,micmac,C,Moyen
plot_15567,3.0,micmac,C,Élevé
plot_15568,3.0,micmac,D,Moyen
plot_15569,3.0,micmac,C,Élevé
plot_15570,3.0,micmac,D,Élevé
plot_15571,3.0,micmac,M,Moyen
plot_15572,3.0,micmac,C,Moyen
plot_15573,2.0,micmac,M,Moyen
plot_15574,3.0,micmac,C,Élevé
plot_15575,2.0,micmac,C,Élevé
plot_15576,3.0,micmac,C,Élevé
plot_15577,3.0,micmac,M,Élevé
plot_15578,3.0,micmac,C,Moyen
plot_15579,3.0,micmac,D,Élevé
plot_15580,3.0,micmac,D,Élevé
plot_15581,3.0,micmac,C,Élevé
plot_15582,3.0,micmac,D,Élevé
plot_15583,3.0,micmac,C,Élevé
plot_15584,3.0,micmac,D,Élevé
plot_15585,3.0,micmac,D,Élevé
plot_15586,3.0,micmac,D,Élevé
plot_15587,3.0,micmac,D,Élevé
plot_15588,2.0,micmac,D,Faible
plot_15589,2.0,micmac,D,Faible
plot_15590,2.0,micmac,D,Faible
plot_15591,2.0,micmac,D,Faible
plot_15592,2.0,micmac,D,Faible
plot_15593,2.0,micmac,D,Faible
plot_15594,2.0,micmac,D,Faible
plot_15595,2.0,micmac,D,Moyen
plot_15596,2.0,micmac,D,Faible
plot_15597,2.0,micmac,D,Moyen
plot_15598,2.0,micmac,D,Faible
plot_15599,2.0,micmac,D,Moyen
plot_15600,2.0,micmac,D,Faible
plot_15601,2.0,micmac,D,Faible
plot_15602,2.0,micmac,D,Faible
plot_15603,2.0,micmac,D,Faible
plot_15604,2.0,micmac,D,Faible
plot_15605,2.0,micmac,D,Faible
plot_15606,2.0,micmac,D,Faible
plot_15607,2.0,micmac,D,Faible
plot_15608,2.0,micmac,D,Moyen
plot_15609,2.0,micmac,D,Moyen
plot_15610,2.0,micmac,D,Faible
plot_15611,2.0,micmac,D,Moyen
plot_15612,2.0,micmac,D,Moyen
plot_15613,2.0,micmac,D,Moyen
plot_15614,2.0,micmac,D,Moyen
plot_15615,2.0,micmac,D,Moyen
plot_15616,2.0,micmac,D,Moyen
plot_15617,2.0,ultramap,D,Élevé
plot_15618,2.0,ultramap,M,Moyen
plot_15619,2.0,ultramap,D,Moyen
plot_15620,2.0,ultramap,D,Moyen
plot_15621,2.0,ultramap,M,Élevé
plot_15622,2.0,ultramap,D,Élevé
plot_15623,2.0,ultramap,D,Élevé
plot_15624,2.0,ultramap,D,Élevé
plot_15625,2.0,ultramap,D,Moyen
plot_15626,2.0,ultramap,D,Moyen
plot_15627,2.0,ultramap,D,Moyen
plot_15628,2.0,ultramap,D,Élevé
plot_15629,2.0,ultramap,M,Élevé
plot_15630,2.0,ultramap,D,Moyen
plot_15631,2.0,ultramap,D,Moyen
plot_15632,2.0,ultramap,D,Moyen
plot_15633,2.0,ultramap,C,Moyen
plot_15634,2.0,ultramap,D,Élevé
plot_15635,2.0,ultramap,M,Moyen
plot_15636,2.0,ultramap,M,Moyen
plot_15637,2.0,ultramap,M,Élevé
plot_15638,2.0,ultramap,D,Moyen
plot_15639,2.0,ultramap,M,Élevé
plot_15640,3.0,ultramap,M,Élevé
plot_15641,2.0,ultramap,M,Moyen
plot_15642,2.0,ultramap,M,Moyen
plot_15643,2.0,ultramap,D,Moyen
plot_15644,2.0,ultramap,D,Élevé
plot_15645,2.0,ultramap,M,Moyen
plot_15646,3.0,ultramap,D,Élevé
plot_15647,2.0,ultramap,C,Moyen
plot_15648,2.0,ultramap,C,Moyen
plot_15649,2.0,ultramap,M,Faible
plot_15650,2.0,ultramap,D,Moyen
plot_15651,2.0,ultramap,D,Moyen
plot_15652,2.0,ultramap,D,Élevé
plot_15653,3.0,ultramap,M,Élevé
plot_15654,3.0,ultramap,M,Élevé
plot_15655,3.0,ultramap,D,Élevé
plot_15656,2.0,ultramap,M,Moyen
plot_15657,2.0,ultramap,D,Moyen
plot_15658,3.0,ultramap,D,Moyen
plot_15659,3.0,ultramap,C,Élevé
plot_15660,3.0,ultramap,D,Élevé
plot_15661,3.0,ultramap,D,Élevé
plot_15662,3.0,ultramap,D,Moyen
plot_15663,2.0,ultramap,M,Faible
plot_15664,2.0,ultramap,M,Faible
plot_15665,3.0,ultramap,D,Faible
plot_15666,3.0,ultramap,D,Élevé
plot_15667,3.0,ultramap,D,Faible
plot_15668,3.0,ultramap,D,Faible
plot_15669,3.0,ultramap,D,Élevé
plot_15670,2.0,ultramap,D,Faible
plot_15671,3.0,ultramap,M,Faible
plot_15672,3.0,ultramap,D,Élevé
plot_15673,3.0,ultramap,D,Faible
plot_15674,3.0,ultramap,D,Élevé
plot_15675,3.0,ultramap,D,Élevé
plot_15676,2.0,ultramap,D,Moyen
plot_15677,2.0,ultramap,D,Faible
plot_15678,3.0,ultramap,D,Moyen
plot_15679,3.0,ultramap,D,Moyen
plot_15680,3.0,ultramap,M,Moyen
plot_15681,3.0,ultramap,D,Faible
plot_15682,3.0,ultramap,M,Moyen
plot_15683,3.0,ultramap,M,Moyen
plot_15684,3.0,ultramap,M,Faible
plot_15685,3.0,ultramap,M,Faible
plot_15686,3.0,ultramap,D,Faible
plot_15687,3.0,ultramap,D,Faible
plot_15688,3.0,ultramap,D,Moyen
plot_15689,3.0,ultramap,D,Faible
plot_15690,3.0,ultramap,D,Faible
plot_15691,3.0,ultramap,D,Moyen
plot_15692,3.0,ultramap,C,Moyen
plot_15693,2.0,micmac,D,Faible
plot_15694,2.0,micmac,D,Faible
plot_15695,2.0,micmac,M,Faible
plot_15696,2.0,micmac,C,Moyen
plot_15697,2.0,micmac,D,Faible
plot_15698,2.0,micmac,C,Moyen
plot_15699,2.0,micmac,C,Moyen
plot_15700,2.0,micmac,M,Moyen
plot_15701,2.0,micmac,C,Faible
plot_15702,2.0,micmac,D,Moyen
plot_15703,2.0,micmac,D,Faible
plot_15704,3.0,micmac,M,Élevé
plot_15705,2.0,micmac,C,Moyen
plot_15706,3.0,micmac,C,Élevé
plot_15707,2.0,micmac,D,Moyen
plot_15708,2.0,micmac,D,Moyen
plot_15709,2.0,micmac,C,Faible
plot_15710,2.0,micmac,D,Élevé
plot_15711,2.0,micmac,M,Élevé
plot_15712,2.0,micmac,D,Élevé
plot_15713,2.0,micmac,C,Moyen
plot_15714,2.0,micmac,M,Moyen
plot_15715,2.0,micmac,C,Élevé
plot_15716,2.0,micmac,D,Élevé
plot_15717,2.0,micmac,D,Élevé
plot_15718,2.0,micmac,M,Moyen
plot_15719,2.0,micmac,C,Moyen
plot_15720,2.0,micmac,C,Moyen
plot_15721,2.0,micmac,C,Élevé
plot_15722,2.0,micmac,D,Élevé
plot_15723,2.0,micmac,D,Moyen
plot_15724,2.0,micmac,C,Moyen
plot_15725,2.0,micmac,D,Élevé
plot_15726,2.0,micmac,C,Élevé
plot_15727,2.0,micmac,C,Élevé
plot_15728,2.0,micmac,C,Moyen
plot_15729,1.0,micmac,D,Faible
plot_15730,1.0,micmac,D,Faible
plot_15731,1.0,micmac,D,Faible
plot_15732,1.0,micmac,D,Faible
plot_15733,1.0,micmac,D,Faible
plot_15734,1.0,micmac,D,Faible
plot_15735,1.0,micmac,D,Faible
plot_15736,1.0,micmac,D,Faible
plot_15737,1.0,micmac,D,Faible
plot_15738,1.0,micmac,D,Faible
plot_15739,1.0,micmac,M,Faible
plot_15740,1.0,micmac,D,Faible
plot_15741,1.0,micmac,D,Faible
plot_15742,1.0,micmac,D,Faible
plot_15743,1.0,micmac,D,Faible
plot_15744,1.0,micmac,D,Faible
plot_15745,1.0,micmac,D,Faible
plot_15746,1.0,micmac,D,Faible
plot_15747,1.0,micmac,D,Faible
plot_15748,1.0,micmac,D,Faible
plot_15749,1.0,micmac,D,Faible
plot_15750,1.0,micmac,D,Faible
plot_15751,2.0,micmac,D,Moyen
plot_15752,2.0,micmac,D,Faible
plot_15753,1.0,micmac,D,Faible
plot_15754,1.0,micmac,D,Faible
plot_15755,1.0,micmac,D,Faible
plot_15756,1.0,micmac,D,Faible
plot_15757,1.0,ultramap,D,Faible
plot_15758,1.0,ultramap,D,Faible
plot_15759,1.0,ultramap,D,Faible
plot_15760,1.0,ultramap,D,Faible
plot_15761,1.0,ultramap,C,Faible
plot_15762,1.0,ultramap,D,Faible
plot_15763,1.0,ultramap,M,Faible
plot_15764,1.0,ultramap,D,Faible
plot_15765,1.0,ultramap,D,Faible
plot_15766,1.0,ultramap,D,Faible
plot_15767,1.0,ultramap,M,Faible
plot_15768,1.0,ultramap,D,Faible
plot_15769,1.0,ultramap,M,Faible
plot_15770,2.0,ultramap,D,Faible
plot_15771,1.0,ultramap,M,Faible
plot_15772,1.0,ultramap,D,Faible
plot_15773,1.0,ultramap,M,Faible
plot_15774,1.0,ultramap,D,Faible
plot_15775,1.0,ultramap,D,Faible
plot_15776,1.0,ultramap,D,Faible
plot_15777,1.0,ultramap,C,Faible
plot_15778,1.0,ultramap,D,Faible
plot_15779,2.0,ultramap,D,Faible
plot_15780,1.0,ultramap,D,Faible
plot_15781,1.0,ultramap,D,Faible
plot_15782,1.0,ultramap,M,Faible
plot_15783,1.0,ultramap,D,Faible
plot_15784,1.0,ultramap,D,Faible
plot_15785,1.0,ultramap,D,Faible
plot_15786,1.0,ultramap,D,Faible
plot_15787,1.0,ultramap,C,Faible
plot_15788,1.0,ultramap,D,Faible
plot_15789,1.0,ultramap,D,Faible
plot_15790,1.0,ultramap,D,Faible
plot_15791,1.0,ultramap,D,Faible
plot_15792,1.0,ultramap,D,Faible
plot_15793,1.0,ultramap,D,Faible
plot_15794,1.0,ultramap,D,Faible
plot_15795,1.0,ultramap,D,Faible
plot_15796,1.0,ultramap,D,Faible
plot_15797,2.0,ultramap,D,Faible
plot_15798,1.0,ultramap,C,Faible
plot_15799,2.0,ultramap,D,Moyen
plot_15800,1.0,ultramap,D,Faible
plot_15801,2.0,ultramap,D,Faible
plot_15802,1.0,ultramap,D,Faible
plot_15803,1.0,ultramap,D,Faible
plot_15804,2.0,ultramap,D,Faible
plot_15805,2.0,ultramap,D,Moyen
plot_15806,2.0,ultramap,D,Moyen
plot_15807,2.0,ultramap,D,Moyen
plot_15808,2.0,ultramap,D,Moyen
plot_15809,2.0,ultramap,D,Moyen
plot_15810,2.0,ultramap,D,Moyen
plot_15811,2.0,ultramap,D,Moyen
plot_15812,2.0,ultramap,D,Moyen
plot_15813,2.0,ultramap,C,Moyen
plot_15814,2.0,ultramap,D,Moyen
plot_15815,2.0,ultramap,D,Moyen
plot_15816,2.0,ultramap,D,Moyen
plot_15817,2.0,ultramap,D,Moyen
plot_15818,2.0,ultramap,D,Moyen
plot_15819,2.0,ultramap,D,Moyen
plot_15820,2.0,ultramap,D,Moyen
plot_15821,2.0,ultramap,D,Moyen
plot_15822,2.0,ultramap,D,Moyen
plot_15823,2.0,ultramap,D,Moyen
plot_15824,2.0,ultramap,D,Moyen
plot_15825,2.0,ultramap,D,Moyen
plot_15826,2.0,ultramap,D,Moyen
plot_15827,2.0,ultramap,M,Moyen
plot_15828,2.0,ultramap,D,Moyen
plot_15829,2.0,ultramap,D,Moyen
plot_15830,2.0,ultramap,D,Moyen
plot_15831,2.0,ultramap,D,Moyen
plot_15832,2.0,ultramap,D,Moyen
plot_15833,2.0,ultramap,C,Moyen
plot_15834,2.0,ultramap,D,Moyen
plot_15835,2.0,ultramap,D,Moyen
plot_15836,2.0,ultramap,D,Moyen
plot_15837,2.0,ultramap,D,Moyen
plot_15838,2.0,ultramap,D,Moyen
plot_15839,2.0,ultramap,D,Moyen
plot_15840,2.0,ultramap,D,Moyen
plot_15841,2.0,ultramap,D,Moyen
plot_15842,2.0,ultramap,C,Élevé
plot_15843,2.0,ultramap,D,Moyen
plot_15844,2.0,ultramap,C,Élevé
plot_15845,2.0,ultramap,C,Moyen
plot_15846,2.0,ultramap,M,Moyen
plot_15847,2.0,ultramap,D,Moyen
plot_15848,2.0,ultramap,D,Moyen
plot_15849,2.0,ultramap,D,Moyen
plot_15850,2.0,ultramap,D,Moyen
plot_15851,2.0,ultramap,D,Moyen
plot_15852,2.0,ultramap,C,Moyen
plot_15853,2.0,ultramap,D,Moyen
plot_15854,2.0,ultramap,C,Moyen
plot_15855,2.0,ultramap,D,Moyen
plot_15856,2.0,ultramap,D,Moyen
plot_15857,2.0,ultramap,C,Moyen
plot_15858,2.0,ultramap,D,Moyen
plot_15859,2.0,ultramap,D,Moyen
plot_15860,2.0,ultramap,D,Élevé
plot_15861,2.0,ultramap,C,Moyen
plot_15862,2.0,ultramap,C,Moyen
plot_15863,2.0,ultramap,D,Élevé
plot_15864,2.0,ultramap,C,Élevé
plot_15865,2.0,ultramap,M,Élevé
plot_15866,2.0,ultramap,D,Élevé
plot_15867,2.0,ultramap,D,Élevé
plot_15868,2.0,micmac,D,Moyen
plot_15985,1.0,ultramap,D,Faible
plot_15986,1.0,ultramap,D,Faible
plot_15987,1.0,ultramap,D,Faible
plot_15988,1.0,ultramap,D,Faible
plot_15989,1.0,ultramap,D,Faible
plot_15990,1.0,ultramap,D,Faible
plot_15991,1.0,ultramap,D,Faible
plot_15992,1.0,ultramap,D,Faible
plot_15993,1.0,ultramap,D,Faible
plot_15994,1.0,ultramap,D,Faible
plot_15995,1.0,ultramap,D,Faible
plot_15996,1.0,ultramap,D,Faible
plot_15997,1.0,ultramap,D,Faible
plot_15998,1.0,ultramap,D,Faible
plot_15999,1.0,ultramap,D,Faible
plot_16000,1.0,ultramap,D,Moyen
plot_16001,1.0,ultramap,D,Moyen
plot_16002,1.0,ultramap,D,Faible
plot_16003,1.0,ultramap,D,Faible
plot_16004,1.0,ultramap,M,Moyen
plot_16005,1.0,ultramap,D,Moyen
plot_16006,1.0,ultramap,D,Moyen
plot_16007,1.0,ultramap,D,Moyen
plot_16008,1.0,ultramap,D,Moyen
plot_16009,1.0,ultramap,D,Faible
plot_16010,1.0,ultramap,D,Faible
plot_16011,1.0,ultramap,D,Moyen
plot_16012,1.0,ultramap,D,Moyen
plot_16013,1.0,ultramap,D,Moyen
plot_16014,1.0,ultramap,D,Moyen
plot_16015,1.0,ultramap,D,Faible
plot_16016,1.0,ultramap,C,Moyen
plot_16017,1.0,ultramap,D,Faible
plot_16018,1.0,ultramap,D,Moyen
plot_16019,1.0,ultramap,D,Moyen
plot_16020,1.0,ultramap,C,Moyen
plot_16021,1.0,ultramap,D,Moyen
plot_16022,1.0,ultramap,D,Faible
plot_16023,1.0,ultramap,D,Moyen
plot_16024,1.0,ultramap,D,Moyen
plot_16025,1.0,ultramap,D,Moyen
plot_16026,1.0,ultramap,D,Moyen
plot_16027,1.0,ultramap,D,Moyen
plot_16028,1.0,ultramap,D,Moyen
plot_16029,1.0,ultramap,D,Faible
plot_16030,1.0,ultramap,D,Moyen
plot_16031,2.0,ultramap,D,Moyen
plot_16032,1.0,ultramap,D,Faible
plot_16033,1.0,ultramap,D,Moyen
plot_16034,1.0,ultramap,D,Moyen
plot_16035,1.0,ultramap,D,Faible
plot_16036,2.0,ultramap,D,Moyen
plot_16037,2.0,ultramap,D,Moyen
plot_16038,1.0,ultramap,D,Faible
plot_16039,2.0,ultramap,D,Moyen
plot_16040,2.0,ultramap,D,Moyen
plot_16041,1.0,ultramap,D,Faible
plot_16042,2.0,ultramap,C,Moyen
plot_16043,2.0,ultramap,D,Faible
plot_16044,2.0,ultramap,D,Moyen
plot_16045,2.0,ultramap,D,Faible
plot_16046,1.0,ultramap,D,Faible
plot_16047,2.0,ultramap,D,Moyen
plot_16048,2.0,ultramap,C,Faible
plot_16049,2.0,ultramap,D,Moyen
plot_16050,2.0,ultramap,D,Faible
plot_16051,2.0,ultramap,M,Moyen
plot_16052,2.0,ultramap,M,Moyen
plot_16053,2.0,ultramap,M,Moyen
plot_16054,2.0,ultramap,D,Moyen
plot_16055,2.0,ultramap,D,Moyen
plot_16056,2.0,ultramap,D,Moyen
plot_16057,2.0,ultramap,D,Faible
plot_16058,2.0,ultramap,M,Faible
plot_16059,2.0,ultramap,M,Moyen
plot_16060,2.0,ultramap,D,Moyen
plot_16061,2.0,ultramap,D,Moyen
plot_16062,2.0,ultramap,D,Moyen
plot_16063,2.0,ultramap,D,Moyen
plot_16064,2.0,ultramap,D,Moyen
plot_16065,2.0,ultramap,D,Moyen
plot_16066,2.0,ultramap,D,Moyen
plot_16067,2.0,ultramap,D,Moyen
plot_16068,2.0,ultramap,D,Moyen
plot_16069,2.0,ultramap,D,Moyen
plot_16070,2.0,ultramap,D,Moyen
plot_16071,3.0,ultramap,D,Moyen
plot_16072,3.0,ultramap,D,Moyen
plot_16073,2.0,ultramap,D,Moyen
plot_16074,2.0,ultramap,D,Moyen
plot_16075,3.0,ultramap,D,Moyen
plot_16076,2.0,ultramap,D,Moyen
plot_16077,2.0,ultramap,D,Moyen
plot_16078,2.0,ultramap,D,Moyen
plot_16079,2.0,ultramap,D,Moyen
plot_16080,2.0,ultramap,D,Moyen
plot_16081,2.0,ultramap,D,Moyen
plot_16082,2.0,ultramap,D,Moyen
plot_16083,2.0,ultramap,D,Moyen
plot_16084,2.0,ultramap,D,Moyen
plot_16085,2.0,ultramap,D,Moyen
plot_16086,2.0,ultramap,C,Moyen
plot_16087,3.0,ultramap,D,Moyen
plot_16088,3.0,ultramap,D,Moyen
plot_16089,3.0,ultramap,C,Élevé
plot_16090,3.0,ultramap,C,Élevé
plot_16091,2.0,ultramap,D,Moyen
plot_16092,2.0,ultramap,D,Moyen
plot_16093,2.0,ultramap,D,Moyen
plot_16094,2.0,ultramap,D,Moyen
plot_16095,3.0,ultramap,D,Élevé
plot_16096,2.0,ultramap,D,Moyen
plot_16097,2.0,ultramap,D,Moyen
plot_16098,2.0,ultramap,D,Moyen
plot_16099,2.0,ultramap,C,Moyen
plot_16100,2.0,ultramap,D,Moyen
plot_16101,3.0,ultramap,D,Élevé
plot_16102,2.0,ultramap,D,Moyen
plot_16103,3.0,ultramap,M,Moyen
plot_16104,1.0,micmac,D,Faible
plot_16105,1.0,micmac,D,Faible
plot_16106,1.0,micmac,D,Faible
plot_16107,1.0,micmac,D,Faible
plot_16108,1.0,micmac,D,Faible
plot_16109,1.0,micmac,D,Faible
plot_16110,1.0,micmac,D,Faible
plot_16111,1.0,micmac,D,Faible
plot_16112,1.0,micmac,D,Faible
plot_16113,1.0,micmac,D,Faible
plot_16114,1.0,micmac,C,Faible
plot_16115,1.0,micmac,D,Faible
plot_16116,1.0,micmac,D,Faible
plot_16117,1.0,micmac,D,Faible
plot_16118,1.0,micmac,D,Faible
plot_16119,1.0,micmac,D,Faible
plot_16120,1.0,micmac,D,Faible
plot_16121,1.0,micmac,D,Faible
plot_16122,1.0,micmac,D,Faible
plot_16123,1.0,micmac,D,Faible
plot_16124,1.0,micmac,D,Faible
plot_16125,1.0,micmac,D,Faible
plot_16126,1.0,micmac,D,Faible
plot_16127,1.0,micmac,D,Faible
plot_16128,1.0,micmac,D,Faible
plot_16129,2.0,ultramap,D,Moyen
plot_16130,2.0,ultramap,D,Faible
plot_16131,2.0,ultramap,D,Moyen
plot_16132,2.0,ultramap,D,Moyen
plot_16133,2.0,ultramap,D,Moyen
plot_16134,2.0,ultramap,D,Moyen
plot_16135,2.0,ultramap,D,Moyen
plot_16136,2.0,ultramap,D,Moyen
plot_16137,2.0,ultramap,D,Moyen
plot_16138,2.0,ultramap,D,Moyen
plot_16139,2.0,ultramap,D,Moyen
plot_16140,2.0,ultramap,D,Moyen
plot_16141,3.0,ultramap,D,Moyen
plot_16142,2.0,ultramap,M,Moyen
plot_16143,2.0,ultramap,M,Moyen
plot_16144,2.0,ultramap,D,Moyen
plot_16145,2.0,ultramap,D,Moyen
plot_16146,2.0,ultramap,D,Moyen
plot_16147,2.0,ultramap,D,Moyen
plot_16148,2.0,ultramap,D,Moyen
plot_16149,3.0,ultramap,D,Moyen
plot_16150,3.0,ultramap,D,Moyen
plot_16151,2.0,ultramap,D,Moyen
plot_16152,3.0,ultramap,D,Moyen
plot_16153,3.0,ultramap,D,Moyen
plot_16154,3.0,ultramap,D,Moyen
plot_16155,2.0,ultramap,M,Moyen
plot_16156,2.0,ultramap,C,Moyen
plot_16157,3.0,ultramap,M,Élevé
plot_16158,2.0,ultramap,D,Moyen
plot_16159,2.0,ultramap,D,Moyen
plot_16160,3.0,ultramap,D,Élevé
plot_16161,3.0,ultramap,D,Moyen
plot_16162,3.0,ultramap,D,Élevé
plot_16163,3.0,ultramap,M,Élevé
plot_16164,3.0,ultramap,D,Élevé
plot_16165,3.0,ultramap,D,Élevé
plot_16166,3.0,ultramap,C,Élevé
plot_16167,3.0,ultramap,M,Élevé
plot_16168,3.0,ultramap,D,Élevé
plot_16169,3.0,ultramap,M,Élevé
plot_16170,3.0,ultramap,C,Élevé
plot_16171,3.0,ultramap,M,Élevé
plot_16172,3.0,ultramap,M,Élevé
plot_16173,3.0,ultramap,M,Élevé
plot_16174,3.0,ultramap,D,Élevé
plot_16175,3.0,ultramap,D,Moyen
plot_16176,3.0,ultramap,D,Élevé
plot_16177,3.0,ultramap,D,Élevé
plot_16178,3.0,ultramap,M,Élevé
plot_16179,3.0,ultramap,C,Élevé
plot_16180,3.0,ultramap,D,Élevé
plot_16181,3.0,ultramap,M,Moyen
plot_16182,3.0,ultramap,M,Élevé
plot_16183,3.0,ultramap,D,Élevé
plot_16184,3.0,ultramap,D,Élevé
plot_16185,3.0,ultramap,D,Élevé
plot_16186,3.0,ultramap,D,Moyen
plot_16187,3.0,ultramap,M,Élevé
plot_16188,3.0,ultramap,M,Élevé
plot_16189,3.0,ultramap,M,Élevé
plot_16190,3.0,ultramap,D,Élevé
plot_16191,3.0,ultramap,D,Élevé
plot_16192,3.0,ultramap,D,Élevé
plot_16193,3.0,ultramap,D,Élevé
plot_16194,3.0,ultramap,D,Élevé
plot_16195,2.0,ultramap,M,Élevé
plot_16196,3.0,ultramap,D,Élevé
plot_16197,2.0,ultramap,M,Moyen
plot_16198,3.0,ultramap,D,Élevé
plot_16199,2.0,ultramap,D,Moyen
plot_16200,3.0,ultramap,M,Élevé
plot_16201,3.0,ultramap,D,Élevé
plot_16202,2.0,ultramap,D,Élevé
plot_16203,3.0,ultramap,M,Élevé
plot_16204,3.0,ultramap,M,Élevé
plot_16205,3.0,ultramap,D,Élevé
plot_16206,2.0,ultramap,D,Moyen
plot_16207,3.0,ultramap,D,Élevé
plot_16208,2.0,ultramap,D,Élevé
plot_16209,2.0,ultramap,D,Moyen
plot_16210,3.0,ultramap,D,Moyen
plot_16211,3.0,ultramap,M,Élevé
plot_16212,2.0,ultramap,D,Moyen
plot_16213,3.0,ultramap,D,Moyen
plot_16214,3.0,ultramap,D,Moyen
plot_16282,1.0,micmac,D,Moyen
plot_16283,1.0,micmac,D,Moyen
plot_16284,1.0,micmac,D,Moyen
plot_16285,1.0,micmac,D,Moyen
plot_16286,1.0,micmac,D,Moyen
plot_16287,1.0,micmac,D,Moyen
plot_16288,1.0,micmac,D,Moyen
plot_16289,1.0,micmac,M,Moyen
plot_16290,2.0,micmac,D,Moyen
plot_16291,1.0,micmac,D,Moyen
plot_16292,1.0,micmac,D,Moyen
plot_16293,1.0,micmac,D,Moyen
plot_16294,2.0,micmac,D,Moyen
plot_16295,1.0,micmac,D,Moyen
plot_16296,1.0,micmac,D,Moyen
plot_16297,2.0,micmac,D,Moyen
plot_16298,2.0,micmac,D,Moyen
plot_16299,2.0,micmac,D,Moyen
plot_16300,2.0,micmac,D,Moyen
plot_16301,2.0,micmac,D,Moyen
plot_16302,2.0,micmac,C,Moyen
plot_16303,2.0,micmac,D,Moyen
plot_16304,2.0,micmac,D,Moyen
plot_16305,2.0,micmac,D,Moyen
plot_16306,2.0,micmac,D,Moyen
plot_16307,2.0,micmac,D,Moyen
plot_16308,2.0,micmac,D,Moyen
plot_16309,2.0,micmac,D,Moyen
plot_16310,2.0,micmac,D,Moyen
plot_16311,2.0,micmac,D,Moyen
plot_16312,2.0,micmac,D,Moyen
plot_16313,3.0,micmac,D,Moyen
plot_16314,2.0,micmac,D,Moyen
plot_16315,2.0,micmac,M,Moyen
plot_16316,3.0,micmac,M,Moyen
plot_16317,3.0,micmac,D,Moyen
plot_16318,3.0,micmac,D,Moyen
plot_16319,2.0,micmac,C,Moyen
plot_16320,3.0,micmac,D,Élevé
plot_16321,3.0,micmac,D,Moyen
plot_16322,2.0,micmac,D,Moyen
plot_16323,3.0,micmac,D,Élevé
plot_16324,3.0,micmac,M,Élevé
plot_16325,3.0,micmac,C,Élevé
plot_16326,3.0,micmac,C,Élevé
plot_16327,3.0,micmac,C,Élevé
plot_16328,3.0,micmac,C,Élevé
plot_16329,3.0,ultramap,D,Élevé
plot_16330,3.0,ultramap,C,Élevé
plot_16331,2.0,ultramap,D,Élevé
plot_16332,2.0,ultramap,D,Élevé
plot_16333,2.0,ultramap,C,Élevé
plot_16334,3.0,ultramap,M,Élevé
plot_16335,2.0,ultramap,D,Moyen
plot_16336,2.0,ultramap,D,Élevé
plot_16337,3.0,ultramap,D,Élevé
plot_16338,3.0,ultramap,C,Élevé
plot_16339,2.0,ultramap,C,Élevé
plot_16340,2.0,ultramap,D,Élevé
plot_16341,3.0,ultramap,C,Élevé
plot_16342,3.0,ultramap,D,Élevé
plot_16343,3.0,ultramap,M,Élevé
plot_16344,3.0,ultramap,D,Élevé
plot_16345,3.0,ultramap,M,Élevé
plot_16346,2.0,ultramap,D,Élevé
plot_16347,2.0,ultramap,D,Moyen
plot_16348,3.0,ultramap,D,Élevé
plot_16349,3.0,ultramap,D,Élevé
plot_16350,3.0,ultramap,C,Élevé
plot_16351,2.0,ultramap,C,Élevé
plot_16352,2.0,ultramap,D,Élevé
plot_16353,2.0,ultramap,D,Moyen
plot_16354,2.0,ultramap,M,Moyen
plot_16355,3.0,ultramap,C,Élevé
plot_16356,3.0,ultramap,D,Élevé
plot_16357,2.0,ultramap,D,Élevé
plot_16358,2.0,ultramap,D,Élevé
plot_16359,2.0,ultramap,D,Moyen
plot_16360,3.0,ultramap,C,Élevé
plot_16361,3.0,ultramap,M,Élevé
plot_16362,3.0,ultramap,D,Élevé
plot_16363,2.0,ultramap,D,Élevé
plot_16364,2.0,ultramap,D,Moyen
plot_16365,2.0,ultramap,D,Moyen
plot_16366,3.0,ultramap,M,Élevé
plot_16367,3.0,ultramap,D,Élevé
plot_16368,2.0,ultramap,C,Élevé
plot_16369,2.0,ultramap,D,Moyen
plot_16370,2.0,ultramap,D,Moyen
plot_16371,2.0,ultramap,D,Élevé
plot_16372,3.0,ultramap,C,Élevé
plot_16373,3.0,ultramap,C,Élevé
plot_16374,3.0,ultramap,C,Élevé
plot_16375,3.0,ultramap,M,Élevé
plot_16376,2.0,ultramap,C,Élevé
plot_16377,2.0,ultramap,M,Moyen
plot_16378,3.0,ultramap,C,Élevé
plot_16379,3.0,ultramap,C,Élevé
plot_16380,3.0,ultramap,C,Élevé
plot_16381,3.0,ultramap,D,Élevé
plot_16382,3.0,ultramap,D,Élevé
plot_16383,3.0,ultramap,C,Élevé
plot_16384,3.0,ultramap,C,Élevé
plot_16385,3.0,ultramap,C,Élevé
plot_16386,3.0,ultramap,C,Élevé
plot_16387,3.0,ultramap,D,Élevé
plot_16388,3.0,ultramap,C,Élevé
plot_16389,3.0,ultramap,D,Élevé
plot_16390,3.0,ultramap,C,Élevé
plot_16391,3.0,ultramap,M,Élevé
plot_16392,3.0,ultramap,M,Élevé
plot_16393,3.0,ultramap,C,Élevé
plot_16394,3.0,ultramap,C,Élevé
plot_16395,3.0,ultramap,D,Élevé
plot_16396,3.0,ultramap,C,Élevé
plot_16397,3.0,ultramap,C,Élevé
plot_16398,3.0,ultramap,C,Élevé
plot_16399,3.0,ultramap,C,Élevé
plot_16400,3.0,ultramap,C,Élevé
plot_16401,3.0,ultramap,C,Élevé
plot_16402,3.0,ultramap,D,Élevé
plot_16403,3.0,ultramap,C,Élevé
plot_16404,3.0,ultramap,M,Élevé
plot_16405,3.0,ultramap,M,Élevé
plot_16406,3.0,ultramap,C,Élevé
plot_16407,3.0,ultramap,C,Élevé
plot_16408,3.0,ultramap,D,Élevé
plot_16409,3.0,ultramap,C,Élevé
plot_16410,3.0,ultramap,C,Élevé
plot_16411,3.0,ultramap,C,Élevé
plot_16412,3.0,ultramap,M,Élevé
plot_16413,3.0,ultramap,C,Élevé
plot_16414,3.0,ultramap,D,Élevé
plot_16415,3.0,micmac,M,Élevé
plot_16416,3.0,micmac,M,Élevé
plot_16417,3.0,micmac,M,Élevé
plot_16418,3.0,micmac,C,Élevé
plot_16419,3.0,micmac,M,Élevé
plot_16420,3.0,micmac,M,Élevé
plot_16421,3.0,micmac,C,Élevé
plot_16422,3.0,micmac,D,Élevé
plot_16423,3.0,micmac,M,Élevé
plot_16424,3.0,micmac,C,Élevé
plot_16425,3.0,micmac,C,Élevé
plot_16426,3.0,micmac,D,Élevé
plot_16427,3.0,micmac,C,Élevé
plot_16428,3.0,micmac,M,Élevé
plot_16429,3.0,micmac,D,Élevé
plot_16430,3.0,micmac,D,Élevé
plot_16431,3.0,micmac,M,Élevé
plot_16432,3.0,micmac,D,Élevé
plot_16433,3.0,micmac,D,Élevé
plot_16434,3.0,micmac,C,Élevé
plot_16435,3.0,micmac,D,Élevé
plot_16436,3.0,micmac,M,Élevé
plot_16437,3.0,micmac,M,Élevé
plot_16438,3.0,micmac,C,Élevé
plot_16439,3.0,micmac,D,Élevé
plot_16440,3.0,micmac,D,Élevé
plot_16441,3.0,micmac,C,Élevé
plot_16442,3.0,micmac,D,Élevé
plot_16443,3.0,micmac,C,Élevé
plot_16444,3.0,micmac,C,Élevé
plot_16445,3.0,micmac,C,Élevé
plot_16446,3.0,micmac,C,Élevé
plot_16447,3.0,micmac,C,Élevé
plot_16448,3.0,micmac,C,Élevé
plot_16449,3.0,micmac,C,Élevé
plot_16450,3.0,micmac,C,Élevé
plot_16451,3.0,micmac,C,Élevé
plot_16452,3.0,micmac,C,Élevé
plot_16453,3.0,micmac,M,Élevé
plot_16454,3.0,micmac,C,Élevé
plot_16455,3.0,micmac,M,Élevé
plot_16456,3.0,micmac,C,Élevé
plot_16457,3.0,micmac,C,Élevé
plot_16458,3.0,micmac,C,Élevé
plot_16459,3.0,micmac,C,Élevé
plot_16460,3.0,micmac,C,Élevé
plot_16461,3.0,micmac,C,Élevé
plot_16462,3.0,micmac,C,Élevé
plot_16463,3.0,micmac,C,Élevé
plot_16464,3.0,ultramap,M,Élevé
plot_16465,3.0,ultramap,C,Élevé
plot_16466,3.0,ultramap,C,Élevé
plot_16467,3.0,ultramap,C,Élevé
plot_16468,3.0,ultramap,M,Élevé
plot_16469,3.0,ultramap,C,Élevé
plot_16470,3.0,ultramap,C,Élevé
plot_16471,3.0,ultramap,C,Élevé
plot_16472,3.0,ultramap,M,Élevé
plot_16473,3.0,ultramap,C,Élevé
plot_16474,3.0,ultramap,D,Élevé
plot_16475,3.0,ultramap,D,Élevé
plot_16476,3.0,ultramap,C,Élevé
plot_16477,3.0,ultramap,D,Élevé
plot_16478,3.0,ultramap,D,Élevé
plot_16479,3.0,ultramap,M,Élevé
plot_16480,3.0,ultramap,D,Élevé
plot_16481,3.0,ultramap,C,Élevé
plot_16482,3.0,ultramap,C,Élevé
plot_16483,3.0,ultramap,C,Élevé
plot_16484,3.0,ultramap,C,Élevé
plot_16485,3.0,ultramap,D,Moyen
plot_16486,3.0,ultramap,C,Élevé
plot_16487,3.0,ultramap,C,Élevé
plot_16488,3.0,ultramap,C,Élevé
plot_16489,3.0,ultramap,M,Élevé
plot_16490,3.0,ultramap,D,Élevé
plot_16491,3.0,ultramap,D,Moyen
plot_16492,3.0,ultramap,M,Faible
plot_16493,3.0,ultramap,D,Élevé
plot_16494,3.0,ultramap,M,Élevé
plot_16495,3.0,ultramap,M,Élevé
plot_16496,3.0,ultramap,M,Faible
plot_16497,3.0,ultramap,C,Élevé
plot_16498,3.0,ultramap,C,Élevé
plot_16499,3.0,ultramap,C,Élevé
plot_16500,3.0,ultramap,D,Moyen
plot_16501,3.0,ultramap,C,Élevé
plot_16502,3.0,ultramap,M,Élevé
plot_16503,3.0,ultramap,D,Élevé
plot_16504,3.0,ultramap,D,Moyen
plot_16505,3.0,ultramap,M,Moyen
plot_16506,2.0,ultramap,C,Élevé
plot_16507,2.0,ultramap,M,Élevé
plot_16508,2.0,ultramap,C,Élevé
plot_16509,2.0,ultramap,C,Élevé
plot_16510,2.0,ultramap,D,Élevé
plot_16511,2.0,ultramap,D,Élevé
plot_16512,2.0,ultramap,C,Élevé
plot_16513,2.0,ultramap,C,Élevé
plot_16514,2.0,ultramap,D,Élevé
plot_16515,3.0,ultramap,C,Élevé
plot_16516,3.0,ultramap,D,Élevé
plot_16517,2.0,ultramap,C,Élevé
plot_16518,2.0,ultramap,C,Élevé
plot_16519,2.0,ultramap,C,Élevé
plot_16520,3.0,ultramap,D,Élevé
plot_16521,3.0,ultramap,C,Élevé
plot_16522,3.0,ultramap,D,Élevé
plot_16523,3.0,ultramap,C,Élevé
plot_16524,3.0,ultramap,C,Élevé
plot_16525,3.0,ultramap,M,Élevé
plot_16526,3.0,ultramap,M,Élevé
plot_16527,3.0,ultramap,D,Moyen
plot_16528,3.0,ultramap,D,Élevé
plot_16529,3.0,ultramap,D,Élevé
plot_16530,3.0,ultramap,C,Élevé
plot_16531,3.0,ultramap,D,Moyen
plot_16532,3.0,ultramap,D,Élevé
plot_16533,3.0,ultramap,D,Élevé
plot_16534,3.0,ultramap,M,Élevé
plot_16535,3.0,ultramap,C,Élevé
plot_16536,3.0,ultramap,M,Élevé
plot_16537,3.0,ultramap,D,Élevé
plot_16538,2.0,ultramap,M,Élevé
plot_16539,3.0,ultramap,D,Élevé
plot_16540,3.0,ultramap,C,Élevé
plot_16541,3.0,ultramap,C,Élevé
plot_16542,3.0,ultramap,C,Élevé
plot_16543,3.0,ultramap,D,Élevé
plot_16544,3.0,ultramap,D,Élevé
plot_16545,3.0,ultramap,D,Moyen
plot_16546,3.0,ultramap,D,Moyen
plot_16547,3.0,ultramap,C,Élevé
plot_16548,3.0,ultramap,M,Élevé
plot_16549,3.0,ultramap,D,Élevé
plot_16550,3.0,ultramap,M,Moyen
plot_16551,3.0,ultramap,D,Élevé
plot_16552,3.0,ultramap,D,Élevé
plot_16553,3.0,ultramap,D,Moyen
plot_16554,3.0,ultramap,C,Moyen
plot_16555,2.0,ultramap,D,Moyen
plot_16556,2.0,ultramap,D,Faible
plot_16557,3.0,ultramap,D,Moyen
plot_16558,3.0,ultramap,D,Élevé
plot_16559,3.0,ultramap,C,Élevé
plot_16560,3.0,ultramap,D,Élevé
plot_16561,3.0,ultramap,C,Élevé
plot_16562,3.0,ultramap,C,Élevé
plot_16563,3.0,ultramap,C,Élevé
plot_16564,2.0,ultramap,D,Moyen
plot_16565,2.0,ultramap,D,Moyen
plot_16566,2.0,ultramap,D,Moyen
plot_16567,2.0,ultramap,D,Faible
plot_16568,3.0,ultramap,D,Moyen
plot_16569,3.0,ultramap,D,Moyen
plot_16570,3.0,ultramap,D,Moyen
plot_16571,3.0,ultramap,D,Élevé
plot_16572,3.0,ultramap,D,Moyen
plot_16573,3.0,ultramap,M,Moyen
plot_16574,3.0,ultramap,M,Moyen
plot_16575,2.0,ultramap,D,Élevé
plot_16576,2.0,ultramap,D,Moyen
plot_16577,2.0,ultramap,D,Moyen
plot_16578,3.0,ultramap,D,Élevé
plot_16579,3.0,ultramap,M,Élevé
plot_16580,3.0,ultramap,D,Moyen
plot_16581,3.0,ultramap,D,Moyen
plot_16582,2.0,ultramap,D,Élevé
plot_16583,2.0,ultramap,D,Moyen
plot_16584,2.0,ultramap,D,Moyen
plot_16585,2.0,ultramap,D,Moyen
plot_16586,3.0,ultramap,D,Faible
plot_16587,2.0,ultramap,D,Moyen
plot_16588,2.0,ultramap,M,Moyen
plot_16589,2.0,ultramap,D,Faible
plot_16590,2.0,ultramap,D,Moyen
plot_16591,1.0,micmac,D,Faible
plot_16592,1.0,micmac,D,Moyen
plot_16593,2.0,micmac,M,Moyen
plot_16594,2.0,micmac,D,Moyen
plot_16595,1.0,micmac,D,Moyen
plot_16596,1.0,micmac,D,Moyen
plot_16597,2.0,micmac,D,Moyen
plot_16598,1.0,micmac,D,Moyen
plot_16599,1.0,micmac,D,Moyen
plot_16600,1.0,micmac,D,Moyen
plot_16601,2.0,micmac,D,Moyen
plot_16602,2.0,micmac,D,Moyen
plot_16603,2.0,micmac,D,Moyen
plot_16604,1.0,micmac,D,Faible
plot_16605,1.0,micmac,D,Moyen
plot_16606,1.0,micmac,D,Faible
plot_16607,1.0,micmac,D,Moyen
plot_16608,1.0,micmac,D,Moyen
plot_16609,1.0,micmac,D,Moyen
plot_16610,2.0,micmac,D,Moyen
plot_16611,2.0,micmac,D,Moyen
plot_16612,1.0,micmac,C,Moyen
plot_16613,1.0,micmac,D,Moyen
plot_16614,1.0,micmac,D,Moyen
plot_16615,1.0,micmac,D,Moyen
plot_16616,1.0,micmac,D,Moyen
plot_16617,1.0,micmac,C,Moyen
plot_16618,2.0,micmac,D,Moyen
plot_16619,1.0,micmac,D,Moyen
plot_16620,1.0,micmac,D,Moyen
plot_16621,2.0,micmac,D,Faible
plot_16622,1.0,micmac,D,Moyen
plot_16623,1.0,micmac,D,Moyen
plot_16624,2.0,micmac,D,Faible
plot_16625,2.0,micmac,D,Moyen
plot_16626,1.0,micmac,D,Faible
plot_16627,1.0,micmac,D,Moyen
plot_16628,2.0,micmac,M,Moyen
plot_16629,2.0,micmac,D,Moyen
plot_16630,1.0,micmac,D,Faible
plot_16631,1.0,micmac,D,Moyen
plot_16632,1.0,micmac,D,Faible
plot_16633,1.0,micmac,M,Moyen
plot_16634,2.0,micmac,D,Moyen
plot_16635,2.0,micmac,D,Faible
plot_16636,1.0,micmac,D,Moyen
plot_16637,1.0,micmac,C,Faible
plot_16638,1.0,micmac,D,Moyen
plot_16639,1.0,micmac,C,Moyen
plot_16640,1.0,micmac,D,Moyen
plot_16641,1.0,micmac,D,Moyen
plot_16642,1.0,micmac,D,Faible
plot_16643,1.0,micmac,D,Faible
plot_16644,2.0,micmac,D,Moyen
plot_16645,1.0,micmac,D,Faible
plot_16646,2.0,micmac,D,Moyen
plot_16647,1.0,micmac,D,Moyen
plot_16648,2.0,micmac,D,Moyen
plot_16649,2.0,micmac,D,Moyen
plot_16650,1.0,micmac,D,Faible
plot_16651,2.0,micmac,D,Moyen
plot_16652,3.0,micmac,D,Élevé
plot_16653,3.0,micmac,D,Élevé
plot_16654,3.0,micmac,D,Élevé
plot_16655,2.0,micmac,D,Moyen
plot_16656,3.0,micmac,D,Moyen
plot_16657,3.0,micmac,D,Élevé
plot_16658,3.0,micmac,C,Élevé
plot_16659,3.0,micmac,D,Élevé
plot_16660,2.0,micmac,D,Élevé
plot_16661,2.0,micmac,D,Moyen
plot_16662,3.0,micmac,D,Élevé
plot_16663,2.0,micmac,D,Moyen
plot_16664,3.0,micmac,D,Moyen
plot_16665,2.0,micmac,D,Moyen
plot_16666,2.0,micmac,D,Moyen
plot_16667,3.0,micmac,D,Élevé
plot_16668,3.0,micmac,D,Élevé
plot_16669,3.0,micmac,D,Élevé
plot_16670,3.0,micmac,D,Élevé
plot_16671,3.0,micmac,D,Élevé
plot_16672,3.0,micmac,D,Élevé
plot_16673,3.0,micmac,D,Élevé
plot_16674,3.0,micmac,D,Élevé
plot_16675,2.0,micmac,D,Moyen
plot_16676,2.0,micmac,M,Élevé
plot_16677,3.0,micmac,D,Élevé
plot_16678,3.0,micmac,D,Élevé
plot_16679,2.0,micmac,D,Moyen
plot_16680,3.0,micmac,C,Élevé
plot_16681,2.0,micmac,D,Moyen
plot_16682,2.0,micmac,D,Moyen
plot_16683,3.0,micmac,C,Élevé
plot_16684,3.0,micmac,C,Élevé
plot_16685,2.0,micmac,D,Moyen
plot_16686,3.0,micmac,C,Élevé
plot_16687,3.0,micmac,C,Élevé
plot_16688,3.0,micmac,D,Moyen
plot_16689,3.0,micmac,D,Élevé
plot_16690,3.0,micmac,D,Élevé
plot_16691,3.0,micmac,D,Élevé
plot_16692,2.0,micmac,D,Moyen
plot_16693,2.0,micmac,D,Moyen
plot_16694,2.0,micmac,D,Élevé
plot_16695,3.0,micmac,D,Élevé
plot_16696,3.0,micmac,M,Élevé
plot_16697,3.0,micmac,D,Élevé
plot_16698,3.0,micmac,C,Élevé
plot_16699,3.0,micmac,D,Élevé
plot_16700,3.0,micmac,D,Élevé
plot_16701,3.0,micmac,D,Élevé
plot_16702,2.0,micmac,D,Moyen
plot_16703,3.0,micmac,M,Élevé
plot_16704,3.0,micmac,M,Élevé
plot_16705,3.0,micmac,M,Élevé
plot_16706,3.0,micmac,M,Élevé
plot_16707,3.0,micmac,D,Élevé
plot_16708,3.0,micmac,C,Élevé
plot_16709,3.0,micmac,D,Élevé
plot_16711,1.0,micmac,D,Faible
plot_16712,1.0,micmac,D,Faible
plot_16713,1.0,micmac,D,Moyen
plot_16714,1.0,micmac,D,Moyen
plot_16715,1.0,micmac,D,Moyen
plot_16716,1.0,micmac,C,Moyen
plot_16717,1.0,micmac,C,Moyen
plot_16718,1.0,micmac,D,Faible
plot_16719,1.0,micmac,C,Moyen
plot_16720,1.0,micmac,D,Faible
plot_16721,1.0,micmac,D,Faible
plot_16722,1.0,micmac,M,Faible
plot_16723,1.0,micmac,D,Faible
plot_16724,1.0,micmac,D,Faible
plot_16725,1.0,micmac,D,Faible
plot_16726,1.0,micmac,D,Faible
plot_16727,1.0,micmac,D,Faible
plot_16728,1.0,micmac,D,Faible
plot_16729,1.0,micmac,D,Faible
plot_16730,1.0,micmac,D,Faible
plot_16731,1.0,micmac,D,Faible
plot_16732,1.0,micmac,D,Faible
plot_16733,2.0,micmac,M,Moyen
plot_16734,1.0,micmac,D,Faible
plot_16735,1.0,micmac,D,Faible
plot_16736,1.0,micmac,D,Moyen
plot_16737,1.0,micmac,D,Faible
plot_16738,2.0,micmac,D,Moyen
plot_16739,1.0,micmac,D,Faible
plot_16740,1.0,micmac,D,Faible
plot_16741,1.0,micmac,D,Faible
plot_16742,2.0,micmac,D,Faible
plot_16743,2.0,micmac,M,Moyen
plot_16744,1.0,micmac,D,Faible
plot_16745,1.0,micmac,D,Faible
plot_16746,1.0,micmac,D,Faible
plot_16747,1.0,micmac,D,Faible
plot_16748,2.0,micmac,C,Moyen
plot_16749,1.0,micmac,D,Faible
plot_16750,1.0,micmac,D,Faible
plot_16751,2.0,micmac,D,Moyen
plot_16752,2.0,micmac,M,Moyen
plot_16753,1.0,micmac,D,Faible
plot_16754,1.0,micmac,D,Faible
plot_16755,2.0,micmac,C,Moyen
plot_16756,1.0,micmac,D,Faible
plot_16757,2.0,micmac,D,Moyen
plot_16758,2.0,micmac,D,Moyen
plot_16759,2.0,micmac,D,Moyen
plot_16760,2.0,micmac,D,Moyen
plot_16761,2.0,micmac,C,Moyen
plot_16762,2.0,micmac,D,Moyen
plot_16763,2.0,micmac,D,Moyen
plot_16764,2.0,micmac,D,Moyen
plot_16765,2.0,micmac,D,Moyen
plot_16766,2.0,micmac,D,Moyen
plot_16767,2.0,micmac,D,Moyen
plot_16768,2.0,micmac,D,Moyen
plot_16769,2.0,micmac,D,Moyen
plot_16770,2.0,micmac,D,Moyen
plot_16771,2.0,micmac,D,Moyen
plot_16772,2.0,micmac,D,Moyen
plot_16773,2.0,ultramap,D,Moyen
plot_16774,2.0,ultramap,D,Moyen
plot_16775,3.0,ultramap,M,Élevé
plot_16776,2.0,ultramap,D,Moyen
plot_16777,2.0,ultramap,C,Moyen
plot_16778,3.0,ultramap,D,Élevé
plot_16779,2.0,ultramap,D,Moyen
plot_16780,2.0,ultramap,M,Moyen
plot_16781,3.0,ultramap,C,Élevé
plot_16782,2.0,ultramap,D,Moyen
plot_16783,3.0,ultramap,D,Élevé
plot_16784,2.0,ultramap,D,Moyen
plot_16785,2.0,ultramap,D,Moyen
plot_16786,2.0,ultramap,C,Moyen
plot_16787,3.0,ultramap,D,Élevé
plot_16788,3.0,ultramap,C,Élevé
plot_16789,3.0,ultramap,M,Élevé
plot_16790,2.0,ultramap,D,Moyen
plot_16791,2.0,ultramap,D,Élevé
plot_16792,3.0,ultramap,D,Élevé
plot_16793,3.0,ultramap,C,Élevé
plot_16794,3.0,ultramap,C,Élevé
plot_16795,2.0,ultramap,D,Moyen
plot_16796,2.0,ultramap,M,Moyen
plot_16797,2.0,ultramap,D,Moyen
plot_16798,3.0,ultramap,D,Élevé
plot_16799,2.0,ultramap,D,Faible
plot_16800,3.0,ultramap,M,Élevé
plot_16801,3.0,ultramap,D,Élevé
plot_16802,2.0,ultramap,C,Faible
plot_16803,2.0,ultramap,C,Faible
plot_16804,2.0,ultramap,D,Élevé
plot_16805,3.0,ultramap,D,Élevé
plot_16806,3.0,ultramap,D,Élevé
plot_16807,3.0,ultramap,C,Élevé
plot_16808,2.0,ultramap,C,Moyen
plot_16809,2.0,ultramap,D,Élevé
plot_16810,2.0,ultramap,M,Élevé
plot_16811,2.0,ultramap,D,Moyen
plot_16812,3.0,ultramap,M,Élevé
plot_16813,3.0,ultramap,M,Élevé
plot_16814,3.0,ultramap,D,Élevé
plot_16815,2.0,ultramap,D,Moyen
plot_16816,2.0,ultramap,D,Élevé
plot_16817,2.0,ultramap,M,Élevé
plot_16818,2.0,ultramap,C,Faible
plot_16819,2.0,ultramap,C,Moyen
plot_16820,2.0,ultramap,D,Moyen
plot_16821,2.0,ultramap,D,Élevé
plot_16822,2.0,ultramap,D,Élevé
plot_16823,2.0,ultramap,C,Faible
plot_16824,2.0,ultramap,C,Faible
plot_16825,2.0,ultramap,C,Faible
plot_16826,2.0,ultramap,C,Faible
plot_16827,2.0,ultramap,D,Moyen
plot_16828,2.0,ultramap,C,Faible
plot_16829,2.0,ultramap,D,Moyen
plot_16830,2.0,ultramap,D,Moyen
plot_16831,2.0,ultramap,D,Moyen
plot_16832,2.0,ultramap,C,Faible
plot_16833,2.0,ultramap,M,Faible
plot_16834,2.0,ultramap,C,Faible
plot_16835,2.0,ultramap,C,Faible
plot_16836,2.0,ultramap,C,Faible
plot_16837,2.0,ultramap,D,Faible
plot_16838,2.0,micmac,D,Moyen
plot_16839,2.0,micmac,D,Moyen
plot_16840,2.0,micmac,D,Moyen
plot_16841,2.0,micmac,D,Moyen
plot_16842,2.0,micmac,D,Moyen
plot_16843,2.0,micmac,D,Moyen
plot_16844,2.0,micmac,D,Moyen
plot_16845,2.0,micmac,D,Moyen
plot_16846,2.0,micmac,D,Moyen
plot_16847,2.0,micmac,D,Moyen
plot_16848,2.0,micmac,D,Moyen
plot_16849,2.0,micmac,M,Moyen
plot_16850,2.0,micmac,D,Moyen
plot_16851,2.0,micmac,D,Élevé
plot_16852,2.0,micmac,D,Moyen
plot_16853,2.0,micmac,D,Moyen
plot_16854,2.0,micmac,D,Moyen
plot_16855,2.0,micmac,D,Moyen
plot_16856,2.0,micmac,D,Élevé
plot_16857,2.0,micmac,D,Moyen
plot_16858,2.0,micmac,D,Moyen
plot_16859,2.0,micmac,D,Élevé
plot_16860,2.0,micmac,D,Moyen
plot_16861,2.0,micmac,D,Élevé
plot_16862,2.0,micmac,D,Élevé
plot_16863,2.0,micmac,D,Élevé
plot_16864,2.0,micmac,D,Élevé
plot_16865,2.0,micmac,D,Élevé
plot_16866,2.0,micmac,D,Moyen
plot_16867,2.0,micmac,D,Élevé
plot_16868,2.0,micmac,D,Élevé
plot_16869,2.0,micmac,D,Élevé
plot_16870,2.0,micmac,D,Élevé
plot_16871,2.0,micmac,D,Moyen
plot_16872,2.0,micmac,D,Élevé
plot_16873,2.0,micmac,D,Moyen
plot_16874,2.0,micmac,D,Moyen
plot_16875,2.0,micmac,C,Élevé
plot_16876,2.0,micmac,D,Élevé
plot_16877,2.0,micmac,D,Élevé
plot_16878,2.0,micmac,D,Moyen
plot_16879,2.0,micmac,D,Élevé
plot_16880,2.0,micmac,D,Élevé
plot_16881,2.0,micmac,D,Élevé
plot_16882,2.0,micmac,M,Élevé
plot_16883,2.0,micmac,D,Moyen
plot_16884,2.0,micmac,D,Élevé
plot_16885,2.0,micmac,D,Élevé
plot_16886,2.0,micmac,D,Élevé
plot_16887,2.0,micmac,D,Élevé
plot_16888,2.0,micmac,D,Élevé
plot_16889,2.0,micmac,D,Moyen
plot_16890,2.0,micmac,D,Élevé
plot_16891,2.0,micmac,D,Élevé
plot_16892,2.0,micmac,D,Élevé
plot_16893,2.0,micmac,C,Élevé
plot_16894,2.0,micmac,D,Élevé
plot_16895,2.0,micmac,D,Moyen
plot_16896,2.0,micmac,D,Élevé
plot_16897,2.0,micmac,D,Élevé
plot_16898,2.0,micmac,D,Élevé
plot_16899,2.0,micmac,D,Élevé
plot_16900,2.0,micmac,D,Moyen
plot_16901,3.0,micmac,D,Élevé
plot_16902,2.0,micmac,D,Élevé
plot_16903,2.0,micmac,D,Moyen
plot_16904,2.0,micmac,C,Élevé
plot_16905,2.0,micmac,C,Élevé
plot_16906,2.0,micmac,D,Élevé
plot_16907,3.0,micmac,D,Élevé
plot_16908,3.0,micmac,D,Élevé
plot_16909,2.0,micmac,C,Élevé
plot_16910,2.0,micmac,D,Élevé
plot_16911,2.0,micmac,D,Élevé
plot_16912,2.0,micmac,M,Élevé
plot_16913,3.0,micmac,D,Élevé
plot_16914,2.0,micmac,C,Élevé
plot_16915,2.0,micmac,M,Élevé
plot_16916,2.0,micmac,C,Élevé
plot_16917,2.0,micmac,C,Élevé
plot_16918,2.0,micmac,M,Élevé
plot_16919,2.0,micmac,C,Élevé
plot_16920,2.0,micmac,D,Élevé
plot_16921,2.0,ultramap,D,Faible
plot_16922,2.0,ultramap,C,Faible
plot_16923,2.0,ultramap,C,Moyen
plot_16924,2.0,ultramap,M,Faible
plot_16925,2.0,ultramap,D,Faible
plot_16926,2.0,ultramap,C,Faible
plot_16927,2.0,ultramap,D,Faible
plot_16928,2.0,ultramap,D,Moyen
plot_16929,2.0,ultramap,C,Faible
plot_16930,2.0,ultramap,M,Moyen
plot_16931,2.0,ultramap,C,Faible
plot_16932,2.0,ultramap,C,Faible
plot_16933,2.0,ultramap,C,Faible
plot_16934,2.0,ultramap,C,Faible
plot_16935,2.0,ultramap,C,Moyen
plot_16936,2.0,ultramap,C,Faible
plot_16937,2.0,ultramap,D,Faible
plot_16938,2.0,ultramap,D,Moyen
plot_16939,2.0,ultramap,C,Faible
plot_16940,2.0,ultramap,D,Moyen
plot_16941,2.0,ultramap,D,Moyen
plot_16942,2.0,ultramap,C,Moyen
plot_16943,2.0,ultramap,C,Moyen
plot_16944,2.0,ultramap,C,Moyen
plot_16945,2.0,ultramap,C,Moyen
plot_16946,2.0,ultramap,C,Faible
plot_16947,2.0,ultramap,C,Moyen
plot_16948,2.0,ultramap,C,Faible
plot_16949,2.0,ultramap,M,Élevé
plot_16950,2.0,ultramap,M,Moyen
plot_16951,2.0,ultramap,D,Moyen
plot_16952,2.0,ultramap,D,Moyen
plot_16953,2.0,ultramap,C,Moyen
plot_16954,2.0,ultramap,C,Moyen
plot_16955,2.0,ultramap,M,Moyen
plot_16956,2.0,ultramap,C,Faible
plot_16957,2.0,ultramap,C,Élevé
plot_16958,2.0,ultramap,D,Élevé
plot_16959,2.0,ultramap,M,Moyen
plot_16960,2.0,ultramap,M,Moyen
plot_16961,1.0,ultramap,C,Moyen
plot_16962,1.0,ultramap,M,Moyen
plot_16963,1.0,ultramap,D,Faible
plot_16964,1.0,ultramap,D,Faible
plot_16965,1.0,ultramap,D,Faible
plot_16966,1.0,ultramap,D,Faible
plot_16967,1.0,ultramap,M,Faible
plot_16968,1.0,ultramap,D,Faible
plot_16969,1.0,ultramap,D,Faible
plot_16970,1.0,ultramap,D,Faible
plot_16971,1.0,ultramap,C,Moyen
plot_16972,1.0,ultramap,M,Moyen
plot_16973,1.0,ultramap,D,Faible
plot_16974,1.0,ultramap,D,Faible
plot_16975,1.0,ultramap,D,Faible
plot_16976,2.0,micmac,D,Moyen
plot_16977,2.0,micmac,D,Élevé
plot_16978,2.0,micmac,D,Élevé
plot_16979,2.0,micmac,D,Élevé
plot_16980,2.0,micmac,D,Élevé
plot_16981,2.0,micmac,M,Élevé
plot_16982,2.0,micmac,D,Élevé
plot_16983,2.0,micmac,D,Moyen
plot_16984,3.0,micmac,D,Élevé
plot_16985,3.0,micmac,D,Élevé
plot_16986,2.0,micmac,D,Moyen
plot_16987,2.0,micmac,D,Élevé
plot_16988,3.0,micmac,D,Élevé
plot_16989,2.0,micmac,D,Élevé
plot_16990,2.0,micmac,D,Élevé
plot_16991,2.0,micmac,D,Moyen
plot_16992,2.0,micmac,D,Élevé
plot_16993,2.0,micmac,D,Moyen
plot_16994,3.0,micmac,D,Élevé
plot_16995,3.0,micmac,M,Élevé
plot_16996,2.0,micmac,D,Élevé
plot_16997,2.0,micmac,D,Moyen
plot_16998,3.0,micmac,D,Élevé
plot_16999,3.0,micmac,D,Élevé
plot_17000,3.0,micmac,D,Élevé
plot_17001,3.0,micmac,D,Élevé
plot_17002,3.0,micmac,M,Élevé
plot_17003,2.0,micmac,M,Élevé
plot_17004,3.0,micmac,D,Élevé
plot_17005,3.0,micmac,D,Élevé
plot_17006,2.0,micmac,D,Élevé
plot_17007,3.0,micmac,D,Élevé
plot_17008,3.0,micmac,C,Élevé
plot_17009,2.0,micmac,D,Élevé
plot_17010,3.0,micmac,D,Élevé
plot_17011,2.0,micmac,D,Élevé
plot_17012,2.0,micmac,D,Moyen
plot_17013,3.0,micmac,C,Élevé
plot_17014,3.0,micmac,D,Élevé
plot_17015,2.0,micmac,D,Élevé
plot_17016,3.0,micmac,D,Élevé
plot_17017,3.0,micmac,C,Élevé
plot_17018,3.0,micmac,D,Élevé
plot_17019,3.0,micmac,D,Élevé
plot_17020,3.0,micmac,D,Élevé
plot_17021,3.0,micmac,C,Élevé
plot_17022,3.0,micmac,D,Élevé
plot_17023,3.0,micmac,M,Élevé
plot_17024,2.0,micmac,D,Élevé
plot_17025,3.0,micmac,D,Élevé
plot_17026,2.0,micmac,D,Élevé
plot_17027,2.0,micmac,M,Élevé
plot_17028,2.0,micmac,D,Élevé
plot_17029,2.0,micmac,D,Élevé
plot_17030,2.0,micmac,D,Élevé
plot_17031,2.0,micmac,C,Élevé
plot_17032,2.0,micmac,M,Élevé
plot_17033,2.0,micmac,D,Élevé
plot_17034,2.0,micmac,M,Élevé
plot_17035,2.0,micmac,C,Élevé
plot_17036,2.0,micmac,M,Élevé
plot_17037,2.0,micmac,M,Élevé
plot_17038,2.0,micmac,D,Élevé
plot_17039,2.0,micmac,C,Élevé
plot_17040,2.0,micmac,D,Élevé
plot_17041,2.0,micmac,C,Élevé
plot_17042,2.0,ultramap,D,Faible
plot_17043,2.0,ultramap,D,Faible
plot_17044,2.0,ultramap,D,Faible
plot_17045,2.0,ultramap,D,Faible
plot_17046,2.0,ultramap,D,Faible
plot_17047,2.0,ultramap,D,Faible
plot_17048,2.0,ultramap,D,Faible
plot_17049,2.0,ultramap,D,Faible
plot_17050,2.0,ultramap,D,Faible
plot_17051,2.0,ultramap,D,Faible
plot_17052,2.0,ultramap,D,Faible
plot_17053,2.0,ultramap,D,Faible
plot_17054,2.0,ultramap,D,Faible
plot_17055,2.0,ultramap,D,Faible
plot_17056,2.0,ultramap,D,Faible
plot_17057,2.0,ultramap,D,Faible
plot_17058,2.0,ultramap,D,Faible
plot_17059,2.0,ultramap,D,Faible
plot_17060,2.0,ultramap,D,Faible
plot_17061,2.0,ultramap,D,Faible
plot_17062,2.0,ultramap,D,Faible
plot_17063,2.0,ultramap,D,Faible
plot_17064,2.0,ultramap,D,Faible
plot_17065,2.0,ultramap,D,Faible
plot_17066,2.0,ultramap,D,Faible
plot_17067,2.0,ultramap,D,Faible
plot_17068,2.0,ultramap,D,Faible
plot_17069,2.0,ultramap,D,Faible
plot_17070,2.0,ultramap,D,Faible
plot_17071,2.0,ultramap,D,Faible
plot_17072,2.0,ultramap,D,Faible
plot_17073,2.0,ultramap,D,Faible
plot_17074,2.0,ultramap,C,Faible
plot_17075,2.0,ultramap,M,Faible
plot_17076,2.0,ultramap,D,Faible
plot_17077,2.0,ultramap,D,Faible
plot_17078,2.0,ultramap,D,Faible
plot_17079,2.0,ultramap,D,Faible
plot_17080,2.0,ultramap,D,Moyen
plot_17081,2.0,ultramap,D,Moyen
plot_17082,2.0,ultramap,D,Faible
plot_17083,2.0,ultramap,D,Faible
plot_17084,2.0,ultramap,D,Faible
plot_17085,2.0,ultramap,C,Moyen
plot_17086,2.0,ultramap,D,Moyen
plot_17087,2.0,ultramap,C,Faible
plot_17088,2.0,ultramap,D,Faible
plot_17089,2.0,ultramap,D,Faible
plot_17090,2.0,ultramap,D,Faible
plot_17091,2.0,ultramap,D,Moyen
plot_17092,2.0,ultramap,D,Moyen
plot_17093,2.0,ultramap,C,Moyen
plot_17094,2.0,ultramap,D,Moyen
plot_17095,2.0,ultramap,M,Faible
plot_17096,2.0,ultramap,D,Faible
plot_17097,2.0,ultramap,D,Faible
plot_17098,2.0,ultramap,D,Faible
plot_17099,2.0,ultramap,M,Faible
plot_17100,2.0,ultramap,M,Faible
plot_17101,2.0,ultramap,D,Faible
plot_17102,2.0,ultramap,D,Faible
plot_17103,2.0,ultramap,D,Faible
plot_17104,2.0,ultramap,D,Faible
plot_17105,2.0,ultramap,D,Faible
plot_17106,2.0,ultramap,D,Faible
plot_17107,2.0,ultramap,D,Faible
plot_17108,2.0,ultramap,D,Faible
plot_17109,2.0,ultramap,D,Faible
plot_17110,2.0,ultramap,D,Faible
plot_17111,2.0,ultramap,D,Faible
plot_17112,2.0,ultramap,D,Faible
plot_17113,2.0,ultramap,D,Faible
plot_17114,2.0,ultramap,D,Faible
plot_17115,2.0,ultramap,D,Faible
plot_17116,2.0,ultramap,D,Faible
plot_17117,2.0,ultramap,D,Faible
plot_17118,2.0,ultramap,D,Faible
plot_17119,2.0,ultramap,D,Faible
plot_17120,2.0,ultramap,M,Faible
plot_17121,2.0,ultramap,D,Faible
plot_17122,2.0,ultramap,D,Faible
plot_17123,2.0,ultramap,D,Faible
plot_17124,2.0,ultramap,D,Faible
plot_17125,2.0,ultramap,D,Faible
plot_17126,2.0,ultramap,D,Faible
plot_17127,2.0,ultramap,D,Faible
plot_17128,2.0,ultramap,D,Faible
plot_17129,2.0,ultramap,D,Faible
plot_17130,2.0,ultramap,C,Faible
plot_17131,2.0,ultramap,D,Faible
plot_17132,2.0,ultramap,D,Faible
plot_17133,2.0,ultramap,D,Faible
plot_17134,2.0,ultramap,M,Faible
plot_17135,2.0,ultramap,C,Faible
plot_17136,2.0,ultramap,M,Faible
plot_17137,2.0,ultramap,D,Faible
plot_17138,2.0,ultramap,D,Faible
plot_17139,1.0,ultramap,D,Faible
plot_17140,1.0,ultramap,M,Faible
plot_17141,1.0,ultramap,D,Faible
plot_17142,1.0,ultramap,D,Faible
plot_17143,1.0,ultramap,D,Faible
plot_17144,1.0,ultramap,M,Faible
plot_17145,1.0,ultramap,D,Faible
plot_17146,1.0,ultramap,D,Faible
plot_17147,1.0,ultramap,D,Faible
plot_17149,1.0,ultramap,D,Faible
plot_17150,1.0,ultramap,D,Faible
plot_17151,1.0,ultramap,C,Faible
plot_17152,1.0,ultramap,D,Faible
plot_17153,1.0,ultramap,M,Faible
plot_17154,1.0,ultramap,D,Faible
plot_17155,1.0,ultramap,D,Faible
plot_17156,1.0,ultramap,D,Faible
plot_17157,1.0,ultramap,D,Faible
plot_17158,1.0,ultramap,C,Faible
plot_17159,1.0,ultramap,D,Faible
plot_17160,1.0,ultramap,D,Faible
plot_17161,1.0,ultramap,D,Faible
plot_17162,1.0,ultramap,M,Faible
plot_17163,1.0,ultramap,D,Faible
plot_17164,1.0,ultramap,D,Faible
plot_17165,1.0,ultramap,D,Faible
plot_17166,1.0,ultramap,D,Faible
plot_17167,1.0,ultramap,D,Moyen
plot_17168,1.0,ultramap,D,Moyen
plot_17169,1.0,ultramap,D,Moyen
plot_17170,1.0,ultramap,D,Faible
plot_17171,1.0,ultramap,C,Faible
plot_17172,1.0,ultramap,D,Faible
plot_17173,1.0,ultramap,D,Faible
plot_17174,1.0,ultramap,D,Faible
plot_17175,1.0,ultramap,D,Moyen
plot_17176,1.0,ultramap,D,Moyen
plot_17177,1.0,ultramap,D,Moyen
plot_17178,1.0,ultramap,D,Faible
plot_17179,1.0,ultramap,D,Faible
plot_17180,1.0,ultramap,M,Faible
plot_17181,1.0,ultramap,D,Moyen
plot_17182,1.0,ultramap,D,Moyen
plot_17183,1.0,ultramap,D,Moyen
plot_17184,1.0,ultramap,D,Faible
plot_17185,1.0,ultramap,D,Faible
plot_17186,1.0,ultramap,D,Moyen
plot_17187,1.0,ultramap,D,Moyen
plot_17188,1.0,ultramap,D,Faible
plot_17189,1.0,ultramap,D,Moyen
plot_17190,1.0,ultramap,M,Faible
plot_17191,1.0,ultramap,D,Moyen
plot_17192,1.0,ultramap,D,Faible
plot_17193,1.0,ultramap,D,Faible
plot_17194,1.0,ultramap,D,Faible
plot_17195,1.0,ultramap,D,Moyen
plot_17196,1.0,ultramap,D,Faible
plot_17197,1.0,ultramap,D,Faible
plot_17198,1.0,ultramap,D,Faible
plot_17199,1.0,ultramap,D,Moyen
plot_17200,2.0,ultramap,C,Moyen
plot_17201,1.0,ultramap,D,Faible
plot_17202,1.0,ultramap,D,Faible
plot_17203,1.0,ultramap,D,Moyen
plot_17204,1.0,ultramap,D,Faible
plot_17205,1.0,ultramap,D,Faible
plot_17206,1.0,ultramap,D,Faible
plot_17207,1.0,ultramap,D,Faible
plot_17208,1.0,ultramap,D,Moyen
plot_17209,1.0,ultramap,D,Faible
plot_17210,1.0,ultramap,D,Moyen
plot_17211,1.0,ultramap,D,Faible
plot_17212,1.0,ultramap,D,Moyen
plot_17213,1.0,ultramap,D,Faible
plot_17214,1.0,ultramap,D,Faible
plot_17215,1.0,ultramap,D,Faible
plot_17216,1.0,ultramap,C,Moyen
plot_17217,1.0,ultramap,D,Faible
plot_17218,1.0,ultramap,D,Moyen
plot_17219,1.0,ultramap,D,Moyen
plot_17220,2.0,ultramap,D,Moyen
plot_17221,2.0,ultramap,D,Moyen
plot_17222,2.0,ultramap,D,Moyen
plot_17223,2.0,ultramap,D,Moyen
plot_17224,2.0,ultramap,D,Faible
plot_17225,2.0,ultramap,D,Moyen
plot_17226,2.0,ultramap,D,Faible
plot_17227,2.0,ultramap,D,Moyen
plot_17228,2.0,ultramap,D,Moyen
plot_17229,2.0,ultramap,D,Faible
plot_17230,2.0,ultramap,D,Moyen
plot_17231,2.0,ultramap,C,Élevé
plot_17232,2.0,ultramap,D,Moyen
plot_17233,2.0,ultramap,D,Moyen
plot_17234,2.0,ultramap,C,Moyen
plot_17235,2.0,ultramap,D,Moyen
plot_17236,2.0,ultramap,D,Élevé
plot_17237,2.0,ultramap,D,Moyen
plot_17238,2.0,ultramap,M,Élevé
plot_17239,2.0,ultramap,C,Élevé
plot_17240,2.0,ultramap,M,Moyen
plot_17241,2.0,ultramap,D,Élevé
plot_17242,2.0,ultramap,C,Élevé
plot_17243,2.0,ultramap,D,Élevé
plot_17244,2.0,ultramap,D,Élevé
plot_17245,2.0,ultramap,D,Moyen
plot_17246,2.0,ultramap,D,Faible
plot_17247,2.0,ultramap,C,Élevé
plot_17248,2.0,ultramap,C,Élevé
plot_17249,2.0,ultramap,D,Élevé
plot_17250,2.0,ultramap,M,Moyen
plot_17251,2.0,ultramap,D,Moyen
plot_17252,2.0,ultramap,D,Élevé
plot_17253,2.0,ultramap,C,Élevé
plot_17254,2.0,ultramap,D,Moyen
plot_17255,2.0,ultramap,D,Moyen
plot_17256,2.0,ultramap,D,Élevé
plot_17257,2.0,ultramap,C,Élevé
plot_17258,2.0,ultramap,D,Élevé
plot_17259,2.0,ultramap,D,Moyen
plot_17260,2.0,ultramap,D,Moyen
plot_17261,2.0,ultramap,M,Élevé
plot_17262,2.0,ultramap,D,Faible
plot_17263,2.0,ultramap,C,Élevé
plot_17264,2.0,ultramap,C,Élevé
plot_17265,2.0,ultramap,C,Élevé
plot_17266,2.0,ultramap,D,Élevé
plot_17267,2.0,ultramap,D,Moyen
plot_17268,2.0,ultramap,D,Moyen
plot_17269,2.0,ultramap,D,Moyen
plot_17270,2.0,ultramap,D,Élevé
plot_17271,2.0,ultramap,M,Élevé
plot_17272,2.0,ultramap,C,Élevé
plot_17273,2.0,ultramap,M,Élevé
plot_17274,2.0,ultramap,C,Élevé
plot_17275,2.0,ultramap,D,Élevé
plot_17276,2.0,ultramap,C,Moyen
plot_17277,2.0,ultramap,D,Élevé
plot_17278,2.0,ultramap,C,Élevé
plot_17279,2.0,ultramap,M,Élevé
plot_17280,2.0,ultramap,M,Moyen
plot_17281,2.0,ultramap,M,Moyen
plot_17282,2.0,ultramap,D,Élevé
plot_17283,2.0,ultramap,M,Élevé
plot_17284,2.0,ultramap,D,Moyen
plot_17285,2.0,ultramap,C,Élevé
plot_17286,2.0,ultramap,C,Élevé
plot_17287,2.0,ultramap,D,Élevé
plot_17288,2.0,ultramap,M,Élevé
plot_17289,2.0,ultramap,C,Élevé
plot_17290,2.0,ultramap,C,Élevé
plot_17291,2.0,ultramap,D,Élevé
plot_17292,2.0,ultramap,D,Élevé
plot_17293,2.0,ultramap,D,Moyen
plot_17294,2.0,ultramap,D,Élevé
plot_17295,2.0,ultramap,M,Élevé
plot_17296,2.0,ultramap,D,Élevé
plot_17297,2.0,ultramap,M,Élevé
plot_17298,2.0,ultramap,D,Moyen
plot_17299,2.0,ultramap,D,Élevé
plot_17300,2.0,ultramap,M,Moyen
plot_17301,2.0,ultramap,D,Élevé
plot_17302,2.0,ultramap,D,Élevé
plot_17303,2.0,ultramap,C,Élevé
plot_17304,2.0,ultramap,D,Élevé
plot_17305,2.0,ultramap,M,Élevé
plot_17306,2.0,ultramap,C,Élevé
plot_17307,2.0,ultramap,D,Moyen
plot_17308,2.0,ultramap,D,Élevé
plot_17309,2.0,ultramap,D,Moyen
plot_17310,2.0,ultramap,D,Élevé
plot_17311,2.0,ultramap,M,Élevé
plot_17312,2.0,ultramap,M,Élevé
plot_17313,2.0,ultramap,C,Élevé
plot_17314,2.0,ultramap,C,Élevé
plot_17315,2.0,ultramap,C,Élevé
plot_17316,2.0,ultramap,D,Élevé
plot_17317,2.0,ultramap,D,Élevé
plot_17455,1.0,micmac,D,Faible
plot_17456,1.0,micmac,D,Faible
plot_17457,1.0,micmac,D,Faible
plot_17458,1.0,micmac,D,Faible
plot_17459,1.0,micmac,M,Faible
plot_17460,1.0,micmac,D,Moyen
plot_17461,1.0,micmac,C,Moyen
plot_17462,1.0,micmac,D,Faible
plot_17463,1.0,micmac,D,Faible
plot_17464,1.0,micmac,C,Moyen
plot_17465,1.0,micmac,M,Faible
plot_17466,1.0,micmac,M,Faible
plot_17467,1.0,micmac,C,Moyen
plot_17468,1.0,micmac,D,Moyen
plot_17469,1.0,micmac,D,Moyen
plot_17470,1.0,micmac,D,Faible
plot_17471,1.0,micmac,D,Moyen
plot_17472,1.0,micmac,D,Faible
plot_17473,1.0,micmac,D,Moyen
plot_17474,1.0,micmac,D,Moyen
plot_17475,1.0,micmac,D,Faible
plot_17476,1.0,micmac,D,Faible
plot_17477,1.0,micmac,D,Moyen
plot_17478,1.0,micmac,D,Moyen
plot_17479,1.0,micmac,D,Faible
plot_17480,1.0,micmac,D,Faible
plot_17481,1.0,micmac,D,Faible
plot_17482,1.0,micmac,D,Faible
plot_17483,1.0,micmac,D,Moyen
plot_17484,1.0,micmac,D,Faible
plot_17485,1.0,micmac,C,Moyen
plot_17486,1.0,micmac,D,Faible
plot_17487,1.0,micmac,C,Faible
plot_17488,1.0,micmac,C,Faible
plot_17489,1.0,micmac,D,Faible
plot_17490,1.0,micmac,M,Faible
plot_17491,1.0,micmac,D,Faible
plot_17492,1.0,micmac,D,Faible
plot_17493,1.0,micmac,D,Faible
plot_17494,1.0,micmac,D,Faible
plot_17495,1.0,micmac,D,Faible
plot_17496,2.0,ultramap,D,Moyen
plot_17497,2.0,ultramap,D,Moyen
plot_17498,2.0,ultramap,D,Moyen
plot_17499,2.0,ultramap,D,Moyen
plot_17500,2.0,ultramap,C,Élevé
plot_17501,2.0,ultramap,M,Élevé
plot_17502,2.0,ultramap,C,Moyen
plot_17503,2.0,ultramap,D,Élevé
plot_17504,2.0,ultramap,D,Moyen
plot_17505,2.0,ultramap,D,Moyen
plot_17506,2.0,ultramap,D,Moyen
plot_17507,2.0,ultramap,C,Moyen
plot_17508,2.0,ultramap,D,Moyen
plot_17509,2.0,ultramap,D,Moyen
plot_17510,2.0,ultramap,D,Élevé
plot_17511,2.0,ultramap,D,Moyen
plot_17512,2.0,ultramap,D,Moyen
plot_17513,2.0,ultramap,C,Élevé
plot_17514,2.0,ultramap,M,Élevé
plot_17515,2.0,ultramap,D,Élevé
plot_17516,2.0,ultramap,D,Moyen
plot_17517,2.0,ultramap,D,Élevé
plot_17518,2.0,ultramap,D,Élevé
plot_17519,2.0,ultramap,D,Élevé
plot_17520,2.0,ultramap,D,Moyen
plot_17521,2.0,ultramap,D,Élevé
plot_17522,2.0,ultramap,C,Élevé
plot_17523,2.0,ultramap,D,Élevé
plot_17524,2.0,ultramap,C,Élevé
plot_17525,2.0,ultramap,D,Moyen
plot_17526,2.0,ultramap,D,Élevé
plot_17527,2.0,ultramap,M,Élevé
plot_17528,2.0,ultramap,D,Élevé
plot_17529,2.0,ultramap,M,Élevé
plot_17530,2.0,ultramap,C,Élevé
plot_17531,2.0,ultramap,M,Moyen
plot_17532,2.0,ultramap,D,Élevé
plot_17533,2.0,ultramap,M,Élevé
plot_17534,2.0,ultramap,D,Élevé
plot_17535,2.0,ultramap,C,Élevé
plot_17536,2.0,ultramap,D,Moyen
plot_17537,2.0,ultramap,D,Élevé
plot_17538,2.0,ultramap,D,Élevé
plot_17539,2.0,ultramap,D,Élevé
plot_17540,2.0,ultramap,D,Élevé
plot_17541,2.0,ultramap,D,Élevé
plot_17542,2.0,ultramap,D,Élevé
plot_17543,2.0,ultramap,D,Élevé
plot_17544,2.0,ultramap,C,Élevé
plot_17545,2.0,ultramap,C,Élevé
plot_17546,2.0,ultramap,M,Élevé
plot_17547,2.0,ultramap,C,Élevé
plot_17548,2.0,ultramap,D,Moyen
plot_17549,2.0,ultramap,D,Élevé
plot_17550,2.0,ultramap,D,Élevé
plot_17551,2.0,ultramap,D,Élevé
plot_17552,2.0,ultramap,D,Élevé
plot_17553,2.0,ultramap,D,Élevé
plot_17554,2.0,ultramap,M,Élevé
plot_17555,2.0,ultramap,D,Élevé
plot_17556,2.0,ultramap,D,Élevé
plot_17557,2.0,ultramap,C,Faible
plot_17558,2.0,ultramap,D,Faible
plot_17559,2.0,ultramap,D,Faible
plot_17560,2.0,ultramap,D,Faible
plot_17561,2.0,ultramap,D,Faible
plot_17562,2.0,ultramap,C,Faible
plot_17563,2.0,ultramap,D,Faible
plot_17564,2.0,ultramap,D,Faible
plot_17565,2.0,ultramap,D,Faible
plot_17566,2.0,ultramap,D,Faible
plot_17567,2.0,ultramap,M,Faible
plot_17568,2.0,ultramap,M,Faible
plot_17569,2.0,ultramap,M,Faible
plot_17570,2.0,ultramap,D,Faible
plot_17571,2.0,ultramap,D,Faible
plot_17572,2.0,ultramap,D,Faible
plot_17573,2.0,ultramap,D,Faible
plot_17574,2.0,ultramap,C,Faible
plot_17575,2.0,ultramap,D,Faible
plot_17576,2.0,ultramap,D,Faible
plot_17577,2.0,ultramap,C,Faible
plot_17578,2.0,ultramap,M,Faible
plot_17579,2.0,ultramap,C,Faible
plot_17580,2.0,ultramap,D,Faible
plot_17581,2.0,ultramap,D,Moyen
plot_17582,2.0,ultramap,D,Faible
plot_17583,2.0,ultramap,D,Faible
plot_17584,2.0,ultramap,D,Faible
plot_17585,2.0,ultramap,D,Moyen
plot_17586,2.0,ultramap,D,Moyen
plot_17587,2.0,ultramap,C,Faible
plot_17588,2.0,ultramap,D,Faible
plot_17589,2.0,ultramap,D,Faible
plot_17590,2.0,ultramap,D,Moyen
plot_17591,2.0,ultramap,D,Faible
plot_17592,2.0,ultramap,C,Faible
plot_17593,2.0,ultramap,D,Faible
plot_17594,2.0,ultramap,M,Moyen
plot_17595,2.0,ultramap,M,Moyen
plot_17596,2.0,ultramap,M,Faible
plot_17597,2.0,ultramap,M,Faible
plot_17598,2.0,ultramap,M,Faible
plot_17599,2.0,ultramap,D,Faible
plot_17600,2.0,ultramap,M,Faible
plot_17601,2.0,ultramap,C,Faible
plot_17602,2.0,ultramap,D,Moyen
plot_17603,2.0,ultramap,D,Faible
plot_17604,2.0,ultramap,D,Faible
plot_17605,2.0,ultramap,D,Faible
plot_17606,2.0,ultramap,D,Faible
plot_17607,2.0,ultramap,D,Faible
plot_17608,2.0,ultramap,C,Faible
plot_17609,2.0,ultramap,C,Moyen
plot_17610,2.0,ultramap,D,Moyen
plot_17611,2.0,ultramap,D,Faible
plot_17612,2.0,ultramap,D,Faible
plot_17613,2.0,ultramap,D,Faible
plot_17614,2.0,ultramap,D,Faible
plot_17615,2.0,ultramap,D,Faible
plot_17616,2.0,ultramap,D,Moyen
plot_17617,2.0,ultramap,D,Moyen
plot_17618,2.0,ultramap,M,Faible
plot_17619,2.0,ultramap,D,Faible
plot_17620,2.0,ultramap,C,Faible
plot_17621,2.0,ultramap,D,Faible
plot_17622,2.0,ultramap,D,Faible
plot_17623,2.0,ultramap,D,Faible
plot_17624,2.0,ultramap,D,Faible
plot_17625,2.0,ultramap,D,Moyen
plot_17626,2.0,ultramap,D,Moyen
plot_17627,2.0,ultramap,C,Moyen
plot_17628,2.0,ultramap,D,Faible
plot_17629,2.0,ultramap,D,Faible
plot_17630,2.0,ultramap,D,Faible
plot_17631,2.0,ultramap,D,Faible
plot_17632,2.0,ultramap,C,Faible
plot_17633,2.0,ultramap,C,Faible
plot_17634,2.0,ultramap,D,Faible
plot_17635,2.0,ultramap,D,Faible
plot_17636,2.0,ultramap,M,Faible
plot_17637,2.0,ultramap,D,Faible
plot_17638,2.0,ultramap,D,Faible
plot_17639,2.0,ultramap,D,Faible
plot_17640,2.0,ultramap,D,Faible
plot_17641,2.0,ultramap,D,Faible
plot_17642,2.0,ultramap,D,Moyen
plot_17643,2.0,ultramap,D,Faible
plot_17644,2.0,ultramap,D,Faible
plot_17645,2.0,ultramap,D,Faible
plot_17646,2.0,ultramap,D,Faible
plot_17647,2.0,ultramap,D,Faible
plot_17648,2.0,ultramap,D,Moyen
plot_17649,2.0,ultramap,D,Moyen
plot_17650,2.0,ultramap,D,Moyen
plot_17651,2.0,ultramap,M,Moyen
plot_17652,2.0,ultramap,C,Moyen
plot_17653,2.0,ultramap,D,Moyen
plot_17654,2.0,ultramap,D,Faible
plot_17655,2.0,ultramap,D,Faible
plot_17656,2.0,ultramap,D,Moyen
plot_17657,2.0,ultramap,D,Moyen
plot_17658,2.0,ultramap,D,Faible
plot_17659,2.0,ultramap,D,Faible
plot_17660,2.0,ultramap,D,Moyen
plot_17661,2.0,ultramap,D,Moyen
plot_17662,2.0,ultramap,C,Moyen
plot_17663,2.0,ultramap,D,Moyen
plot_17664,2.0,ultramap,D,Faible
plot_17665,2.0,ultramap,D,Faible
plot_17666,2.0,ultramap,D,Moyen
plot_17667,2.0,ultramap,D,Faible
plot_17668,2.0,ultramap,D,Moyen
plot_17669,2.0,ultramap,D,Moyen
plot_17670,2.0,ultramap,D,Moyen
plot_17671,2.0,ultramap,M,Faible
plot_17672,2.0,ultramap,D,Moyen
plot_17673,2.0,ultramap,D,Moyen
plot_17674,2.0,ultramap,D,Moyen
plot_17675,2.0,ultramap,D,Faible
plot_17676,2.0,ultramap,C,Faible
plot_17677,2.0,ultramap,D,Faible
plot_17678,2.0,ultramap,C,Faible
plot_17679,2.0,ultramap,D,Moyen
plot_17680,2.0,ultramap,C,Faible
plot_17681,2.0,ultramap,D,Moyen
plot_17682,2.0,ultramap,D,Faible
plot_17683,2.0,ultramap,D,Faible
plot_17684,2.0,ultramap,D,Faible
plot_17685,2.0,ultramap,D,Moyen
plot_17686,2.0,ultramap,D,Moyen
plot_17687,2.0,ultramap,D,Moyen
plot_17688,2.0,ultramap,D,Moyen
plot_17689,2.0,ultramap,C,Faible
plot_17690,2.0,ultramap,D,Moyen
plot_17691,2.0,ultramap,D,Faible
plot_17692,2.0,ultramap,D,Moyen
plot_17693,2.0,ultramap,D,Moyen
plot_17694,2.0,ultramap,M,Moyen
plot_17695,2.0,ultramap,D,Faible
plot_17696,2.0,ultramap,D,Faible
plot_17697,2.0,ultramap,D,Moyen
plot_17698,2.0,ultramap,D,Moyen
plot_17699,2.0,ultramap,D,Moyen
plot_17700,2.0,ultramap,D,Moyen
plot_17701,2.0,ultramap,D,Faible
plot_17702,2.0,ultramap,D,Moyen
plot_17703,2.0,ultramap,D,Faible
plot_17704,2.0,micmac,D,Moyen
plot_17705,2.0,ultramap,D,Moyen
plot_17706,2.0,ultramap,M,Faible
plot_17707,2.0,ultramap,D,Moyen
plot_17708,2.0,ultramap,D,Moyen
plot_17709,3.0,ultramap,D,Moyen
plot_17710,3.0,ultramap,D,Moyen
plot_17711,2.0,ultramap,D,Moyen
plot_17712,2.0,ultramap,D,Moyen
plot_17713,2.0,ultramap,D,Moyen
plot_17714,3.0,ultramap,D,Élevé
plot_17715,2.0,ultramap,D,Moyen
plot_17716,2.0,ultramap,D,Moyen
plot_17717,3.0,ultramap,C,Moyen
plot_17718,3.0,ultramap,C,Moyen
plot_17719,3.0,ultramap,D,Élevé
plot_17720,2.0,ultramap,D,Moyen
plot_17721,2.0,ultramap,D,Moyen
plot_17722,2.0,ultramap,D,Moyen
plot_17723,2.0,ultramap,D,Élevé
plot_17724,2.0,ultramap,D,Moyen
plot_17725,2.0,ultramap,D,Moyen
plot_17726,2.0,ultramap,D,Moyen
plot_17727,2.0,ultramap,D,Moyen
plot_17728,2.0,ultramap,D,Élevé
plot_17729,2.0,ultramap,D,Moyen
plot_17730,3.0,ultramap,M,Élevé
plot_17731,3.0,ultramap,D,Moyen
plot_17732,3.0,ultramap,D,Élevé
plot_17733,3.0,ultramap,M,Élevé
plot_17734,3.0,ultramap,M,Élevé
plot_17735,2.0,ultramap,D,Moyen
plot_17736,2.0,ultramap,D,Moyen
plot_17737,2.0,ultramap,D,Moyen
plot_17738,3.0,ultramap,D,Élevé
plot_17739,2.0,ultramap,D,Moyen
plot_17740,3.0,ultramap,C,Élevé
plot_17741,3.0,ultramap,C,Élevé
plot_17742,3.0,ultramap,M,Élevé
plot_17743,2.0,ultramap,D,Moyen
plot_17744,2.0,ultramap,D,Moyen
plot_17745,2.0,ultramap,D,Moyen
plot_17746,3.0,ultramap,M,Moyen
plot_17747,3.0,ultramap,D,Élevé
plot_17748,3.0,ultramap,C,Élevé
plot_17749,3.0,ultramap,M,Élevé
plot_17750,3.0,ultramap,C,Élevé
plot_17751,3.0,ultramap,M,Élevé
plot_17752,3.0,ultramap,M,Élevé
plot_17753,2.0,ultramap,D,Moyen
plot_17754,3.0,ultramap,C,Moyen
plot_17755,3.0,ultramap,D,Élevé
plot_17756,3.0,ultramap,D,Élevé
plot_17757,3.0,ultramap,D,Élevé
plot_17758,3.0,ultramap,C,Élevé
plot_17759,3.0,ultramap,C,Élevé
plot_17760,3.0,ultramap,D,Élevé
plot_17761,2.0,ultramap,D,Moyen
plot_17762,3.0,ultramap,D,Élevé
plot_17763,3.0,ultramap,D,Élevé
plot_17764,3.0,ultramap,C,Élevé
plot_17765,3.0,ultramap,C,Élevé
plot_17766,2.0,ultramap,D,Moyen
plot_17767,2.0,ultramap,D,Moyen
plot_17768,3.0,ultramap,D,Élevé
plot_17769,3.0,ultramap,D,Élevé
plot_17770,3.0,ultramap,M,Élevé
plot_17771,3.0,ultramap,C,Élevé
plot_17772,3.0,ultramap,M,Élevé
plot_17773,3.0,ultramap,C,Élevé
plot_17774,2.0,ultramap,D,Moyen
plot_17775,3.0,ultramap,C,Élevé
plot_17776,3.0,ultramap,C,Élevé
plot_17777,3.0,ultramap,C,Élevé
plot_17778,3.0,ultramap,M,Élevé
plot_17779,3.0,ultramap,C,Élevé
plot_17780,2.0,ultramap,D,Moyen
plot_17781,2.0,ultramap,D,Moyen
plot_17782,3.0,ultramap,D,Élevé
plot_17783,3.0,ultramap,D,Élevé
plot_17784,3.0,ultramap,C,Élevé
plot_17785,3.0,ultramap,M,Élevé
plot_17786,3.0,ultramap,M,Élevé
plot_17787,3.0,ultramap,C,Élevé
plot_17788,3.0,ultramap,C,Élevé
plot_17789,2.0,ultramap,D,Moyen
plot_17790,3.0,ultramap,D,Élevé
plot_17791,3.0,ultramap,M,Élevé
plot_17792,3.0,ultramap,M,Élevé
plot_17793,3.0,ultramap,D,Élevé
plot_17794,3.0,ultramap,D,Élevé
plot_17795,3.0,ultramap,M,Moyen
plot_17796,3.0,ultramap,C,Élevé
plot_17797,3.0,ultramap,C,Élevé
plot_17798,2.0,ultramap,D,Moyen
plot_17799,3.0,ultramap,D,Moyen
plot_17800,3.0,ultramap,M,Élevé
plot_17801,3.0,ultramap,M,Élevé
plot_17802,3.0,ultramap,D,Élevé
plot_17803,3.0,ultramap,C,Élevé
plot_17804,3.0,ultramap,M,Élevé
plot_17805,3.0,ultramap,C,Élevé
plot_17806,3.0,ultramap,C,Élevé
plot_17807,3.0,ultramap,M,Élevé
plot_17808,2.0,ultramap,D,Moyen
plot_17809,2.0,ultramap,M,Moyen
plot_17810,2.0,ultramap,D,Moyen
plot_17811,2.0,ultramap,D,Faible
plot_17812,2.0,ultramap,D,Moyen
plot_17813,2.0,ultramap,D,Moyen
plot_17814,2.0,ultramap,M,Moyen
plot_17815,2.0,ultramap,D,Moyen
plot_17816,2.0,ultramap,D,Faible
plot_17817,2.0,ultramap,D,Moyen
plot_17818,2.0,ultramap,D,Faible
plot_17819,2.0,ultramap,D,Faible
plot_17820,2.0,ultramap,D,Faible
plot_17821,2.0,ultramap,M,Moyen
plot_17822,2.0,ultramap,D,Moyen
plot_17823,2.0,ultramap,D,Faible
plot_17824,2.0,ultramap,M,Moyen
plot_17825,2.0,ultramap,M,Élevé
plot_17826,2.0,ultramap,C,Élevé
plot_17827,2.0,ultramap,C,Moyen
plot_17828,2.0,ultramap,D,Moyen
plot_17829,2.0,ultramap,D,Moyen
plot_17830,2.0,ultramap,D,Faible
plot_17831,2.0,ultramap,D,Élevé
plot_17832,2.0,ultramap,D,Élevé
plot_17833,2.0,ultramap,D,Élevé
plot_17834,2.0,ultramap,D,Élevé
plot_17835,3.0,ultramap,D,Élevé
plot_17836,3.0,ultramap,D,Élevé
plot_17837,3.0,ultramap,D,Élevé
plot_17838,3.0,ultramap,D,Élevé
plot_17839,3.0,ultramap,D,Moyen
plot_17840,2.0,ultramap,D,Moyen
plot_17841,2.0,ultramap,M,Moyen
plot_17842,2.0,ultramap,D,Moyen
plot_17843,3.0,ultramap,D,Moyen
plot_17844,3.0,ultramap,M,Élevé
plot_17845,3.0,ultramap,D,Élevé
plot_17846,3.0,ultramap,M,Élevé
plot_17847,3.0,ultramap,D,Élevé
plot_17848,3.0,ultramap,D,Élevé
plot_17849,2.0,ultramap,M,Moyen
plot_17851,3.0,ultramap,D,Élevé
plot_17852,3.0,ultramap,M,Élevé
plot_17853,3.0,ultramap,C,Élevé
plot_17854,3.0,ultramap,C,Élevé
plot_17855,3.0,ultramap,M,Élevé
plot_17856,3.0,ultramap,M,Élevé
plot_17857,2.0,ultramap,M,Moyen
plot_17858,3.0,ultramap,C,Élevé
plot_17859,3.0,ultramap,D,Élevé
plot_17860,3.0,ultramap,C,Élevé
plot_17861,3.0,ultramap,C,Élevé
plot_17862,3.0,ultramap,D,Élevé
plot_17863,3.0,ultramap,D,Élevé
plot_17864,3.0,ultramap,C,Élevé
plot_17865,3.0,ultramap,D,Élevé
plot_17866,3.0,ultramap,C,Élevé
plot_17867,3.0,ultramap,M,Élevé
plot_17868,2.0,ultramap,C,Moyen
plot_17869,3.0,ultramap,C,Élevé
plot_17870,3.0,ultramap,C,Élevé
plot_17871,3.0,ultramap,C,Élevé
plot_17872,3.0,ultramap,D,Élevé
plot_17873,3.0,ultramap,C,Moyen
plot_17874,3.0,ultramap,M,Élevé
plot_17875,3.0,ultramap,M,Élevé
plot_17876,3.0,ultramap,C,Élevé
plot_17877,3.0,ultramap,M,Élevé
plot_17878,3.0,ultramap,C,Élevé
plot_17879,3.0,ultramap,C,Élevé
plot_17880,3.0,ultramap,D,Élevé
plot_17881,3.0,ultramap,C,Élevé
plot_17882,3.0,ultramap,D,Élevé
plot_17883,3.0,ultramap,C,Élevé
plot_17884,3.0,ultramap,C,Élevé
plot_17885,3.0,ultramap,D,Élevé
plot_17886,3.0,ultramap,D,Élevé
plot_17887,1.0,micmac,C,Faible
plot_17888,1.0,micmac,D,Faible
plot_17889,1.0,micmac,D,Faible
plot_17890,1.0,micmac,D,Faible
plot_17891,1.0,micmac,C,Faible
plot_17892,1.0,micmac,D,Faible
plot_17893,1.0,micmac,D,Faible
plot_17894,1.0,micmac,D,Faible
plot_17895,1.0,micmac,M,Moyen
plot_17896,1.0,micmac,C,Faible
plot_17897,1.0,micmac,D,Faible
plot_17898,1.0,micmac,D,Faible
plot_17899,1.0,micmac,D,Faible
plot_17900,1.0,micmac,D,Faible
plot_17901,1.0,micmac,C,Faible
plot_17902,1.0,micmac,D,Faible
plot_17903,1.0,micmac,D,Moyen
plot_17904,1.0,micmac,D,Faible
plot_17905,1.0,micmac,D,Faible
plot_17906,1.0,micmac,D,Faible
plot_17907,1.0,micmac,D,Faible
plot_17908,1.0,micmac,D,Faible
plot_17909,1.0,micmac,D,Moyen
plot_17910,1.0,micmac,D,Faible
plot_17911,1.0,micmac,D,Faible
plot_17912,1.0,micmac,D,Faible
plot_17913,1.0,micmac,D,Faible
plot_17914,1.0,micmac,D,Faible
plot_17915,1.0,micmac,D,Faible
plot_17916,1.0,micmac,D,Faible
plot_17917,1.0,micmac,D,Faible
plot_17918,1.0,micmac,D,Faible
plot_17919,1.0,micmac,D,Faible
plot_17920,1.0,micmac,C,Faible
plot_17921,1.0,micmac,D,Faible
plot_17922,1.0,micmac,D,Faible
plot_17923,1.0,micmac,D,Faible
plot_17924,1.0,micmac,D,Faible
plot_17925,1.0,micmac,D,Faible
plot_17926,1.0,micmac,D,Faible
plot_17927,1.0,micmac,D,Faible
plot_17928,1.0,micmac,M,Faible
plot_17929,1.0,micmac,D,Faible
plot_17930,1.0,micmac,D,Faible
plot_17931,1.0,micmac,D,Faible
plot_17932,1.0,micmac,D,Faible
plot_17933,1.0,micmac,D,Faible
plot_17934,1.0,micmac,D,Faible
plot_17935,1.0,micmac,D,Faible
plot_17936,1.0,micmac,D,Faible
plot_17937,1.0,micmac,D,Faible
plot_17938,1.0,micmac,D,Faible
plot_17939,1.0,micmac,D,Faible
plot_17940,1.0,micmac,D,Faible
plot_17941,1.0,micmac,D,Faible
plot_17942,1.0,micmac,D,Faible
plot_17943,1.0,micmac,D,Faible
plot_17944,1.0,micmac,C,Faible
plot_17945,1.0,micmac,D,Faible
plot_17946,1.0,micmac,D,Faible
plot_17947,1.0,micmac,D,Faible
plot_17948,1.0,micmac,D,Faible
plot_17949,1.0,micmac,D,Faible
plot_17950,1.0,micmac,D,Faible
plot_17951,1.0,ultramap,D,Moyen
plot_17952,1.0,ultramap,D,Moyen
plot_17953,1.0,ultramap,D,Moyen
plot_17954,1.0,ultramap,D,Moyen
plot_17955,1.0,ultramap,D,Faible
plot_17956,1.0,ultramap,D,Faible
plot_17957,1.0,ultramap,D,Faible
plot_17958,1.0,ultramap,D,Faible
plot_17959,1.0,ultramap,D,Moyen
plot_17960,1.0,ultramap,D,Moyen
plot_17961,1.0,ultramap,D,Moyen
plot_17962,1.0,ultramap,D,Faible
plot_17963,1.0,ultramap,D,Moyen
plot_17964,1.0,ultramap,D,Faible
plot_17965,1.0,ultramap,D,Faible
plot_17966,1.0,ultramap,D,Faible
plot_17967,1.0,ultramap,D,Faible
plot_17968,1.0,ultramap,D,Faible
plot_17969,1.0,ultramap,D,Moyen
plot_17970,1.0,ultramap,D,Faible
plot_17971,1.0,ultramap,D,Faible
plot_17972,1.0,ultramap,D,Faible
plot_17973,1.0,ultramap,D,Faible
plot_17974,1.0,ultramap,D,Faible
plot_17975,1.0,ultramap,D,Faible
plot_17976,1.0,ultramap,D,Faible
plot_17977,1.0,ultramap,D,Faible
plot_17978,1.0,ultramap,D,Faible
plot_17979,1.0,ultramap,D,Faible
plot_17980,1.0,ultramap,D,Faible
plot_17981,1.0,ultramap,D,Faible
plot_17982,1.0,ultramap,D,Faible
plot_17983,1.0,ultramap,D,Faible
plot_17984,1.0,ultramap,D,Faible
plot_17985,1.0,ultramap,M,Faible
plot_17986,1.0,ultramap,D,Faible
plot_17987,1.0,ultramap,D,Faible
plot_17988,1.0,ultramap,D,Faible
plot_17989,1.0,ultramap,D,Faible
plot_17990,1.0,ultramap,D,Faible
plot_17991,1.0,ultramap,D,Faible
plot_17992,1.0,ultramap,D,Faible
plot_17993,1.0,ultramap,C,Faible
plot_17994,1.0,ultramap,D,Faible
plot_17995,1.0,ultramap,C,Faible
plot_17996,1.0,ultramap,D,Faible
plot_17997,1.0,ultramap,D,Faible
plot_17998,1.0,ultramap,D,Faible
plot_17999,1.0,ultramap,D,Faible
plot_18000,1.0,ultramap,M,Faible
plot_18001,1.0,ultramap,D,Faible
plot_18002,1.0,ultramap,D,Faible
plot_18003,1.0,ultramap,D,Faible
plot_18004,1.0,ultramap,D,Faible
plot_18005,1.0,ultramap,D,Faible
plot_18006,1.0,ultramap,D,Moyen
plot_18007,1.0,ultramap,D,Faible
plot_18008,1.0,ultramap,C,Faible
plot_18009,1.0,ultramap,D,Faible
plot_18010,1.0,ultramap,D,Faible
plot_18011,1.0,ultramap,D,Moyen
plot_18012,1.0,ultramap,D,Faible
plot_18013,1.0,ultramap,D,Faible
plot_18014,1.0,ultramap,D,Faible
plot_18015,1.0,ultramap,D,Faible
plot_18016,1.0,ultramap,D,Faible
plot_18017,1.0,ultramap,D,Faible
plot_18018,1.0,ultramap,D,Faible
plot_18019,1.0,ultramap,D,Faible
plot_18020,1.0,ultramap,D,Faible
plot_18021,1.0,ultramap,D,Faible
plot_18022,1.0,ultramap,D,Faible
plot_18023,1.0,ultramap,M,Faible
plot_18024,1.0,micmac,D,Moyen
plot_18025,1.0,ultramap,D,Faible
plot_18026,1.0,ultramap,D,Faible
plot_18027,1.0,ultramap,D,Faible
plot_18028,1.0,ultramap,D,Faible
plot_18029,1.0,ultramap,D,Faible
plot_18030,1.0,ultramap,D,Faible
plot_18031,1.0,ultramap,D,Faible
plot_18032,3.0,ultramap,M,Élevé
plot_18032,3.0,ultramap,M,Élevé
plot_18032,3.0,ultramap,M,Élevé
plot_18032,3.0,ultramap,M,Élevé
plot_18033,3.0,ultramap,D,Élevé
plot_18033,3.0,ultramap,D,Élevé
plot_18033,3.0,ultramap,D,Élevé
plot_18033,3.0,ultramap,D,Élevé
plot_18034,3.0,ultramap,D,Faible
plot_18034,3.0,ultramap,D,Faible
plot_18034,3.0,ultramap,D,Faible
plot_18034,3.0,ultramap,D,Faible
plot_18035,3.0,ultramap,D,Faible
plot_18035,3.0,ultramap,D,Faible
plot_18035,3.0,ultramap,D,Faible
plot_18035,3.0,ultramap,D,Faible
plot_18036,3.0,ultramap,D,Élevé
plot_18036,3.0,ultramap,D,Élevé
plot_18036,3.0,ultramap,D,Élevé
plot_18036,3.0,ultramap,D,Élevé
plot_18037,3.0,ultramap,D,Élevé
plot_18037,3.0,ultramap,D,Élevé
plot_18037,3.0,ultramap,D,Élevé
plot_18037,3.0,ultramap,D,Élevé
plot_18038,3.0,ultramap,D,Élevé
plot_18038,3.0,ultramap,D,Élevé
plot_18038,3.0,ultramap,D,Élevé
plot_18038,3.0,ultramap,D,Élevé
plot_18039,3.0,ultramap,D,Faible
plot_18039,3.0,ultramap,D,Faible
plot_18039,3.0,ultramap,D,Faible
plot_18039,3.0,ultramap,D,Faible
plot_18040,3.0,ultramap,D,Élevé
plot_18040,3.0,ultramap,D,Élevé
plot_18040,3.0,ultramap,D,Élevé
plot_18040,3.0,ultramap,D,Élevé
plot_18041,3.0,ultramap,D,Faible
plot_18041,3.0,ultramap,D,Faible
plot_18041,3.0,ultramap,D,Faible
plot_18041,3.0,ultramap,D,Faible
plot_18042,3.0,ultramap,D,Élevé
plot_18042,3.0,ultramap,D,Élevé
plot_18042,3.0,ultramap,D,Élevé
plot_18042,3.0,ultramap,D,Élevé
plot_18043,3.0,ultramap,D,Élevé
plot_18043,3.0,ultramap,D,Élevé
plot_18043,3.0,ultramap,D,Élevé
plot_18043,3.0,ultramap,D,Élevé
plot_18044,3.0,ultramap,D,Élevé
plot_18044,3.0,ultramap,D,Élevé
plot_18044,3.0,ultramap,D,Élevé
plot_18044,3.0,ultramap,D,Élevé
plot_18045,3.0,ultramap,D,Moyen
plot_18045,3.0,ultramap,D,Moyen
plot_18045,3.0,ultramap,D,Moyen
plot_18045,3.0,ultramap,D,Moyen
plot_18046,3.0,ultramap,D,Faible
plot_18046,3.0,ultramap,D,Faible
plot_18046,3.0,ultramap,D,Faible
plot_18046,3.0,ultramap,D,Faible
plot_18047,3.0,ultramap,D,Faible
plot_18047,3.0,ultramap,D,Faible
plot_18047,3.0,ultramap,D,Faible
plot_18047,3.0,ultramap,D,Faible
plot_18048,3.0,ultramap,D,Élevé
plot_18048,3.0,ultramap,D,Élevé
plot_18048,3.0,ultramap,D,Élevé
plot_18048,3.0,ultramap,D,Élevé
plot_18049,3.0,ultramap,D,Élevé
plot_18049,3.0,ultramap,D,Élevé
plot_18049,3.0,ultramap,D,Élevé
plot_18049,3.0,ultramap,D,Élevé
plot_18050,3.0,ultramap,D,Élevé
plot_18050,3.0,ultramap,D,Élevé
plot_18050,3.0,ultramap,D,Élevé
plot_18050,3.0,ultramap,D,Élevé
plot_18051,3.0,ultramap,D,Élevé
plot_18051,3.0,ultramap,D,Élevé
plot_18051,3.0,ultramap,D,Élevé
plot_18051,3.0,ultramap,D,Élevé
plot_18052,3.0,ultramap,D,Élevé
plot_18052,3.0,ultramap,D,Élevé
plot_18052,3.0,ultramap,D,Élevé
plot_18052,3.0,ultramap,D,Élevé
plot_18053,3.0,ultramap,D,Élevé
plot_18053,3.0,ultramap,D,Élevé
plot_18053,3.0,ultramap,D,Élevé
plot_18053,3.0,ultramap,D,Élevé
plot_18054,3.0,ultramap,C,Élevé
plot_18054,3.0,ultramap,C,Élevé
plot_18054,3.0,ultramap,C,Élevé
plot_18054,3.0,ultramap,C,Élevé
plot_18055,3.0,ultramap,D,Moyen
plot_18055,3.0,ultramap,D,Moyen
plot_18055,3.0,ultramap,D,Moyen
plot_18055,3.0,ultramap,D,Moyen
plot_18056,3.0,ultramap,D,Élevé
plot_18056,3.0,ultramap,D,Élevé
plot_18056,3.0,ultramap,D,Élevé
plot_18056,3.0,ultramap,D,Élevé
plot_18057,3.0,ultramap,D,Élevé
plot_18057,3.0,ultramap,D,Élevé
plot_18057,3.0,ultramap,D,Élevé
plot_18057,3.0,ultramap,D,Élevé
plot_18058,3.0,ultramap,D,Élevé
plot_18058,3.0,ultramap,D,Élevé
plot_18058,3.0,ultramap,D,Élevé
plot_18058,3.0,ultramap,D,Élevé
plot_18059,3.0,ultramap,D,Élevé
plot_18059,3.0,ultramap,D,Élevé
plot_18059,3.0,ultramap,D,Élevé
plot_18059,3.0,ultramap,D,Élevé
plot_18060,3.0,ultramap,M,Élevé
plot_18060,3.0,ultramap,M,Élevé
plot_18060,3.0,ultramap,M,Élevé
plot_18060,3.0,ultramap,M,Élevé
plot_18061,3.0,ultramap,D,Élevé
plot_18061,3.0,ultramap,D,Élevé
plot_18061,3.0,ultramap,D,Élevé
plot_18061,3.0,ultramap,D,Élevé
plot_18062,3.0,ultramap,D,Élevé
plot_18062,3.0,ultramap,D,Élevé
plot_18062,3.0,ultramap,D,Élevé
plot_18062,3.0,ultramap,D,Élevé
plot_18063,3.0,ultramap,D,Moyen
plot_18063,3.0,ultramap,D,Moyen
plot_18063,3.0,ultramap,D,Moyen
plot_18063,3.0,ultramap,D,Moyen
plot_18064,3.0,ultramap,D,Élevé
plot_18064,3.0,ultramap,D,Élevé
plot_18064,3.0,ultramap,D,Élevé
plot_18064,3.0,ultramap,D,Élevé
plot_18065,3.0,ultramap,D,Élevé
plot_18065,3.0,ultramap,D,Élevé
plot_18065,3.0,ultramap,D,Élevé
plot_18065,3.0,ultramap,D,Élevé
plot_18066,3.0,ultramap,D,Élevé
plot_18066,3.0,ultramap,D,Élevé
plot_18066,3.0,ultramap,D,Élevé
plot_18066,3.0,ultramap,D,Élevé
plot_18067,3.0,ultramap,D,Moyen
plot_18067,3.0,ultramap,D,Moyen
plot_18067,3.0,ultramap,D,Moyen
plot_18067,3.0,ultramap,D,Moyen
plot_18068,3.0,ultramap,M,Élevé
plot_18068,3.0,ultramap,M,Élevé
plot_18068,3.0,ultramap,M,Élevé
plot_18068,3.0,ultramap,M,Élevé
plot_18069,3.0,ultramap,D,Élevé
plot_18069,3.0,ultramap,D,Élevé
plot_18069,3.0,ultramap,D,Élevé
plot_18069,3.0,ultramap,D,Élevé
plot_18070,3.0,ultramap,C,Élevé
plot_18070,3.0,ultramap,C,Élevé
plot_18070,3.0,ultramap,C,Élevé
plot_18070,3.0,ultramap,C,Élevé
plot_18071,3.0,ultramap,C,Élevé
plot_18071,3.0,ultramap,C,Élevé
plot_18071,3.0,ultramap,C,Élevé
plot_18071,3.0,ultramap,C,Élevé
plot_18072,3.0,ultramap,C,Élevé
plot_18072,3.0,ultramap,C,Élevé
plot_18072,3.0,ultramap,C,Élevé
plot_18072,3.0,ultramap,C,Élevé
plot_18073,3.0,ultramap,C,Élevé
plot_18073,3.0,ultramap,C,Élevé
plot_18073,3.0,ultramap,C,Élevé
plot_18073,3.0,ultramap,C,Élevé
plot_18074,3.0,ultramap,C,Moyen
plot_18074,3.0,ultramap,C,Moyen
plot_18074,3.0,ultramap,C,Moyen
plot_18074,3.0,ultramap,C,Moyen
plot_18075,3.0,ultramap,D,Faible
plot_18075,3.0,ultramap,D,Faible
plot_18075,3.0,ultramap,D,Faible
plot_18075,3.0,ultramap,D,Faible
plot_18076,3.0,ultramap,D,Faible
plot_18076,3.0,ultramap,D,Faible
plot_18076,3.0,ultramap,D,Faible
plot_18076,3.0,ultramap,D,Faible
plot_18077,3.0,ultramap,D,Faible
plot_18077,3.0,ultramap,D,Faible
plot_18077,3.0,ultramap,D,Faible
plot_18077,3.0,ultramap,D,Faible
plot_18078,3.0,ultramap,D,Faible
plot_18078,3.0,ultramap,D,Faible
plot_18078,3.0,ultramap,D,Faible
plot_18078,3.0,ultramap,D,Faible
plot_18079,3.0,ultramap,D,Faible
plot_18079,3.0,ultramap,D,Faible
plot_18079,3.0,ultramap,D,Faible
plot_18079,3.0,ultramap,D,Faible
plot_18080,3.0,ultramap,C,Faible
plot_18080,3.0,ultramap,C,Faible
plot_18080,3.0,ultramap,C,Faible
plot_18080,3.0,ultramap,C,Faible
plot_18081,3.0,ultramap,D,Moyen
plot_18081,3.0,ultramap,D,Moyen
plot_18081,3.0,ultramap,D,Moyen
plot_18081,3.0,ultramap,D,Moyen
plot_18082,3.0,ultramap,D,Faible
plot_18082,3.0,ultramap,D,Faible
plot_18082,3.0,ultramap,D,Faible
plot_18082,3.0,ultramap,D,Faible
plot_18083,3.0,ultramap,D,Élevé
plot_18083,3.0,ultramap,D,Élevé
plot_18083,3.0,ultramap,D,Élevé
plot_18083,3.0,ultramap,D,Élevé
plot_18084,3.0,ultramap,C,Élevé
plot_18084,3.0,ultramap,C,Élevé
plot_18084,3.0,ultramap,C,Élevé
plot_18084,3.0,ultramap,C,Élevé
plot_18085,3.0,ultramap,D,Faible
plot_18085,3.0,ultramap,D,Faible
plot_18085,3.0,ultramap,D,Faible
plot_18085,3.0,ultramap,D,Faible
plot_18086,3.0,ultramap,C,Élevé
plot_18086,3.0,ultramap,C,Élevé
plot_18086,3.0,ultramap,C,Élevé
plot_18086,3.0,ultramap,C,Élevé
plot_18087,3.0,ultramap,M,Moyen
plot_18087,3.0,ultramap,M,Moyen
plot_18087,3.0,ultramap,M,Moyen
plot_18087,3.0,ultramap,M,Moyen
plot_18088,3.0,ultramap,M,Élevé
plot_18088,3.0,ultramap,M,Élevé
plot_18088,3.0,ultramap,M,Élevé
plot_18088,3.0,ultramap,M,Élevé
plot_18089,3.0,ultramap,M,Moyen
plot_18089,3.0,ultramap,M,Moyen
plot_18089,3.0,ultramap,M,Moyen
plot_18089,3.0,ultramap,M,Moyen
plot_18090,3.0,ultramap,C,Élevé
plot_18090,3.0,ultramap,C,Élevé
plot_18090,3.0,ultramap,C,Élevé
plot_18090,3.0,ultramap,C,Élevé
plot_18091,3.0,ultramap,C,Élevé
plot_18091,3.0,ultramap,C,Élevé
plot_18091,3.0,ultramap,C,Élevé
plot_18091,3.0,ultramap,C,Élevé
plot_18092,3.0,ultramap,D,Élevé
plot_18092,3.0,ultramap,D,Élevé
plot_18092,3.0,ultramap,D,Élevé
plot_18092,3.0,ultramap,D,Élevé
plot_18093,3.0,ultramap,D,Élevé
plot_18093,3.0,ultramap,D,Élevé
plot_18093,3.0,ultramap,D,Élevé
plot_18093,3.0,ultramap,D,Élevé
plot_18094,3.0,ultramap,D,Élevé
plot_18094,3.0,ultramap,D,Élevé
plot_18094,3.0,ultramap,D,Élevé
plot_18094,3.0,ultramap,D,Élevé
plot_18095,3.0,ultramap,C,Élevé
plot_18095,3.0,ultramap,C,Élevé
plot_18095,3.0,ultramap,C,Élevé
plot_18095,3.0,ultramap,C,Élevé
plot_18096,3.0,ultramap,D,Élevé
plot_18096,3.0,ultramap,D,Élevé
plot_18096,3.0,ultramap,D,Élevé
plot_18096,3.0,ultramap,D,Élevé
plot_18097,3.0,ultramap,D,Faible
plot_18097,3.0,ultramap,D,Faible
plot_18097,3.0,ultramap,D,Faible
plot_18097,3.0,ultramap,D,Faible
plot_18098,3.0,ultramap,D,Élevé
plot_18098,3.0,ultramap,D,Élevé
plot_18098,3.0,ultramap,D,Élevé
plot_18098,3.0,ultramap,D,Élevé
plot_18099,3.0,ultramap,D,Élevé
plot_18099,3.0,ultramap,D,Élevé
plot_18099,3.0,ultramap,D,Élevé
plot_18099,3.0,ultramap,D,Élevé
plot_18100,3.0,ultramap,D,Faible
plot_18100,3.0,ultramap,D,Faible
plot_18100,3.0,ultramap,D,Faible
plot_18100,3.0,ultramap,D,Faible
plot_18101,3.0,ultramap,M,Élevé
plot_18101,3.0,ultramap,M,Élevé
plot_18101,3.0,ultramap,M,Élevé
plot_18101,3.0,ultramap,M,Élevé
plot_18102,3.0,ultramap,D,Élevé
plot_18102,3.0,ultramap,D,Élevé
plot_18102,3.0,ultramap,D,Élevé
plot_18102,3.0,ultramap,D,Élevé
plot_18103,3.0,ultramap,D,Élevé
plot_18103,3.0,ultramap,D,Élevé
plot_18103,3.0,ultramap,D,Élevé
plot_18103,3.0,ultramap,D,Élevé
plot_18104,3.0,ultramap,M,Élevé
plot_18104,3.0,ultramap,M,Élevé
plot_18104,3.0,ultramap,M,Élevé
plot_18104,3.0,ultramap,M,Élevé
plot_18105,3.0,ultramap,D,Élevé
plot_18105,3.0,ultramap,D,Élevé
plot_18105,3.0,ultramap,D,Élevé
plot_18105,3.0,ultramap,D,Élevé
plot_18106,3.0,ultramap,D,Élevé
plot_18106,3.0,ultramap,D,Élevé
plot_18106,3.0,ultramap,D,Élevé
plot_18106,3.0,ultramap,D,Élevé
plot_18107,3.0,ultramap,D,Élevé
plot_18107,3.0,ultramap,D,Élevé
plot_18107,3.0,ultramap,D,Élevé
plot_18107,3.0,ultramap,D,Élevé
plot_18108,3.0,ultramap,C,Élevé
plot_18108,3.0,ultramap,C,Élevé
plot_18108,3.0,ultramap,C,Élevé
plot_18108,3.0,ultramap,C,Élevé
plot_18109,3.0,ultramap,C,Élevé
plot_18109,3.0,ultramap,C,Élevé
plot_18109,3.0,ultramap,C,Élevé
plot_18109,3.0,ultramap,C,Élevé
plot_18110,3.0,ultramap,D,Élevé
plot_18110,3.0,ultramap,D,Élevé
plot_18110,3.0,ultramap,D,Élevé
plot_18110,3.0,ultramap,D,Élevé
plot_18111,3.0,ultramap,D,Élevé
plot_18111,3.0,ultramap,D,Élevé
plot_18111,3.0,ultramap,D,Élevé
plot_18111,3.0,ultramap,D,Élevé
plot_18112,3.0,ultramap,M,Élevé
plot_18112,3.0,ultramap,M,Élevé
plot_18112,3.0,ultramap,M,Élevé
plot_18112,3.0,ultramap,M,Élevé
plot_18113,3.0,ultramap,D,Élevé
plot_18113,3.0,ultramap,D,Élevé
plot_18113,3.0,ultramap,D,Élevé
plot_18113,3.0,ultramap,D,Élevé
plot_18114,3.0,ultramap,C,Élevé
plot_18114,3.0,ultramap,C,Élevé
plot_18114,3.0,ultramap,C,Élevé
plot_18114,3.0,ultramap,C,Élevé
plot_18115,3.0,ultramap,M,Élevé
plot_18115,3.0,ultramap,M,Élevé
plot_18115,3.0,ultramap,M,Élevé
plot_18115,3.0,ultramap,M,Élevé
plot_18116,3.0,ultramap,D,Faible
plot_18116,3.0,ultramap,D,Faible
plot_18116,3.0,ultramap,D,Faible
plot_18116,3.0,ultramap,D,Faible
plot_18117,3.0,ultramap,D,Élevé
plot_18117,3.0,ultramap,D,Élevé
plot_18117,3.0,ultramap,D,Élevé
plot_18117,3.0,ultramap,D,Élevé
plot_18118,3.0,ultramap,D,Élevé
plot_18118,3.0,ultramap,D,Élevé
plot_18118,3.0,ultramap,D,Élevé
plot_18118,3.0,ultramap,D,Élevé
plot_18119,3.0,ultramap,D,Élevé
plot_18119,3.0,ultramap,D,Élevé
plot_18119,3.0,ultramap,D,Élevé
plot_18119,3.0,ultramap,D,Élevé
plot_18120,3.0,ultramap,D,Élevé
plot_18120,3.0,ultramap,D,Élevé
plot_18120,3.0,ultramap,D,Élevé
plot_18120,3.0,ultramap,D,Élevé
plot_18121,3.0,ultramap,D,Élevé
plot_18121,3.0,ultramap,D,Élevé
plot_18121,3.0,ultramap,D,Élevé
plot_18121,3.0,ultramap,D,Élevé
plot_18122,3.0,ultramap,C,Élevé
plot_18122,3.0,ultramap,C,Élevé
plot_18122,3.0,ultramap,C,Élevé
plot_18122,3.0,ultramap,C,Élevé
plot_18123,3.0,ultramap,D,Élevé
plot_18123,3.0,ultramap,D,Élevé
plot_18123,3.0,ultramap,D,Élevé
plot_18123,3.0,ultramap,D,Élevé
plot_18124,3.0,ultramap,M,Élevé
plot_18124,3.0,ultramap,M,Élevé
plot_18124,3.0,ultramap,M,Élevé
plot_18124,3.0,ultramap,M,Élevé
plot_18125,3.0,ultramap,D,Élevé
plot_18125,3.0,ultramap,D,Élevé
plot_18125,3.0,ultramap,D,Élevé
plot_18125,3.0,ultramap,D,Élevé
plot_18126,3.0,ultramap,D,Faible
plot_18126,3.0,ultramap,D,Faible
plot_18126,3.0,ultramap,D,Faible
plot_18126,3.0,ultramap,D,Faible
plot_18127,3.0,ultramap,C,Élevé
plot_18127,3.0,ultramap,C,Élevé
plot_18127,3.0,ultramap,C,Élevé
plot_18127,3.0,ultramap,C,Élevé
plot_18128,3.0,ultramap,M,Élevé
plot_18128,3.0,ultramap,M,Élevé
plot_18128,3.0,ultramap,M,Élevé
plot_18128,3.0,ultramap,M,Élevé
plot_18129,3.0,ultramap,D,Faible
plot_18129,3.0,ultramap,D,Faible
plot_18129,3.0,ultramap,D,Faible
plot_18129,3.0,ultramap,D,Faible
plot_18130,3.0,ultramap,D,Élevé
plot_18131,3.0,ultramap,D,Élevé
plot_18132,3.0,ultramap,D,Élevé
plot_18133,3.0,ultramap,M,Élevé
plot_18134,3.0,ultramap,D,Élevé
plot_18135,3.0,ultramap,D,Élevé
plot_18136,3.0,ultramap,D,Moyen
plot_18137,3.0,ultramap,D,Moyen
plot_18138,2.0,ultramap,C,Élevé
plot_18139,2.0,ultramap,D,Élevé
plot_18140,3.0,ultramap,C,Élevé
plot_18141,3.0,ultramap,D,Moyen
plot_18142,3.0,ultramap,D,Élevé
plot_18143,3.0,ultramap,D,Moyen
plot_18144,3.0,ultramap,C,Élevé
plot_18145,3.0,ultramap,D,Moyen
plot_18146,3.0,ultramap,D,Élevé
plot_18147,3.0,ultramap,C,Moyen
plot_18148,3.0,ultramap,D,Moyen
plot_18149,3.0,ultramap,D,Moyen
plot_18150,3.0,ultramap,D,Moyen
plot_18151,2.0,ultramap,D,Faible
plot_18152,2.0,ultramap,D,Moyen
plot_18153,3.0,ultramap,C,Moyen
plot_18154,3.0,ultramap,M,Moyen
plot_18155,3.0,ultramap,C,Moyen
plot_18156,3.0,ultramap,D,Moyen
plot_18157,2.0,ultramap,D,Faible
plot_18158,2.0,ultramap,D,Moyen
plot_18159,3.0,ultramap,D,Moyen
plot_18160,2.0,ultramap,M,Moyen
plot_18161,2.0,ultramap,D,Faible
plot_18162,2.0,ultramap,D,Faible
plot_18163,2.0,ultramap,D,Moyen
plot_18164,2.0,ultramap,D,Faible
plot_18165,2.0,ultramap,C,Faible
plot_18166,2.0,ultramap,D,Moyen
plot_18167,2.0,ultramap,D,Moyen
plot_18168,2.0,ultramap,D,Moyen
plot_18169,2.0,ultramap,M,Moyen
plot_18170,2.0,ultramap,D,Faible
plot_18171,2.0,ultramap,C,Faible
plot_18172,2.0,ultramap,D,Faible
plot_18173,2.0,ultramap,D,Faible
plot_18174,2.0,ultramap,D,Moyen
plot_18175,2.0,ultramap,D,Faible
plot_18176,2.0,ultramap,D,Moyen
plot_18177,2.0,ultramap,D,Faible
plot_18178,2.0,ultramap,D,Moyen
plot_18179,2.0,ultramap,D,Moyen
plot_18180,2.0,ultramap,D,Faible
plot_18181,2.0,ultramap,C,Faible
plot_18182,2.0,ultramap,D,Faible
plot_18183,2.0,ultramap,D,Faible
plot_18184,2.0,ultramap,M,Moyen
plot_18185,2.0,ultramap,D,Faible
plot_18186,2.0,ultramap,D,Moyen
plot_18187,2.0,ultramap,D,Faible
plot_18188,2.0,micmac,D,Élevé
plot_18189,2.0,micmac,D,Moyen
plot_18190,2.0,micmac,D,Moyen
plot_18191,2.0,micmac,D,Moyen
plot_18192,2.0,micmac,C,Élevé
plot_18193,2.0,micmac,D,Moyen
plot_18194,2.0,micmac,D,Moyen
plot_18195,2.0,micmac,D,Moyen
plot_18196,3.0,micmac,C,Élevé
plot_18197,3.0,micmac,D,Élevé
plot_18198,3.0,micmac,D,Élevé
plot_18199,2.0,micmac,D,Moyen
plot_18200,2.0,micmac,D,Moyen
plot_18201,2.0,micmac,D,Moyen
plot_18202,2.0,micmac,D,Élevé
plot_18203,3.0,micmac,D,Élevé
plot_18204,3.0,micmac,C,Élevé
plot_18205,3.0,micmac,C,Élevé
plot_18206,2.0,micmac,D,Moyen
plot_18207,2.0,micmac,D,Moyen
plot_18208,2.0,micmac,D,Moyen
plot_18209,2.0,micmac,D,Élevé
plot_18210,3.0,micmac,C,Élevé
plot_18211,2.0,micmac,D,Moyen
plot_18212,2.0,micmac,D,Moyen
plot_18213,3.0,micmac,D,Élevé
plot_18214,2.0,micmac,D,Moyen
plot_18215,2.0,micmac,D,Moyen
plot_18216,2.0,micmac,D,Moyen
plot_18217,3.0,micmac,D,Élevé
plot_18218,2.0,micmac,D,Moyen
plot_18219,2.0,micmac,D,Moyen
plot_18220,2.0,micmac,D,Faible
plot_18221,2.0,micmac,D,Moyen
plot_18222,2.0,micmac,D,Moyen
plot_18223,2.0,micmac,D,Moyen
plot_18224,3.0,micmac,D,Élevé
plot_18225,2.0,micmac,D,Faible
plot_18226,2.0,micmac,D,Moyen
plot_18227,3.0,micmac,D,Moyen
plot_18228,2.0,micmac,D,Faible
plot_18229,2.0,micmac,D,Moyen
plot_18230,2.0,micmac,D,Moyen
plot_18231,2.0,micmac,D,Moyen
plot_18232,2.0,micmac,D,Faible
plot_18233,2.0,micmac,D,Moyen
plot_18234,2.0,micmac,D,Moyen
plot_18235,2.0,micmac,D,Moyen
plot_18236,2.0,micmac,D,Faible
plot_18237,2.0,micmac,D,Faible
plot_18238,2.0,micmac,C,Moyen
plot_18239,2.0,micmac,D,Faible
plot_18240,2.0,micmac,D,Moyen
plot_18241,2.0,micmac,D,Moyen
plot_18242,2.0,micmac,D,Moyen
plot_18243,2.0,micmac,D,Moyen
plot_18244,2.0,micmac,D,Faible
plot_18245,2.0,micmac,D,Faible
plot_18246,2.0,micmac,D,Faible
plot_18247,2.0,micmac,D,Moyen
plot_18248,2.0,micmac,D,Faible
plot_18249,2.0,micmac,D,Faible
plot_18250,2.0,micmac,D,Faible
plot_18251,2.0,micmac,D,Faible
plot_18252,2.0,micmac,C,Faible
plot_18253,2.0,micmac,D,Faible
plot_18254,2.0,micmac,M,Faible
plot_18255,2.0,micmac,D,Faible
plot_18256,2.0,micmac,D,Faible
plot_18257,2.0,micmac,D,Faible
plot_18258,2.0,micmac,D,Faible
plot_18259,2.0,micmac,C,Faible
plot_18260,2.0,micmac,D,Faible
plot_18261,2.0,micmac,D,Faible
plot_18262,2.0,micmac,D,Moyen
plot_18263,2.0,micmac,D,Moyen
plot_18264,2.0,micmac,D,Moyen
plot_18265,2.0,micmac,D,Faible
plot_18266,2.0,micmac,D,Moyen
plot_18267,2.0,micmac,D,Moyen
plot_18268,2.0,micmac,D,Moyen
plot_18269,2.0,micmac,D,Faible
plot_18270,2.0,micmac,D,Faible
plot_18271,2.0,micmac,D,Faible
plot_18272,2.0,micmac,D,Moyen
plot_18273,2.0,micmac,D,Faible
plot_18274,2.0,micmac,D,Moyen
plot_18275,2.0,micmac,D,Moyen
plot_18276,2.0,micmac,D,Faible
plot_18277,2.0,micmac,D,Faible
plot_18278,2.0,micmac,D,Moyen
plot_18279,2.0,micmac,D,Moyen
plot_18280,2.0,micmac,D,Faible
plot_18281,2.0,micmac,D,Moyen
plot_18282,2.0,micmac,D,Faible
plot_18283,2.0,micmac,D,Moyen
plot_18284,2.0,micmac,D,Moyen
plot_18285,2.0,micmac,D,Faible
plot_18286,2.0,micmac,D,Faible
plot_18287,2.0,micmac,D,Moyen
plot_18288,2.0,micmac,D,Moyen
plot_18289,2.0,ultramap,C,Faible
plot_18290,2.0,ultramap,C,Faible
plot_18291,2.0,ultramap,D,Faible
plot_18292,2.0,ultramap,C,Faible
plot_18293,2.0,ultramap,C,Faible
plot_18294,2.0,ultramap,D,Faible
plot_18295,2.0,ultramap,C,Faible
plot_18296,2.0,ultramap,C,Faible
plot_18297,2.0,ultramap,C,Faible
plot_18298,2.0,ultramap,C,Faible
plot_18299,2.0,ultramap,M,Faible
plot_18300,2.0,ultramap,C,Faible
plot_18301,2.0,ultramap,D,Faible
plot_18302,2.0,ultramap,M,Faible
plot_18303,2.0,ultramap,C,Faible
plot_18304,2.0,ultramap,C,Faible
plot_18305,2.0,ultramap,C,Faible
plot_18306,2.0,ultramap,C,Faible
plot_18307,2.0,ultramap,D,Faible
plot_18308,2.0,ultramap,D,Faible
plot_18309,2.0,ultramap,C,Faible
plot_18310,2.0,ultramap,D,Faible
plot_18311,2.0,ultramap,C,Faible
plot_18312,2.0,ultramap,D,Faible
plot_18313,2.0,ultramap,M,Faible
plot_18314,2.0,ultramap,M,Faible
plot_18315,2.0,ultramap,C,Faible
plot_18316,2.0,ultramap,D,Faible
plot_18317,2.0,ultramap,D,Faible
plot_18318,2.0,ultramap,M,Faible
plot_18319,2.0,ultramap,C,Faible
plot_18320,2.0,ultramap,C,Faible
plot_18321,2.0,ultramap,C,Faible
plot_18322,2.0,ultramap,C,Faible
plot_18323,2.0,ultramap,C,Faible
plot_18324,2.0,ultramap,C,Faible
plot_18325,2.0,ultramap,D,Faible
plot_18326,2.0,ultramap,C,Faible
plot_18327,2.0,ultramap,C,Faible
plot_18328,2.0,ultramap,C,Faible
plot_18329,2.0,ultramap,C,Faible
plot_18330,2.0,ultramap,C,Faible
plot_18331,2.0,ultramap,C,Faible
plot_18332,2.0,ultramap,C,Faible
plot_18333,2.0,ultramap,C,Faible
plot_18334,2.0,ultramap,C,Faible
plot_18335,2.0,ultramap,C,Faible
plot_18336,2.0,ultramap,C,Faible
plot_18337,2.0,ultramap,C,Faible
plot_18338,2.0,ultramap,C,Faible
plot_18339,2.0,ultramap,D,Faible
plot_18340,2.0,ultramap,D,Faible
plot_18341,2.0,ultramap,D,Faible
plot_18342,2.0,ultramap,C,Faible
plot_18343,2.0,ultramap,D,Faible
plot_18344,2.0,ultramap,C,Faible
plot_18345,2.0,ultramap,D,Faible
plot_18346,2.0,ultramap,D,Faible
plot_18347,2.0,ultramap,D,Faible
plot_18348,2.0,ultramap,C,Faible
plot_18349,2.0,ultramap,D,Faible
plot_18350,2.0,ultramap,C,Faible
plot_18351,2.0,ultramap,D,Faible
plot_18352,2.0,ultramap,D,Faible
plot_18353,2.0,ultramap,C,Faible
plot_18354,2.0,ultramap,M,Faible
plot_18355,2.0,ultramap,D,Faible
plot_18356,2.0,ultramap,D,Faible
plot_18357,2.0,ultramap,C,Faible
plot_18358,2.0,ultramap,C,Faible
plot_18359,2.0,ultramap,D,Faible
plot_18360,2.0,ultramap,D,Faible
plot_18361,2.0,ultramap,D,Faible
plot_18362,2.0,ultramap,D,Faible
plot_18363,2.0,ultramap,D,Faible
plot_18364,2.0,ultramap,D,Faible
plot_18365,2.0,ultramap,C,Faible
plot_18366,2.0,ultramap,D,Faible
plot_18367,2.0,ultramap,C,Faible
plot_18368,2.0,ultramap,C,Faible
plot_18369,2.0,ultramap,M,Faible
plot_18370,2.0,ultramap,D,Faible
plot_18371,2.0,ultramap,D,Faible
plot_18372,2.0,ultramap,D,Faible
plot_18373,2.0,ultramap,D,Faible
plot_18374,2.0,ultramap,C,Faible
plot_18375,2.0,ultramap,D,Faible
plot_18376,2.0,ultramap,C,Faible
plot_18377,2.0,ultramap,D,Faible
plot_18378,2.0,ultramap,D,Faible
plot_18379,2.0,ultramap,D,Faible
plot_18380,2.0,ultramap,D,Faible
plot_18381,2.0,ultramap,D,Faible
plot_18382,2.0,ultramap,D,Faible
plot_18383,2.0,ultramap,D,Faible
plot_18384,2.0,ultramap,C,Faible
plot_18385,2.0,ultramap,M,Faible
plot_18386,2.0,ultramap,C,Faible
plot_18387,2.0,ultramap,D,Faible
plot_18388,2.0,ultramap,C,Faible
plot_18389,2.0,ultramap,D,Faible
plot_18390,2.0,ultramap,M,Faible
plot_18391,2.0,ultramap,D,Faible
plot_18392,2.0,ultramap,D,Faible
plot_18393,2.0,ultramap,C,Faible
plot_18394,2.0,ultramap,C,Faible
plot_18395,2.0,ultramap,C,Faible
plot_18396,2.0,ultramap,C,Faible
plot_18397,2.0,ultramap,D,Faible
plot_18398,2.0,ultramap,C,Faible
plot_18399,2.0,ultramap,C,Faible
plot_18400,2.0,ultramap,C,Faible
plot_18401,2.0,ultramap,D,Faible
plot_18402,2.0,ultramap,D,Faible
plot_18403,2.0,ultramap,D,Faible
plot_18404,2.0,ultramap,D,Faible
plot_18405,2.0,ultramap,D,Faible
plot_18406,2.0,ultramap,D,Faible
plot_18407,3.0,ultramap,C,Élevé
plot_18408,3.0,ultramap,D,Élevé
plot_18409,3.0,ultramap,D,Élevé
plot_18410,3.0,ultramap,C,Élevé
plot_18411,3.0,ultramap,M,Moyen
plot_18412,3.0,ultramap,M,Élevé
plot_18413,2.0,ultramap,C,Faible
plot_18414,3.0,ultramap,D,Élevé
plot_18415,3.0,ultramap,D,Moyen
plot_18416,3.0,ultramap,D,Élevé
plot_18417,3.0,ultramap,D,Moyen
plot_18418,3.0,ultramap,D,Moyen
plot_18419,3.0,ultramap,D,Élevé
plot_18420,3.0,ultramap,D,Élevé
plot_18421,3.0,ultramap,C,Élevé
plot_18422,3.0,ultramap,D,Élevé
plot_18423,3.0,ultramap,D,Élevé
plot_18424,2.0,ultramap,M,Moyen
plot_18425,2.0,ultramap,C,Faible
plot_18426,2.0,ultramap,C,Élevé
plot_18427,3.0,ultramap,M,Moyen
plot_18428,3.0,ultramap,D,Moyen
plot_18429,3.0,ultramap,D,Moyen
plot_18430,2.0,ultramap,D,Élevé
plot_18431,3.0,ultramap,D,Élevé
plot_18432,2.0,ultramap,D,Moyen
plot_18433,2.0,ultramap,C,Élevé
plot_18434,2.0,ultramap,D,Moyen
plot_18435,2.0,ultramap,D,Élevé
plot_18436,2.0,ultramap,D,Moyen
plot_18437,2.0,ultramap,D,Moyen
plot_18438,2.0,ultramap,D,Faible
plot_18439,2.0,ultramap,D,Élevé
plot_18440,2.0,ultramap,D,Moyen
plot_18441,2.0,ultramap,D,Faible
plot_18442,2.0,ultramap,C,Faible
plot_18443,2.0,ultramap,C,Faible
plot_18444,2.0,ultramap,D,Faible
plot_18445,2.0,ultramap,D,Moyen
plot_18446,2.0,ultramap,D,Moyen
plot_18447,2.0,ultramap,D,Moyen
plot_18448,2.0,ultramap,D,Moyen
plot_18449,2.0,ultramap,D,Faible
plot_18450,2.0,ultramap,D,Moyen
plot_18451,2.0,ultramap,C,Moyen
plot_18452,2.0,ultramap,D,Moyen
plot_18453,2.0,ultramap,D,Moyen
plot_18454,2.0,ultramap,D,Moyen
plot_18455,2.0,ultramap,D,Moyen
plot_18456,2.0,ultramap,D,Faible
plot_18457,2.0,ultramap,D,Faible
plot_18458,2.0,ultramap,C,Faible
plot_18459,2.0,ultramap,M,Faible
plot_18460,2.0,ultramap,M,Faible
plot_18461,2.0,ultramap,D,Faible
plot_18462,2.0,ultramap,C,Faible
plot_18463,1.0,micmac,D,Faible
plot_18464,1.0,ultramap,M,Faible
plot_18465,1.0,ultramap,D,Faible
plot_18466,1.0,ultramap,D,Faible
plot_18467,1.0,ultramap,M,Faible
plot_18468,1.0,ultramap,M,Faible
plot_18469,1.0,ultramap,D,Faible
plot_18470,1.0,ultramap,D,Faible
plot_18471,1.0,ultramap,D,Faible
plot_18472,1.0,ultramap,M,Faible
plot_18473,1.0,ultramap,D,Faible
plot_18474,1.0,ultramap,D,Faible
plot_18475,1.0,ultramap,D,Faible
plot_18476,1.0,ultramap,M,Faible
plot_18477,1.0,ultramap,C,Faible
plot_18478,1.0,ultramap,D,Faible
plot_18479,1.0,ultramap,C,Faible
plot_18480,1.0,ultramap,D,Faible
plot_18481,1.0,ultramap,D,Faible
plot_18482,1.0,ultramap,D,Faible
plot_18483,1.0,ultramap,D,Faible
plot_18484,1.0,ultramap,M,Faible
plot_18485,1.0,ultramap,D,Faible
plot_18486,1.0,ultramap,D,Faible
plot_18487,1.0,ultramap,D,Faible
plot_18488,1.0,ultramap,D,Faible
plot_18489,1.0,ultramap,C,Faible
plot_18490,1.0,ultramap,D,Faible
plot_18491,1.0,ultramap,D,Faible
plot_18492,1.0,ultramap,D,Faible
plot_18493,1.0,ultramap,D,Faible
plot_18494,1.0,ultramap,M,Faible
plot_18495,1.0,ultramap,D,Faible
plot_18496,1.0,ultramap,D,Faible
plot_18497,1.0,ultramap,D,Faible
plot_18498,1.0,ultramap,D,Faible
plot_18499,1.0,ultramap,D,Faible
plot_18500,1.0,ultramap,D,Faible
plot_18501,1.0,ultramap,M,Faible
plot_18502,1.0,ultramap,C,Faible
plot_18503,1.0,ultramap,D,Faible
plot_18504,1.0,ultramap,D,Faible
plot_18505,1.0,ultramap,D,Faible
plot_18506,1.0,ultramap,D,Faible
plot_18507,1.0,ultramap,D,Faible
plot_18508,1.0,ultramap,D,Faible
plot_18509,1.0,ultramap,D,Faible
plot_18510,1.0,ultramap,D,Faible
plot_18511,1.0,ultramap,D,Faible
plot_18512,1.0,ultramap,D,Faible
plot_18513,1.0,ultramap,D,Faible
plot_18514,1.0,ultramap,D,Faible
plot_18515,1.0,ultramap,D,Faible
plot_18516,1.0,ultramap,D,Faible
plot_18517,1.0,ultramap,D,Faible
plot_18518,1.0,ultramap,D,Faible
plot_18519,2.0,ultramap,D,Moyen
plot_18520,1.0,ultramap,D,Faible
plot_18521,1.0,ultramap,D,Faible
plot_18522,1.0,ultramap,D,Faible
plot_18523,1.0,ultramap,D,Faible
plot_18524,1.0,ultramap,D,Faible
plot_18525,1.0,ultramap,D,Faible
plot_18526,2.0,ultramap,D,Moyen
plot_18527,1.0,ultramap,D,Faible
plot_18528,1.0,ultramap,D,Faible
plot_18529,1.0,ultramap,D,Moyen
plot_18530,1.0,ultramap,D,Moyen
plot_18531,2.0,ultramap,D,Moyen
plot_18532,1.0,ultramap,D,Faible
plot_18533,1.0,ultramap,D,Faible
plot_18534,1.0,ultramap,D,Moyen
plot_18535,2.0,ultramap,D,Moyen
plot_18536,1.0,ultramap,D,Moyen
plot_18537,1.0,ultramap,M,Faible
plot_18538,1.0,ultramap,D,Faible
plot_18539,1.0,ultramap,D,Faible
plot_18540,1.0,ultramap,D,Faible
plot_18541,1.0,ultramap,D,Faible
plot_18542,1.0,ultramap,C,Faible
plot_18543,1.0,ultramap,M,Faible
plot_18544,1.0,ultramap,M,Faible
plot_18545,1.0,ultramap,D,Faible
plot_18546,1.0,ultramap,D,Faible
plot_18547,1.0,ultramap,D,Faible
plot_18548,1.0,ultramap,D,Faible
plot_18549,1.0,micmac,D,Faible
plot_18550,1.0,ultramap,D,Faible
plot_18551,1.0,ultramap,D,Faible
plot_18552,1.0,ultramap,C,Faible
plot_18553,1.0,ultramap,D,Faible
plot_18554,1.0,ultramap,D,Faible
plot_18555,1.0,ultramap,D,Faible
plot_18556,1.0,ultramap,D,Faible
plot_18557,1.0,ultramap,D,Faible
plot_18558,1.0,ultramap,C,Faible
plot_18559,1.0,ultramap,C,Faible
plot_18560,1.0,ultramap,D,Faible
plot_18561,1.0,ultramap,D,Faible
plot_18562,1.0,ultramap,D,Faible
plot_18563,1.0,ultramap,C,Faible
plot_18564,1.0,ultramap,D,Faible
plot_18565,1.0,ultramap,D,Faible
plot_18566,1.0,ultramap,D,Faible
plot_18567,1.0,ultramap,C,Faible
plot_18568,1.0,ultramap,D,Faible
plot_18569,1.0,ultramap,D,Faible
plot_18570,1.0,ultramap,D,Faible
plot_18571,1.0,ultramap,C,Faible
plot_18572,1.0,ultramap,D,Faible
plot_18573,1.0,ultramap,D,Faible
plot_18574,1.0,ultramap,D,Faible
plot_18575,1.0,ultramap,D,Faible
plot_18576,1.0,ultramap,D,Faible
plot_18577,1.0,ultramap,D,Faible
plot_18578,1.0,ultramap,D,Faible
plot_18579,1.0,ultramap,D,Faible
plot_18580,1.0,ultramap,D,Faible
plot_18581,1.0,ultramap,D,Faible
plot_18582,1.0,ultramap,M,Faible
plot_18583,1.0,ultramap,D,Faible
plot_18584,1.0,ultramap,D,Faible
plot_18585,1.0,ultramap,D,Faible
plot_18586,1.0,ultramap,D,Faible
plot_18587,1.0,ultramap,D,Faible
plot_18588,1.0,ultramap,D,Faible
plot_18589,1.0,ultramap,C,Faible
plot_18590,1.0,ultramap,D,Faible
plot_18591,1.0,ultramap,D,Faible
plot_18592,1.0,ultramap,D,Faible
plot_18593,1.0,ultramap,D,Faible
plot_18594,1.0,ultramap,M,Faible
plot_18595,1.0,ultramap,D,Faible
plot_18596,1.0,ultramap,D,Faible
plot_18597,1.0,ultramap,D,Faible
plot_18598,1.0,ultramap,D,Faible
plot_18599,1.0,ultramap,M,Faible
plot_18600,1.0,ultramap,C,Faible
plot_18601,1.0,ultramap,D,Faible
plot_18602,1.0,ultramap,D,Faible
plot_18603,1.0,ultramap,D,Faible
plot_18604,1.0,ultramap,D,Faible
plot_18647,3.0,micmac,D,Moyen
plot_18695,2.0,ultramap,D,Moyen
plot_18696,2.0,ultramap,D,Faible
plot_18697,2.0,ultramap,D,Moyen
plot_18698,2.0,ultramap,D,Moyen
plot_18699,2.0,ultramap,D,Moyen
plot_18700,2.0,ultramap,M,Moyen
plot_18701,2.0,ultramap,D,Faible
plot_18702,2.0,ultramap,M,Moyen
plot_18703,2.0,ultramap,M,Moyen
plot_18704,2.0,ultramap,C,Moyen
plot_18705,2.0,ultramap,D,Moyen
plot_18706,2.0,ultramap,D,Moyen
plot_18707,2.0,ultramap,D,Moyen
plot_18708,2.0,ultramap,D,Moyen
plot_18709,2.0,ultramap,D,Moyen
plot_18710,2.0,ultramap,D,Moyen
plot_18711,2.0,ultramap,D,Moyen
plot_18712,2.0,ultramap,D,Moyen
plot_18713,2.0,ultramap,D,Moyen
plot_18714,2.0,ultramap,D,Moyen
plot_18715,2.0,ultramap,D,Moyen
plot_18716,2.0,ultramap,M,Moyen
plot_18717,2.0,ultramap,D,Moyen
plot_18718,2.0,ultramap,D,Moyen
plot_18719,3.0,ultramap,D,Moyen
plot_18720,2.0,ultramap,D,Moyen
plot_18721,2.0,ultramap,D,Moyen
plot_18722,3.0,ultramap,D,Moyen
plot_18723,3.0,ultramap,D,Moyen
plot_18724,3.0,ultramap,D,Moyen
plot_18725,2.0,ultramap,D,Moyen
plot_18726,2.0,ultramap,D,Moyen
plot_18727,2.0,ultramap,D,Moyen
plot_18728,2.0,ultramap,D,Moyen
plot_18729,3.0,ultramap,D,Moyen
plot_18730,3.0,ultramap,D,Élevé
plot_18731,3.0,ultramap,D,Moyen
plot_18732,2.0,ultramap,D,Moyen
plot_18733,3.0,ultramap,D,Moyen
plot_18734,3.0,ultramap,D,Moyen
plot_18735,3.0,ultramap,D,Élevé
plot_18736,3.0,ultramap,D,Moyen
plot_18737,3.0,ultramap,M,Moyen
plot_18738,3.0,ultramap,D,Élevé
plot_18739,3.0,ultramap,D,Élevé
plot_18740,3.0,ultramap,D,Moyen
plot_18741,3.0,ultramap,D,Moyen
plot_18742,3.0,ultramap,D,Élevé
plot_18743,3.0,ultramap,D,Élevé
plot_18744,3.0,ultramap,D,Élevé
plot_18745,3.0,ultramap,M,Élevé
plot_18746,3.0,ultramap,M,Élevé
plot_18747,3.0,ultramap,D,Élevé
plot_18748,3.0,ultramap,D,Élevé
plot_18749,3.0,ultramap,M,Élevé
plot_18750,3.0,ultramap,M,Élevé
plot_18751,3.0,ultramap,D,Élevé
plot_18752,3.0,ultramap,D,Élevé
plot_18753,3.0,ultramap,D,Moyen
plot_18754,3.0,ultramap,M,Élevé
plot_18755,3.0,ultramap,D,Élevé
plot_18756,3.0,ultramap,M,Élevé
plot_18757,3.0,ultramap,D,Élevé
plot_18758,3.0,ultramap,D,Élevé
plot_18759,3.0,ultramap,M,Moyen
plot_18760,3.0,ultramap,D,Élevé
plot_18761,3.0,ultramap,M,Élevé
plot_18762,3.0,ultramap,D,Élevé
plot_18763,3.0,ultramap,M,Élevé
plot_18764,3.0,ultramap,C,Élevé
plot_18765,3.0,ultramap,C,Élevé
plot_18766,3.0,ultramap,D,Élevé
plot_18767,3.0,ultramap,M,Élevé
plot_18768,3.0,ultramap,M,Élevé
plot_18769,3.0,ultramap,M,Élevé
plot_18770,3.0,ultramap,M,Élevé
plot_18771,3.0,ultramap,M,Élevé
plot_18772,3.0,ultramap,M,Élevé
plot_18773,3.0,ultramap,D,Élevé
plot_18774,3.0,ultramap,M,Élevé
plot_18775,3.0,ultramap,D,Élevé
plot_18776,3.0,ultramap,D,Élevé
plot_18777,3.0,ultramap,D,Élevé
plot_18778,3.0,ultramap,M,Élevé
plot_18779,3.0,ultramap,M,Élevé
plot_18780,3.0,ultramap,D,Élevé
plot_18781,3.0,ultramap,D,Élevé
plot_18782,3.0,ultramap,M,Élevé
plot_18783,3.0,ultramap,C,Élevé
plot_18784,3.0,ultramap,C,Élevé
plot_18785,3.0,ultramap,C,Élevé
plot_18786,3.0,ultramap,M,Élevé
plot_18787,3.0,ultramap,C,Élevé
plot_18788,3.0,ultramap,D,Élevé
plot_18789,3.0,ultramap,M,Élevé
plot_18790,3.0,ultramap,C,Élevé
plot_18791,3.0,ultramap,M,Élevé
plot_18792,3.0,ultramap,D,Élevé
plot_18793,3.0,ultramap,D,Élevé
plot_18794,3.0,ultramap,M,Élevé
plot_18795,3.0,ultramap,M,Élevé
plot_18796,3.0,ultramap,M,Élevé
plot_18797,3.0,ultramap,C,Élevé
plot_18798,3.0,ultramap,M,Élevé
plot_18799,3.0,ultramap,D,Élevé
plot_18800,2.0,ultramap,C,Faible
plot_18801,2.0,ultramap,C,Faible
plot_18802,2.0,ultramap,C,Faible
plot_18803,2.0,ultramap,C,Faible
plot_18804,2.0,ultramap,C,Faible
plot_18805,2.0,ultramap,C,Faible
plot_18806,2.0,ultramap,C,Faible
plot_18807,2.0,ultramap,C,Faible
plot_18808,2.0,ultramap,C,Faible
plot_18809,2.0,ultramap,D,Faible
plot_18810,2.0,ultramap,C,Faible
plot_18811,2.0,ultramap,C,Faible
plot_18812,2.0,ultramap,C,Faible
plot_18813,2.0,ultramap,C,Faible
plot_18814,2.0,ultramap,C,Faible
plot_18815,2.0,ultramap,C,Faible
plot_18816,2.0,ultramap,C,Faible
plot_18817,2.0,ultramap,C,Faible
plot_18818,2.0,ultramap,D,Faible
plot_18819,2.0,ultramap,D,Faible
plot_18820,2.0,ultramap,C,Faible
plot_18821,2.0,ultramap,C,Faible
plot_18822,2.0,ultramap,D,Faible
plot_18823,2.0,ultramap,C,Faible
plot_18824,2.0,ultramap,C,Faible
plot_18825,2.0,ultramap,C,Faible
plot_18826,2.0,ultramap,C,Faible
plot_18827,2.0,ultramap,D,Faible
plot_18828,2.0,ultramap,C,Faible
plot_18829,2.0,ultramap,C,Faible
plot_18830,2.0,ultramap,C,Faible
plot_18831,2.0,ultramap,C,Faible
plot_18832,2.0,ultramap,C,Faible
plot_18833,2.0,ultramap,D,Faible
plot_18834,2.0,ultramap,C,Faible
plot_18835,2.0,ultramap,C,Faible
plot_18836,2.0,ultramap,C,Faible
plot_18837,2.0,ultramap,C,Faible
plot_18838,2.0,ultramap,C,Faible
plot_18839,2.0,ultramap,M,Faible
plot_18840,2.0,ultramap,D,Faible
plot_18841,2.0,ultramap,C,Faible
plot_18842,2.0,ultramap,C,Faible
plot_18843,2.0,ultramap,C,Faible
plot_18844,2.0,ultramap,M,Faible
plot_18845,2.0,ultramap,C,Faible
plot_18846,2.0,ultramap,C,Faible
plot_18847,2.0,ultramap,C,Faible
plot_18848,2.0,ultramap,D,Faible
plot_18849,2.0,ultramap,M,Faible
plot_18850,2.0,ultramap,C,Faible
plot_18851,2.0,ultramap,C,Faible
plot_18852,2.0,ultramap,C,Faible
plot_18853,2.0,ultramap,C,Faible
plot_18854,2.0,ultramap,M,Faible
plot_18855,2.0,ultramap,D,Faible
plot_18856,2.0,ultramap,D,Faible
plot_18857,2.0,ultramap,D,Faible
plot_18858,2.0,ultramap,C,Faible
plot_18859,2.0,ultramap,C,Faible
plot_18860,2.0,ultramap,D,Faible
plot_18861,2.0,ultramap,C,Faible
plot_18862,2.0,ultramap,C,Faible
plot_18863,2.0,ultramap,D,Faible
plot_18864,2.0,ultramap,D,Faible
plot_18865,2.0,ultramap,C,Faible
plot_18866,2.0,ultramap,C,Faible
plot_18867,2.0,ultramap,C,Faible
plot_18868,2.0,ultramap,C,Faible
plot_18869,2.0,ultramap,C,Faible
plot_18870,2.0,ultramap,D,Faible
plot_18871,2.0,ultramap,C,Faible
plot_18872,2.0,ultramap,C,Faible
plot_18873,2.0,ultramap,C,Faible
plot_18874,2.0,ultramap,D,Faible
plot_18875,2.0,ultramap,C,Faible
plot_18876,2.0,ultramap,C,Faible
plot_18877,2.0,ultramap,C,Faible
plot_18878,2.0,ultramap,C,Faible
plot_18879,2.0,ultramap,C,Faible
plot_18880,2.0,ultramap,C,Faible
plot_18881,2.0,ultramap,C,Faible
plot_18882,2.0,ultramap,C,Faible
plot_18883,2.0,ultramap,C,Faible
plot_18884,2.0,ultramap,M,Faible
plot_18885,2.0,ultramap,D,Faible
plot_18886,2.0,ultramap,C,Faible
plot_18887,2.0,ultramap,C,Faible
plot_18888,2.0,ultramap,C,Faible
plot_18889,2.0,ultramap,C,Faible
plot_18890,2.0,ultramap,C,Faible
plot_18891,2.0,ultramap,C,Faible
plot_18892,2.0,ultramap,C,Faible
plot_18893,2.0,ultramap,C,Faible
plot_18894,2.0,ultramap,C,Faible
plot_18895,2.0,ultramap,C,Faible
plot_18896,2.0,ultramap,D,Faible
plot_18897,2.0,ultramap,D,Faible
plot_18898,2.0,ultramap,C,Faible
plot_18899,2.0,ultramap,C,Faible
plot_18900,2.0,ultramap,M,Faible
plot_18901,2.0,ultramap,D,Faible
plot_18902,2.0,ultramap,D,Faible
plot_18903,2.0,ultramap,C,Faible
plot_18904,2.0,ultramap,C,Faible
plot_18905,2.0,ultramap,C,Faible
plot_18906,2.0,ultramap,C,Faible
plot_18907,2.0,ultramap,C,Faible
plot_18908,2.0,ultramap,C,Faible
plot_18909,2.0,ultramap,C,Faible
plot_18910,2.0,ultramap,C,Faible
plot_18911,2.0,ultramap,D,Faible
plot_18912,2.0,ultramap,D,Faible
plot_18913,2.0,ultramap,M,Faible
plot_18914,2.0,ultramap,C,Faible
plot_18915,2.0,ultramap,C,Faible
plot_18916,2.0,ultramap,D,Faible
plot_18917,2.0,ultramap,D,Faible
plot_18918,2.0,ultramap,D,Faible
plot_18919,2.0,ultramap,D,Faible
plot_18920,2.0,ultramap,D,Faible
plot_18921,2.0,ultramap,C,Faible
plot_18922,2.0,ultramap,C,Faible
plot_18923,2.0,ultramap,C,Faible
plot_18924,2.0,ultramap,C,Faible
plot_18925,2.0,ultramap,C,Faible
plot_18983,1.0,ultramap,C,Faible
plot_19029,3.0,micmac,D,Élevé
plot_19030,3.0,micmac,D,Élevé
plot_19031,3.0,micmac,C,Élevé
plot_19032,3.0,micmac,C,Élevé
plot_19033,3.0,micmac,C,Moyen
plot_19034,3.0,micmac,D,Élevé
plot_19035,3.0,micmac,C,Élevé
plot_19036,3.0,micmac,D,Élevé
plot_19037,3.0,micmac,M,Élevé
plot_19038,2.0,micmac,D,Moyen
plot_19039,3.0,micmac,C,Élevé
plot_19040,2.0,micmac,D,Moyen
plot_19041,3.0,micmac,M,Élevé
plot_19042,3.0,micmac,C,Élevé
plot_19043,2.0,micmac,M,Moyen
plot_19044,3.0,micmac,D,Élevé
plot_19045,3.0,micmac,M,Élevé
plot_19046,3.0,micmac,D,Moyen
plot_19047,2.0,micmac,C,Moyen
plot_19048,3.0,micmac,D,Élevé
plot_19049,2.0,micmac,D,Moyen
plot_19050,2.0,micmac,D,Moyen
plot_19051,2.0,micmac,D,Moyen
plot_19052,2.0,micmac,D,Moyen
plot_19053,3.0,micmac,C,Élevé
plot_19054,3.0,micmac,C,Élevé
plot_19055,2.0,micmac,M,Élevé
plot_19056,2.0,micmac,D,Moyen
plot_19057,2.0,micmac,D,Moyen
plot_19058,3.0,micmac,D,Moyen
plot_19059,3.0,micmac,C,Élevé
plot_19060,2.0,micmac,D,Moyen
plot_19061,2.0,micmac,D,Moyen
plot_19062,3.0,micmac,D,Élevé
plot_19063,3.0,micmac,C,Élevé
plot_19064,2.0,micmac,D,Élevé
plot_19065,3.0,micmac,M,Élevé
plot_19066,3.0,micmac,C,Élevé
plot_19067,3.0,micmac,C,Élevé
plot_19068,2.0,micmac,D,Moyen
plot_19069,3.0,micmac,M,Élevé
plot_19070,2.0,micmac,D,Élevé
plot_19071,2.0,micmac,D,Élevé
plot_19072,2.0,micmac,C,Élevé
plot_19073,3.0,micmac,D,Élevé
plot_19074,3.0,micmac,C,Élevé
plot_19075,2.0,micmac,D,Moyen
plot_19076,2.0,micmac,D,Élevé
plot_19077,3.0,micmac,C,Élevé
plot_19078,3.0,micmac,C,Élevé
plot_19079,2.0,micmac,D,Moyen
plot_19080,3.0,micmac,D,Élevé
plot_19081,3.0,micmac,C,Élevé
plot_19082,3.0,micmac,D,Élevé
plot_19083,3.0,micmac,C,Élevé
plot_19084,3.0,micmac,C,Élevé
plot_19085,3.0,micmac,D,Élevé
plot_19086,3.0,micmac,C,Élevé
plot_19087,3.0,micmac,D,Moyen
plot_19088,3.0,micmac,D,Moyen
plot_19089,2.0,micmac,D,Élevé
plot_19090,2.0,micmac,D,Élevé
plot_19091,2.0,micmac,D,Moyen
plot_19092,2.0,micmac,D,Élevé
plot_19093,2.0,micmac,C,Élevé
plot_19094,2.0,micmac,D,Élevé
plot_19095,2.0,micmac,D,Élevé
plot_19096,2.0,micmac,C,Élevé
plot_19097,2.0,micmac,M,Élevé
plot_19098,2.0,micmac,M,Élevé
plot_19099,3.0,micmac,M,Élevé
plot_19100,3.0,micmac,M,Élevé
plot_19101,2.0,micmac,M,Élevé
plot_19102,2.0,micmac,M,Élevé
plot_19103,3.0,micmac,C,Élevé
plot_19104,3.0,micmac,C,Élevé
plot_19105,2.0,micmac,C,Élevé
plot_19106,3.0,micmac,C,Élevé
plot_19107,2.0,micmac,D,Élevé
plot_19108,2.0,micmac,M,Élevé
plot_19109,2.0,micmac,M,Élevé
plot_19110,2.0,micmac,M,Élevé
plot_19111,3.0,micmac,C,Élevé
plot_19112,3.0,micmac,C,Élevé
plot_19113,2.0,micmac,M,Élevé
plot_19114,2.0,micmac,M,Élevé
plot_19115,3.0,micmac,M,Élevé
plot_19116,3.0,micmac,C,Élevé
plot_19117,3.0,micmac,C,Élevé
plot_19118,2.0,micmac,M,Élevé
plot_19119,2.0,micmac,C,Élevé
plot_19120,2.0,micmac,C,Élevé
plot_19121,3.0,micmac,C,Élevé
plot_19122,2.0,micmac,M,Élevé
plot_19123,2.0,micmac,D,Élevé
plot_19124,2.0,micmac,D,Élevé
plot_19125,2.0,micmac,D,Élevé
plot_19126,2.0,micmac,D,Élevé
plot_19127,2.0,micmac,C,Élevé
plot_19128,2.0,micmac,C,Élevé
plot_19129,3.0,micmac,C,Élevé
plot_19130,3.0,micmac,M,Élevé
plot_19131,2.0,micmac,C,Élevé
plot_19132,2.0,micmac,D,Élevé
plot_19133,3.0,micmac,M,Élevé
plot_19134,2.0,micmac,D,Élevé
plot_19135,2.0,micmac,M,Élevé
plot_19136,2.0,micmac,M,Élevé
plot_19137,2.0,micmac,D,Élevé
plot_19138,3.0,micmac,D,Élevé
plot_19139,2.0,micmac,M,Élevé
plot_19140,3.0,micmac,M,Élevé
plot_19141,3.0,micmac,C,Élevé
plot_19142,2.0,micmac,M,Élevé
plot_19143,3.0,micmac,C,Élevé
plot_19144,2.0,micmac,M,Élevé
plot_19145,2.0,micmac,D,Élevé
plot_19146,2.0,micmac,D,Élevé
plot_19147,2.0,micmac,C,Élevé
plot_19148,2.0,micmac,M,Élevé
plot_19150,2.0,micmac,D,Élevé
plot_19151,2.0,micmac,D,Élevé
plot_19152,2.0,micmac,D,Élevé
plot_19153,2.0,micmac,D,Élevé
plot_19154,2.0,micmac,M,Élevé
plot_19155,2.0,micmac,M,Élevé
plot_19156,2.0,micmac,M,Élevé
plot_19157,2.0,micmac,D,Élevé
plot_19158,2.0,micmac,M,Élevé
plot_19159,2.0,micmac,D,Élevé
plot_19160,2.0,micmac,C,Élevé
plot_19161,2.0,micmac,C,Élevé
plot_19162,2.0,micmac,M,Élevé
plot_19163,2.0,micmac,C,Élevé
plot_19164,2.0,micmac,D,Élevé
plot_19165,2.0,micmac,M,Élevé
plot_19166,2.0,micmac,C,Élevé
plot_19167,2.0,micmac,M,Élevé
plot_19168,2.0,micmac,C,Élevé
plot_19169,2.0,micmac,C,Élevé
plot_19170,2.0,micmac,M,Élevé
plot_19171,3.0,micmac,C,Élevé
plot_19172,3.0,micmac,M,Élevé
plot_19173,3.0,micmac,C,Élevé
plot_19174,3.0,micmac,C,Élevé
plot_19175,2.0,micmac,D,Faible
plot_19176,2.0,micmac,D,Faible
plot_19177,1.0,micmac,M,Faible
plot_19178,1.0,micmac,D,Faible
plot_19179,1.0,micmac,D,Faible
plot_19180,1.0,micmac,M,Faible
plot_19181,1.0,micmac,D,Faible
plot_19182,1.0,micmac,D,Faible
plot_19183,1.0,micmac,D,Faible
plot_19184,1.0,micmac,M,Faible
plot_19185,1.0,micmac,M,Faible
plot_19186,1.0,micmac,D,Faible
plot_19187,1.0,micmac,D,Faible
plot_19188,1.0,micmac,D,Faible
plot_19189,1.0,micmac,C,Faible
plot_19190,1.0,micmac,D,Faible
plot_19191,1.0,micmac,D,Faible
plot_19192,1.0,micmac,C,Faible
plot_19193,1.0,micmac,D,Faible
plot_19194,1.0,micmac,D,Faible
plot_19195,1.0,micmac,D,Faible
plot_19196,1.0,micmac,D,Faible
plot_19197,1.0,micmac,M,Faible
plot_19198,1.0,micmac,D,Faible
plot_19199,1.0,micmac,M,Faible
plot_19200,1.0,micmac,D,Faible
plot_19201,1.0,micmac,D,Faible
plot_19202,1.0,micmac,D,Faible
plot_19203,1.0,micmac,D,Faible
plot_19204,1.0,micmac,D,Faible
plot_19205,1.0,micmac,D,Faible
plot_19206,1.0,micmac,D,Faible
plot_19207,1.0,micmac,D,Faible
plot_19208,1.0,ultramap,D,Faible
plot_19209,1.0,ultramap,D,Faible
plot_19210,1.0,ultramap,D,Faible
plot_19211,1.0,ultramap,D,Faible
plot_19212,1.0,ultramap,D,Faible
plot_19213,1.0,ultramap,D,Faible
plot_19214,1.0,ultramap,D,Faible
plot_19215,1.0,ultramap,D,Faible
plot_19216,1.0,ultramap,D,Faible
plot_19217,1.0,ultramap,D,Faible
plot_19218,1.0,ultramap,D,Faible
plot_19219,1.0,ultramap,D,Faible
plot_19220,1.0,ultramap,M,Faible
plot_19221,1.0,ultramap,D,Faible
plot_19222,1.0,ultramap,D,Faible
plot_19223,1.0,ultramap,D,Faible
plot_19224,1.0,ultramap,D,Faible
plot_19225,1.0,ultramap,D,Faible
plot_19226,1.0,ultramap,D,Faible
plot_19227,1.0,ultramap,M,Faible
plot_19228,1.0,ultramap,D,Faible
plot_19229,1.0,ultramap,D,Faible
plot_19230,1.0,ultramap,D,Faible
plot_19231,1.0,ultramap,D,Faible
plot_19232,1.0,ultramap,D,Faible
plot_19233,1.0,ultramap,D,Faible
plot_19234,1.0,ultramap,D,Faible
plot_19235,1.0,ultramap,M,Faible
plot_19236,1.0,ultramap,D,Faible
plot_19237,1.0,ultramap,D,Faible
plot_19238,1.0,ultramap,C,Faible
plot_19239,1.0,ultramap,M,Faible
plot_19240,1.0,ultramap,D,Faible
plot_19241,1.0,ultramap,C,Faible
plot_19242,1.0,ultramap,D,Faible
plot_19243,1.0,ultramap,D,Faible
plot_19244,1.0,ultramap,C,Faible
plot_19245,1.0,ultramap,D,Faible
plot_19246,1.0,ultramap,D,Faible
plot_19247,1.0,ultramap,D,Faible
plot_19248,1.0,ultramap,M,Faible
plot_19249,1.0,ultramap,D,Faible
plot_19250,1.0,ultramap,D,Faible
plot_19251,1.0,ultramap,D,Faible
plot_19252,1.0,ultramap,C,Faible
plot_19253,1.0,ultramap,D,Faible
plot_19254,1.0,ultramap,C,Faible
plot_19255,1.0,ultramap,D,Faible
plot_19256,1.0,ultramap,C,Faible
plot_19257,1.0,ultramap,C,Faible
plot_19258,1.0,ultramap,D,Faible
plot_19259,1.0,ultramap,D,Faible
plot_19260,1.0,ultramap,D,Faible
plot_19261,1.0,ultramap,C,Faible
plot_19262,1.0,ultramap,D,Faible
plot_19263,1.0,ultramap,D,Faible
plot_19264,1.0,ultramap,D,Faible
plot_19265,1.0,ultramap,D,Faible
plot_19266,1.0,ultramap,C,Faible
plot_19267,1.0,ultramap,D,Faible
plot_19268,1.0,ultramap,D,Faible
plot_19269,1.0,ultramap,D,Faible
plot_19270,1.0,ultramap,D,Faible
plot_19271,1.0,ultramap,D,Faible
plot_19272,1.0,ultramap,D,Faible
plot_19273,1.0,ultramap,D,Faible
plot_19274,1.0,ultramap,D,Faible
plot_19275,1.0,ultramap,D,Faible
plot_19276,1.0,ultramap,D,Moyen
plot_19277,1.0,ultramap,D,Faible
plot_19278,1.0,ultramap,D,Faible
plot_19279,1.0,ultramap,D,Faible
plot_19280,1.0,ultramap,D,Faible
plot_19281,1.0,ultramap,D,Faible
plot_19282,2.0,micmac,D,Moyen
plot_19283,2.0,micmac,D,Moyen
plot_19284,2.0,micmac,D,Moyen
plot_19285,2.0,micmac,D,Moyen
plot_19286,2.0,micmac,D,Moyen
plot_19287,2.0,micmac,D,Faible
plot_19288,2.0,micmac,D,Faible
plot_19289,2.0,micmac,D,Moyen
plot_19290,2.0,micmac,D,Moyen
plot_19291,2.0,micmac,D,Faible
plot_19292,2.0,micmac,D,Faible
plot_19293,2.0,micmac,M,Moyen
plot_19294,2.0,micmac,D,Moyen
plot_19295,2.0,micmac,D,Moyen
plot_19296,2.0,micmac,D,Faible
plot_19297,2.0,micmac,D,Moyen
plot_19298,2.0,micmac,D,Faible
plot_19299,2.0,micmac,D,Moyen
plot_19300,2.0,micmac,D,Moyen
plot_19301,2.0,micmac,D,Moyen
plot_19302,2.0,micmac,D,Moyen
plot_19303,2.0,micmac,D,Moyen
plot_19304,2.0,micmac,D,Moyen
plot_19305,2.0,micmac,D,Faible
plot_19306,2.0,micmac,D,Moyen
plot_19307,2.0,micmac,D,Moyen
plot_19308,2.0,micmac,D,Moyen
plot_19309,2.0,micmac,D,Moyen
plot_19310,2.0,micmac,D,Moyen
plot_19311,2.0,micmac,D,Moyen
plot_19312,2.0,micmac,D,Moyen
plot_19313,2.0,micmac,D,Moyen
plot_19314,2.0,micmac,D,Moyen
plot_19315,2.0,micmac,D,Moyen
plot_19316,2.0,micmac,D,Moyen
plot_19317,2.0,micmac,D,Moyen
plot_19318,2.0,micmac,D,Moyen
plot_19319,2.0,micmac,D,Moyen
plot_19320,2.0,micmac,D,Moyen
plot_19321,2.0,micmac,D,Moyen
plot_19322,2.0,micmac,D,Moyen
plot_19323,2.0,micmac,D,Moyen
plot_19324,2.0,micmac,D,Moyen
plot_19325,2.0,micmac,D,Moyen
plot_19326,2.0,micmac,D,Moyen
plot_19327,2.0,micmac,D,Moyen
plot_19328,2.0,micmac,D,Moyen
plot_19329,2.0,micmac,D,Moyen
plot_19330,2.0,micmac,D,Moyen
plot_19331,2.0,micmac,D,Faible
plot_19332,2.0,micmac,D,Moyen
plot_19333,2.0,micmac,C,Moyen
plot_19334,2.0,micmac,D,Moyen
plot_19335,2.0,micmac,D,Moyen
plot_19336,2.0,micmac,D,Moyen
plot_19337,2.0,micmac,D,Moyen
plot_19338,2.0,micmac,D,Moyen
plot_19339,2.0,micmac,D,Moyen
plot_19340,2.0,micmac,D,Élevé
plot_19341,2.0,micmac,D,Moyen
plot_19342,2.0,micmac,D,Élevé
plot_19343,2.0,micmac,D,Moyen
plot_19344,2.0,micmac,D,Moyen
plot_19345,2.0,micmac,D,Moyen
plot_19346,2.0,micmac,D,Moyen
plot_19347,2.0,micmac,D,Élevé
plot_19348,2.0,micmac,D,Moyen
plot_19349,2.0,micmac,D,Moyen
plot_19350,2.0,micmac,D,Moyen
plot_19351,2.0,micmac,D,Moyen
plot_19352,2.0,micmac,D,Moyen
plot_19353,2.0,ultramap,D,Faible
plot_19354,2.0,ultramap,M,Faible
plot_19355,2.0,ultramap,D,Faible
plot_19356,2.0,ultramap,M,Faible
plot_19357,2.0,ultramap,C,Faible
plot_19358,2.0,ultramap,C,Faible
plot_19359,2.0,ultramap,D,Faible
plot_19360,2.0,ultramap,D,Faible
plot_19361,2.0,ultramap,D,Faible
plot_19362,2.0,ultramap,D,Faible
plot_19363,2.0,ultramap,D,Faible
plot_19364,2.0,ultramap,C,Faible
plot_19365,2.0,ultramap,D,Faible
plot_19366,2.0,ultramap,D,Faible
plot_19367,2.0,ultramap,D,Faible
plot_19368,2.0,ultramap,D,Faible
plot_19369,2.0,ultramap,D,Faible
plot_19370,2.0,ultramap,D,Faible
plot_19371,2.0,ultramap,M,Faible
plot_19372,2.0,ultramap,C,Faible
plot_19373,2.0,ultramap,D,Faible
plot_19374,2.0,ultramap,D,Faible
plot_19375,2.0,ultramap,C,Faible
plot_19376,2.0,ultramap,D,Faible
plot_19377,2.0,ultramap,D,Faible
plot_19378,2.0,ultramap,D,Faible
plot_19379,2.0,ultramap,D,Faible
plot_19380,2.0,ultramap,D,Faible
plot_19381,2.0,ultramap,D,Faible
plot_19382,2.0,ultramap,D,Faible
plot_19383,2.0,ultramap,D,Faible
plot_19384,2.0,ultramap,D,Faible
plot_19385,2.0,ultramap,D,Faible
plot_19386,2.0,ultramap,D,Faible
plot_19387,2.0,ultramap,D,Moyen
plot_19388,2.0,ultramap,D,Faible
plot_19389,2.0,ultramap,D,Faible
plot_19390,2.0,ultramap,D,Faible
plot_19391,2.0,ultramap,D,Faible
plot_19392,2.0,ultramap,D,Faible
plot_19393,2.0,ultramap,M,Faible
plot_19394,2.0,ultramap,D,Moyen
plot_19395,2.0,ultramap,D,Faible
plot_19396,2.0,ultramap,D,Moyen
plot_19397,2.0,ultramap,D,Moyen
plot_19469,1.0,micmac,D,Faible
plot_19470,1.0,micmac,D,Faible
plot_19471,1.0,micmac,D,Faible
plot_19472,1.0,micmac,D,Faible
plot_19473,1.0,micmac,D,Faible
plot_19474,1.0,micmac,D,Faible
plot_19475,1.0,micmac,D,Faible
plot_19476,1.0,micmac,D,Faible
plot_19477,1.0,micmac,C,Faible
plot_19478,1.0,micmac,D,Faible
plot_19479,1.0,micmac,D,Faible
plot_19480,1.0,micmac,D,Faible
plot_19481,1.0,micmac,D,Faible
plot_19482,1.0,micmac,D,Faible
plot_19483,1.0,micmac,D,Faible
plot_19484,1.0,micmac,D,Faible
plot_19485,1.0,micmac,D,Faible
plot_19486,1.0,micmac,C,Faible
plot_19487,1.0,micmac,D,Faible
plot_19488,1.0,micmac,C,Faible
plot_19489,1.0,micmac,D,Faible
plot_19490,1.0,micmac,C,Faible
plot_19491,1.0,micmac,D,Faible
plot_19492,1.0,micmac,C,Faible
plot_19493,1.0,micmac,C,Faible
plot_19494,1.0,micmac,D,Faible
plot_19495,1.0,micmac,D,Faible
plot_19496,1.0,micmac,C,Faible
plot_19497,1.0,micmac,D,Faible
plot_19498,1.0,micmac,D,Faible
plot_19499,1.0,micmac,D,Faible
plot_19500,1.0,micmac,D,Faible
plot_19501,1.0,micmac,C,Faible
plot_19502,1.0,micmac,M,Faible
plot_19503,1.0,micmac,D,Faible
plot_19504,1.0,micmac,C,Faible
plot_19505,1.0,micmac,M,Faible
plot_19506,1.0,micmac,D,Faible
plot_19507,1.0,micmac,D,Faible
plot_19508,1.0,micmac,D,Faible
plot_19509,1.0,micmac,D,Faible
plot_19510,1.0,micmac,D,Faible
plot_19511,1.0,micmac,D,Faible
plot_19512,1.0,micmac,D,Faible
plot_19513,1.0,micmac,D,Faible
plot_19514,1.0,micmac,D,Faible
plot_19515,1.0,micmac,D,Faible
plot_19516,1.0,micmac,D,Faible
plot_19517,1.0,micmac,D,Faible
plot_19518,1.0,micmac,D,Faible
plot_19519,1.0,micmac,D,Moyen
plot_19520,1.0,micmac,D,Faible
plot_19521,1.0,micmac,D,Faible
plot_19522,1.0,micmac,D,Faible
plot_19523,1.0,micmac,D,Faible
plot_19524,1.0,micmac,M,Faible
plot_19525,1.0,micmac,D,Moyen
plot_19526,1.0,micmac,D,Faible
plot_19527,1.0,micmac,M,Moyen
plot_19528,1.0,micmac,D,Moyen
plot_19529,1.0,micmac,D,Faible
plot_19530,1.0,micmac,D,Moyen
plot_19531,1.0,micmac,D,Faible
plot_19532,1.0,micmac,D,Faible
plot_19533,1.0,micmac,D,Moyen
plot_19534,1.0,micmac,D,Faible
plot_19535,1.0,micmac,D,Faible
plot_19536,1.0,micmac,D,Faible
plot_19537,1.0,micmac,D,Faible
plot_19538,1.0,micmac,D,Moyen
plot_19539,1.0,micmac,D,Moyen
plot_19540,1.0,micmac,D,Moyen
plot_19541,1.0,micmac,D,Moyen
plot_19542,1.0,micmac,D,Moyen
plot_19543,1.0,micmac,D,Moyen
plot_19544,1.0,micmac,D,Moyen
plot_19545,1.0,micmac,D,Moyen
plot_19546,1.0,micmac,D,Moyen
plot_19547,1.0,micmac,D,Moyen
plot_19548,1.0,micmac,D,Faible
plot_19549,1.0,micmac,D,Faible
plot_19550,1.0,micmac,D,Moyen
plot_19551,1.0,micmac,D,Faible
plot_19552,1.0,micmac,D,Faible
plot_19553,1.0,micmac,D,Faible
plot_19554,1.0,micmac,D,Faible
plot_19555,1.0,micmac,D,Faible
plot_19556,1.0,micmac,M,Faible
plot_19557,1.0,micmac,M,Faible
plot_19558,1.0,micmac,C,Faible
plot_19559,1.0,micmac,D,Faible
plot_19560,1.0,micmac,C,Faible
plot_19561,1.0,micmac,C,Faible
plot_19562,1.0,micmac,D,Faible
plot_19563,1.0,micmac,C,Faible
plot_19564,1.0,micmac,M,Faible
plot_19565,1.0,micmac,C,Faible
plot_19566,1.0,micmac,D,Faible
plot_19567,1.0,micmac,D,Faible
plot_19568,1.0,micmac,M,Faible
plot_19569,1.0,micmac,D,Faible
plot_19570,1.0,micmac,M,Moyen
plot_19571,1.0,micmac,D,Moyen
plot_19572,1.0,micmac,D,Faible
plot_19573,1.0,micmac,D,Faible
plot_19574,1.0,micmac,D,Faible
plot_19575,1.0,micmac,D,Faible
plot_19576,1.0,micmac,D,Faible
plot_19577,1.0,micmac,D,Faible
plot_19578,1.0,micmac,D,Faible
plot_19579,1.0,micmac,D,Faible
plot_19580,1.0,micmac,D,Faible
plot_19581,1.0,micmac,D,Faible
plot_19582,1.0,micmac,D,Faible
plot_19583,1.0,micmac,D,Faible
plot_19584,1.0,micmac,D,Faible
plot_19585,1.0,micmac,D,Faible
plot_19586,1.0,micmac,D,Faible
plot_19587,1.0,micmac,D,Faible
plot_19588,1.0,micmac,D,Faible
plot_19589,1.0,micmac,D,Faible
plot_19590,1.0,micmac,D,Faible
plot_19591,1.0,micmac,D,Moyen
plot_19592,1.0,micmac,D,Faible
plot_19593,1.0,micmac,D,Moyen
plot_19594,1.0,micmac,D,Faible
plot_19595,2.0,micmac,D,Moyen
plot_19596,2.0,micmac,D,Moyen
plot_19597,1.0,micmac,D,Moyen
plot_19598,2.0,micmac,D,Moyen
plot_19599,2.0,micmac,D,Moyen
plot_19600,2.0,micmac,D,Moyen
plot_19601,1.0,micmac,D,Moyen
plot_19602,2.0,micmac,D,Moyen
plot_19603,2.0,micmac,D,Moyen
plot_19604,2.0,micmac,C,Moyen
plot_19605,2.0,micmac,D,Moyen
plot_19606,2.0,micmac,D,Moyen
plot_19607,2.0,micmac,D,Moyen
plot_19608,2.0,micmac,C,Moyen
plot_19609,2.0,micmac,D,Moyen
plot_19610,2.0,micmac,C,Moyen
plot_19611,2.0,micmac,D,Moyen
plot_19612,2.0,micmac,C,Moyen
plot_19613,2.0,micmac,D,Moyen
plot_19614,2.0,micmac,D,Moyen
plot_19615,2.0,micmac,M,Moyen
plot_19616,2.0,micmac,D,Moyen
plot_19617,2.0,micmac,D,Moyen
plot_19618,2.0,micmac,D,Moyen
plot_19619,2.0,micmac,D,Moyen
plot_19620,2.0,micmac,D,Moyen
plot_19621,2.0,micmac,D,Moyen
plot_19622,2.0,micmac,M,Moyen
plot_19623,2.0,micmac,D,Moyen
plot_19624,2.0,micmac,D,Moyen
plot_19625,2.0,micmac,D,Moyen
plot_19626,2.0,micmac,D,Moyen
plot_19627,2.0,micmac,M,Moyen
plot_19628,2.0,micmac,D,Moyen
plot_19629,2.0,micmac,C,Moyen
plot_19630,2.0,micmac,D,Moyen
plot_19631,2.0,micmac,M,Moyen
plot_19632,2.0,micmac,D,Moyen
plot_19633,2.0,micmac,D,Moyen
plot_19634,2.0,micmac,D,Moyen
plot_19635,2.0,micmac,D,Moyen
plot_19636,2.0,micmac,D,Moyen
plot_19637,2.0,micmac,D,Moyen
plot_19638,2.0,micmac,D,Moyen
plot_19639,2.0,micmac,D,Moyen
plot_19640,2.0,micmac,D,Moyen
plot_19641,2.0,micmac,D,Moyen
plot_19642,2.0,micmac,M,Moyen
plot_19643,2.0,micmac,D,Moyen
plot_19644,2.0,micmac,D,Moyen
plot_19645,2.0,micmac,D,Moyen
plot_19646,2.0,micmac,D,Moyen
plot_19647,2.0,micmac,D,Moyen
plot_19648,2.0,micmac,D,Moyen
plot_19649,2.0,micmac,D,Moyen
plot_19650,2.0,micmac,D,Moyen
plot_19651,2.0,micmac,C,Moyen
plot_19652,2.0,micmac,D,Moyen
plot_19653,2.0,micmac,D,Moyen
plot_19654,2.0,micmac,D,Moyen
plot_19655,2.0,micmac,D,Moyen
plot_19656,2.0,micmac,D,Moyen
plot_19657,2.0,micmac,D,Moyen
plot_19658,2.0,micmac,D,Moyen
plot_19659,2.0,micmac,D,Moyen
plot_19660,2.0,micmac,M,Moyen
plot_19661,2.0,micmac,D,Moyen
plot_19662,2.0,micmac,D,Moyen
plot_19663,2.0,micmac,D,Moyen
plot_19664,2.0,micmac,M,Moyen
plot_19665,2.0,micmac,D,Moyen
plot_19666,2.0,micmac,D,Moyen
plot_19667,2.0,micmac,D,Moyen
plot_19668,2.0,micmac,D,Moyen
plot_19669,2.0,micmac,D,Moyen
plot_19670,2.0,micmac,D,Moyen
plot_19671,2.0,micmac,D,Moyen
plot_19672,2.0,micmac,D,Moyen
plot_19673,2.0,micmac,D,Moyen
plot_19674,2.0,micmac,D,Moyen
plot_19675,2.0,micmac,D,Moyen
plot_19676,2.0,micmac,D,Moyen
plot_19677,2.0,micmac,D,Moyen
plot_19678,2.0,micmac,M,Moyen
plot_19679,2.0,micmac,D,Moyen
plot_19680,2.0,micmac,D,Moyen
plot_19681,2.0,micmac,D,Moyen
plot_19682,2.0,micmac,D,Moyen
plot_19683,2.0,micmac,M,Moyen
plot_19684,2.0,micmac,M,Moyen
plot_19685,2.0,micmac,D,Moyen
plot_19687,2.0,micmac,D,Moyen
plot_19688,2.0,micmac,D,Moyen
plot_19689,2.0,micmac,D,Moyen
plot_19690,2.0,micmac,D,Moyen
plot_19691,2.0,micmac,D,Moyen
plot_19692,2.0,micmac,D,Moyen
plot_19693,2.0,micmac,D,Moyen
plot_19694,2.0,micmac,D,Moyen
plot_19695,2.0,micmac,D,Moyen
plot_19696,1.0,micmac,M,Faible
plot_19697,1.0,micmac,D,Faible
plot_19698,1.0,micmac,D,Moyen
plot_19699,1.0,micmac,D,Faible
plot_19700,1.0,micmac,M,Faible
plot_19701,1.0,micmac,D,Faible
plot_19702,1.0,micmac,D,Faible
plot_19703,1.0,micmac,D,Faible
plot_19704,1.0,micmac,C,Faible
plot_19705,1.0,micmac,D,Faible
plot_19706,1.0,micmac,D,Faible
plot_19707,1.0,micmac,D,Faible
plot_19708,1.0,micmac,D,Faible
plot_19709,1.0,micmac,D,Faible
plot_19710,2.0,micmac,D,Moyen
plot_19711,2.0,micmac,D,Moyen
plot_19712,2.0,micmac,D,Moyen
plot_19713,2.0,micmac,D,Moyen
plot_19714,2.0,micmac,D,Moyen
plot_19715,2.0,micmac,D,Moyen
plot_19716,2.0,micmac,D,Moyen
plot_19717,2.0,micmac,D,Moyen
plot_19718,2.0,micmac,D,Moyen
plot_19719,2.0,micmac,D,Moyen
plot_19720,2.0,micmac,D,Moyen
plot_19721,2.0,micmac,D,Moyen
plot_19722,2.0,micmac,D,Moyen
plot_19723,2.0,micmac,D,Moyen
plot_19724,2.0,micmac,D,Moyen
plot_19725,2.0,micmac,D,Moyen
plot_19726,2.0,micmac,D,Moyen
plot_19727,2.0,micmac,D,Moyen
plot_19728,2.0,micmac,D,Moyen
plot_19729,2.0,micmac,D,Moyen
plot_19730,2.0,micmac,D,Moyen
plot_19731,2.0,micmac,D,Moyen
plot_19732,2.0,micmac,D,Moyen
plot_19733,2.0,micmac,M,Moyen
plot_19734,2.0,micmac,D,Moyen
plot_19735,2.0,micmac,D,Moyen
plot_19736,2.0,micmac,D,Moyen
plot_19737,2.0,micmac,D,Moyen
plot_19738,2.0,micmac,D,Moyen
plot_19739,2.0,micmac,D,Moyen
plot_19740,2.0,micmac,D,Moyen
plot_19741,2.0,micmac,M,Moyen
plot_19742,2.0,micmac,D,Moyen
plot_19743,2.0,micmac,D,Moyen
plot_19744,2.0,micmac,D,Moyen
plot_19745,2.0,micmac,D,Moyen
plot_19746,2.0,micmac,D,Moyen
plot_19747,2.0,micmac,D,Moyen
plot_19748,2.0,micmac,D,Moyen
plot_19749,2.0,micmac,D,Moyen
plot_19750,2.0,micmac,D,Moyen
plot_19751,2.0,micmac,D,Moyen
plot_19752,2.0,micmac,D,Moyen
plot_19753,2.0,micmac,D,Moyen
plot_19754,2.0,micmac,D,Moyen
plot_19755,2.0,micmac,D,Moyen
plot_19756,2.0,micmac,D,Faible
plot_19757,2.0,micmac,D,Moyen
plot_19758,2.0,micmac,D,Moyen
plot_19759,2.0,micmac,D,Moyen
plot_19760,2.0,micmac,D,Moyen
plot_19761,2.0,micmac,D,Moyen
plot_19762,2.0,micmac,D,Moyen
plot_19763,2.0,micmac,D,Moyen
plot_19765,2.0,micmac,D,Moyen
plot_19766,2.0,micmac,D,Moyen
plot_19767,2.0,micmac,D,Moyen
plot_19768,2.0,micmac,D,Moyen
plot_19769,2.0,micmac,D,Moyen
plot_19770,2.0,micmac,D,Moyen
plot_19771,2.0,micmac,M,Moyen
plot_19772,2.0,micmac,D,Moyen
plot_19773,2.0,micmac,D,Moyen
plot_19774,2.0,micmac,D,Moyen
plot_19775,2.0,micmac,D,Moyen
plot_19776,2.0,micmac,D,Moyen
plot_19777,2.0,micmac,D,Moyen
plot_19778,2.0,micmac,D,Moyen
plot_19779,2.0,micmac,D,Moyen
plot_19780,2.0,micmac,D,Moyen
plot_19781,2.0,micmac,D,Moyen
plot_19782,3.0,micmac,D,Moyen
plot_19783,3.0,micmac,M,Moyen
plot_19784,2.0,micmac,C,Moyen
plot_19785,2.0,micmac,M,Moyen
plot_19786,3.0,micmac,C,Moyen
plot_19787,3.0,micmac,C,Moyen
plot_19788,3.0,micmac,M,Moyen
plot_19789,3.0,micmac,M,Moyen
plot_19790,3.0,micmac,C,Moyen
plot_19791,2.0,micmac,D,Faible
plot_19792,2.0,micmac,D,Moyen
plot_19793,2.0,micmac,D,Moyen
plot_19794,1.0,micmac,M,Moyen
plot_19795,1.0,micmac,D,Moyen
plot_19796,2.0,micmac,D,Moyen
plot_19797,1.0,micmac,D,Faible
plot_19798,1.0,micmac,D,Faible
plot_19799,2.0,micmac,D,Moyen
plot_19800,2.0,micmac,D,Moyen
plot_19801,2.0,micmac,D,Moyen
plot_19802,2.0,micmac,D,Moyen
plot_19803,2.0,micmac,D,Faible
plot_19804,1.0,micmac,D,Moyen
plot_19805,1.0,micmac,D,Moyen
plot_19806,2.0,micmac,D,Moyen
plot_19807,2.0,micmac,D,Moyen
plot_19808,2.0,micmac,D,Moyen
plot_19809,2.0,micmac,D,Moyen
plot_19810,1.0,micmac,D,Moyen
plot_19811,1.0,micmac,D,Faible
plot_19812,1.0,micmac,D,Faible
plot_19813,2.0,micmac,D,Moyen
plot_19814,2.0,micmac,D,Moyen
plot_19815,1.0,micmac,D,Faible
plot_19816,2.0,micmac,D,Moyen
plot_19817,1.0,micmac,D,Faible
plot_19818,1.0,micmac,D,Moyen
plot_19819,2.0,micmac,D,Moyen
plot_19820,2.0,micmac,D,Moyen
plot_19821,2.0,micmac,D,Moyen
plot_19822,2.0,micmac,D,Moyen
plot_19823,2.0,micmac,D,Moyen
plot_19824,2.0,micmac,D,Faible
plot_19825,2.0,micmac,D,Moyen
plot_19826,2.0,micmac,D,Moyen
plot_19827,2.0,micmac,D,Moyen
plot_19828,2.0,micmac,D,Moyen
plot_19829,2.0,micmac,D,Moyen
plot_19830,2.0,micmac,D,Moyen
plot_19831,2.0,micmac,D,Moyen
plot_19832,2.0,micmac,D,Moyen
plot_19833,2.0,micmac,D,Moyen
plot_19834,2.0,micmac,D,Moyen
plot_19835,2.0,micmac,M,Moyen
plot_19836,2.0,micmac,D,Moyen
plot_19837,2.0,micmac,C,Moyen
plot_19838,2.0,micmac,D,Moyen
plot_19839,2.0,micmac,D,Moyen
plot_19840,2.0,micmac,D,Moyen
plot_19841,2.0,micmac,D,Moyen
plot_19842,2.0,micmac,D,Moyen
plot_19843,2.0,micmac,D,Moyen
plot_19844,2.0,micmac,D,Moyen
plot_19845,2.0,micmac,D,Moyen
plot_19846,2.0,micmac,D,Moyen
plot_19847,2.0,micmac,D,Moyen
plot_19848,2.0,micmac,D,Moyen
plot_19849,2.0,micmac,D,Moyen
plot_19850,2.0,micmac,D,Moyen
plot_19851,2.0,micmac,C,Moyen
plot_19852,2.0,micmac,D,Moyen
plot_19853,2.0,micmac,D,Moyen
plot_19854,2.0,micmac,D,Moyen
plot_19855,2.0,micmac,D,Moyen
plot_19856,2.0,micmac,D,Moyen
plot_19857,2.0,micmac,D,Moyen
plot_19858,2.0,micmac,D,Moyen
plot_19859,2.0,micmac,D,Moyen
plot_19860,2.0,micmac,D,Moyen
plot_19861,2.0,micmac,D,Moyen
plot_19862,2.0,micmac,D,Moyen
plot_19863,2.0,micmac,D,Moyen
plot_19864,2.0,micmac,D,Moyen
plot_19865,2.0,micmac,D,Moyen
plot_19866,2.0,micmac,D,Moyen
plot_19867,2.0,micmac,D,Moyen
plot_19868,2.0,micmac,C,Moyen
plot_19869,2.0,micmac,D,Moyen
plot_19870,2.0,micmac,D,Moyen
plot_19871,2.0,micmac,D,Moyen
plot_19872,2.0,micmac,D,Moyen
plot_19873,2.0,micmac,D,Moyen
plot_19874,2.0,micmac,D,Moyen
plot_19875,1.0,micmac,D,Faible
plot_19876,1.0,micmac,D,Faible
plot_19877,1.0,micmac,D,Faible
plot_19878,1.0,micmac,D,Faible
plot_19879,1.0,micmac,D,Faible
plot_19880,1.0,micmac,D,Faible
plot_19881,1.0,micmac,D,Faible
plot_19882,1.0,micmac,D,Faible
plot_19883,1.0,micmac,C,Faible
plot_19884,1.0,micmac,C,Faible
plot_19885,1.0,micmac,D,Faible
plot_19886,1.0,micmac,D,Faible
plot_19887,1.0,micmac,D,Faible
plot_19888,1.0,micmac,D,Faible
plot_19889,1.0,micmac,D,Faible
plot_19890,1.0,micmac,D,Faible
plot_19891,1.0,micmac,D,Faible
plot_19892,1.0,micmac,D,Faible
plot_19893,1.0,micmac,M,Faible
plot_19894,1.0,micmac,D,Faible
plot_19895,1.0,micmac,C,Faible
plot_19896,1.0,micmac,M,Faible
plot_19897,1.0,micmac,C,Faible
plot_19898,1.0,micmac,D,Faible
plot_19899,1.0,micmac,D,Faible
plot_19900,1.0,micmac,D,Faible
plot_19901,1.0,micmac,M,Faible
plot_19902,1.0,micmac,D,Faible
plot_19903,1.0,micmac,D,Faible
plot_19904,1.0,micmac,D,Faible
plot_19905,1.0,micmac,D,Faible
plot_19906,1.0,micmac,C,Faible
plot_19907,1.0,micmac,D,Faible
plot_19908,1.0,micmac,C,Faible
plot_19909,1.0,micmac,C,Faible
plot_19910,1.0,micmac,D,Faible
plot_19911,1.0,micmac,C,Faible
plot_19912,1.0,micmac,D,Faible
plot_19913,1.0,micmac,D,Faible
plot_19914,1.0,micmac,M,Faible
plot_19915,1.0,micmac,D,Faible
plot_19916,1.0,micmac,D,Faible
plot_19917,1.0,micmac,D,Faible
plot_19918,1.0,micmac,D,Faible
plot_19919,1.0,micmac,C,Faible
plot_19920,1.0,micmac,C,Faible
plot_19921,1.0,micmac,M,Faible
plot_19922,1.0,micmac,D,Faible
plot_19923,1.0,micmac,D,Faible
plot_19924,1.0,micmac,D,Faible
plot_19925,1.0,micmac,D,Faible
plot_19926,1.0,micmac,D,Faible
plot_19927,1.0,micmac,M,Faible
plot_19928,2.0,micmac,D,Moyen
plot_19929,2.0,micmac,D,Moyen
plot_19930,2.0,micmac,D,Moyen
plot_19931,2.0,micmac,D,Moyen
plot_19932,2.0,micmac,D,Moyen
plot_19933,2.0,micmac,D,Moyen
plot_19934,2.0,micmac,D,Moyen
plot_19935,2.0,micmac,D,Moyen
plot_19936,2.0,micmac,D,Moyen
plot_19937,2.0,micmac,D,Moyen
plot_19938,2.0,micmac,D,Moyen
plot_19939,2.0,micmac,D,Moyen
plot_19940,2.0,micmac,C,Moyen
plot_19941,2.0,micmac,D,Moyen
plot_19942,2.0,micmac,D,Moyen
plot_19943,2.0,micmac,D,Moyen
plot_19944,2.0,micmac,D,Moyen
plot_19945,2.0,micmac,D,Moyen
plot_19946,2.0,micmac,D,Moyen
plot_19947,2.0,micmac,D,Moyen
plot_19948,2.0,micmac,M,Moyen
plot_19949,2.0,micmac,D,Moyen
plot_19950,2.0,micmac,D,Moyen
plot_19951,2.0,micmac,D,Moyen
plot_19952,2.0,micmac,D,Moyen
plot_19953,2.0,micmac,D,Moyen
plot_19954,2.0,micmac,D,Moyen
plot_19955,2.0,micmac,D,Moyen
plot_19956,2.0,micmac,D,Moyen
plot_19957,2.0,micmac,D,Moyen
plot_19958,2.0,micmac,D,Moyen
plot_19959,2.0,micmac,D,Moyen
plot_19960,2.0,micmac,D,Moyen
plot_19961,2.0,micmac,D,Moyen
plot_19962,2.0,micmac,D,Moyen
plot_19963,2.0,micmac,D,Moyen
plot_19964,2.0,micmac,D,Moyen
plot_19965,2.0,micmac,D,Moyen
plot_19966,2.0,micmac,D,Moyen
plot_19967,2.0,micmac,D,Moyen
plot_19968,2.0,micmac,D,Moyen
plot_19969,3.0,micmac,C,Moyen
plot_19970,2.0,micmac,D,Moyen
plot_19971,3.0,micmac,M,Moyen
plot_19972,3.0,micmac,C,Moyen
plot_19973,2.0,micmac,D,Moyen
plot_19974,2.0,micmac,D,Moyen
plot_19975,3.0,micmac,C,Moyen
plot_19976,3.0,micmac,C,Élevé
plot_19977,3.0,micmac,D,Moyen
plot_19978,3.0,micmac,M,Moyen
plot_19979,3.0,micmac,M,Moyen
plot_19980,3.0,micmac,M,Moyen
plot_19981,3.0,micmac,C,Moyen
plot_19982,3.0,micmac,C,Élevé
plot_19983,3.0,micmac,D,Moyen
plot_19984,3.0,micmac,C,Élevé
plot_19985,3.0,micmac,C,Moyen
plot_19986,3.0,micmac,M,Moyen
plot_19987,3.0,micmac,C,Moyen
plot_19988,1.0,ultramap,D,Faible
plot_19989,1.0,ultramap,D,Moyen
plot_19990,1.0,ultramap,D,Moyen
plot_19991,2.0,ultramap,D,Faible
plot_19992,2.0,ultramap,D,Moyen
plot_19993,2.0,ultramap,D,Faible
plot_19994,2.0,ultramap,D,Moyen
plot_19995,2.0,ultramap,D,Moyen
plot_19996,2.0,ultramap,D,Moyen
plot_19997,2.0,ultramap,D,Moyen
plot_19998,2.0,ultramap,D,Moyen
plot_19999,2.0,ultramap,D,Moyen
plot_20000,2.0,ultramap,D,Moyen
plot_20001,2.0,ultramap,D,Moyen
plot_20002,2.0,ultramap,D,Moyen
plot_20003,2.0,ultramap,D,Moyen
plot_20004,2.0,ultramap,D,Moyen
plot_20005,2.0,ultramap,D,Moyen
plot_20006,2.0,ultramap,D,Moyen
plot_20007,2.0,ultramap,D,Moyen
plot_20008,2.0,ultramap,D,Moyen
plot_20009,2.0,ultramap,D,Moyen
plot_20010,2.0,ultramap,D,Moyen
plot_20011,2.0,ultramap,D,Moyen
plot_20012,2.0,ultramap,C,Moyen
plot_20013,2.0,ultramap,D,Moyen
plot_20014,2.0,ultramap,D,Moyen
plot_20015,2.0,ultramap,C,Moyen
plot_20016,2.0,ultramap,D,Moyen
plot_20017,2.0,ultramap,D,Moyen
plot_20018,2.0,ultramap,D,Moyen
plot_20019,2.0,ultramap,D,Moyen
plot_20020,2.0,ultramap,D,Moyen
plot_20021,2.0,ultramap,D,Moyen
plot_20022,2.0,ultramap,D,Moyen
plot_20023,2.0,ultramap,D,Moyen
plot_20024,2.0,ultramap,D,Moyen
plot_20025,2.0,ultramap,D,Moyen
plot_20026,2.0,ultramap,D,Moyen
plot_20027,2.0,ultramap,D,Moyen
plot_20028,2.0,ultramap,D,Moyen
plot_20029,2.0,ultramap,D,Moyen
plot_20030,2.0,ultramap,M,Moyen
plot_20031,2.0,ultramap,D,Moyen
plot_20032,2.0,ultramap,D,Moyen
plot_20033,2.0,ultramap,C,Moyen
plot_20034,2.0,ultramap,D,Moyen
plot_20035,2.0,ultramap,D,Moyen
plot_20036,2.0,ultramap,D,Moyen
plot_20037,2.0,ultramap,D,Moyen
plot_20038,2.0,ultramap,D,Moyen
plot_20039,2.0,ultramap,M,Moyen
plot_20040,2.0,ultramap,D,Moyen
plot_20041,2.0,ultramap,D,Faible
plot_20042,2.0,ultramap,D,Moyen
plot_20043,2.0,ultramap,D,Moyen
plot_20044,2.0,ultramap,D,Moyen
plot_20045,2.0,ultramap,D,Moyen
plot_20046,2.0,ultramap,D,Moyen
plot_20047,2.0,ultramap,D,Moyen
plot_20048,2.0,ultramap,D,Moyen
plot_20049,2.0,ultramap,D,Moyen
plot_20050,3.0,ultramap,D,Moyen
plot_20051,3.0,ultramap,C,Moyen
plot_20052,3.0,ultramap,D,Moyen
plot_20053,3.0,ultramap,C,Moyen
plot_20054,3.0,ultramap,D,Élevé
plot_20055,3.0,ultramap,D,Moyen
plot_20056,2.0,ultramap,D,Moyen
plot_20057,2.0,ultramap,D,Moyen
plot_20058,3.0,ultramap,D,Moyen
plot_20059,3.0,ultramap,C,Moyen
plot_20060,2.0,ultramap,D,Moyen
plot_20061,2.0,ultramap,D,Moyen
plot_20062,3.0,ultramap,D,Élevé
plot_20063,3.0,ultramap,D,Moyen
plot_20064,3.0,ultramap,D,Moyen
plot_20065,2.0,ultramap,D,Moyen
plot_20066,2.0,ultramap,D,Moyen
plot_20067,2.0,ultramap,D,Moyen
plot_20068,2.0,ultramap,D,Moyen
plot_20069,2.0,ultramap,D,Moyen
plot_20070,3.0,ultramap,C,Élevé
plot_20071,3.0,ultramap,C,Élevé
plot_20072,3.0,ultramap,D,Élevé
plot_20073,3.0,ultramap,C,Élevé
plot_20074,3.0,ultramap,D,Élevé
plot_20075,3.0,ultramap,D,Moyen
plot_20076,2.0,ultramap,D,Moyen
plot_20077,3.0,ultramap,C,Élevé
plot_20078,3.0,ultramap,D,Élevé
plot_20079,3.0,ultramap,C,Élevé
plot_20080,3.0,ultramap,D,Moyen
plot_20081,3.0,ultramap,C,Moyen
plot_20082,2.0,ultramap,D,Moyen
plot_20083,3.0,ultramap,M,Élevé
plot_20084,3.0,ultramap,D,Moyen
plot_20085,3.0,ultramap,D,Élevé
plot_20086,3.0,ultramap,D,Élevé
plot_20087,3.0,ultramap,D,Élevé
plot_20088,3.0,ultramap,D,Moyen
plot_20089,2.0,ultramap,D,Moyen
plot_20091,3.0,ultramap,M,Élevé
plot_20092,3.0,ultramap,M,Moyen
plot_20093,1.0,micmac,D,Faible
plot_20094,1.0,micmac,D,Faible
plot_20095,1.0,micmac,D,Faible
plot_20096,1.0,micmac,D,Faible
plot_20097,1.0,micmac,D,Faible
plot_20098,1.0,micmac,D,Faible
plot_20099,1.0,micmac,D,Faible
plot_20100,1.0,micmac,D,Faible
plot_20101,1.0,micmac,D,Faible
plot_20102,1.0,micmac,D,Faible
plot_20103,1.0,micmac,D,Faible
plot_20104,1.0,micmac,D,Faible
plot_20105,1.0,micmac,C,Faible
plot_20106,1.0,micmac,D,Faible
plot_20107,1.0,micmac,D,Faible
plot_20108,1.0,micmac,D,Faible
plot_20109,1.0,micmac,D,Faible
plot_20110,1.0,micmac,D,Faible
plot_20111,1.0,micmac,D,Moyen
plot_20112,1.0,micmac,M,Moyen
plot_20113,1.0,micmac,D,Moyen
plot_20114,1.0,micmac,D,Moyen
plot_20115,1.0,micmac,D,Moyen
plot_20116,1.0,micmac,D,Faible
plot_20117,1.0,ultramap,D,Faible
plot_20118,1.0,ultramap,C,Faible
plot_20119,1.0,ultramap,D,Moyen
plot_20120,1.0,ultramap,D,Faible
plot_20121,1.0,ultramap,D,Faible
plot_20122,1.0,ultramap,D,Faible
plot_20123,1.0,ultramap,D,Faible
plot_20124,1.0,ultramap,D,Faible
plot_20125,1.0,ultramap,D,Faible
plot_20126,1.0,ultramap,D,Faible
plot_20127,1.0,ultramap,D,Faible
plot_20128,1.0,ultramap,D,Faible
plot_20129,1.0,ultramap,M,Moyen
plot_20130,1.0,ultramap,D,Faible
plot_20131,1.0,ultramap,D,Faible
plot_20132,1.0,ultramap,D,Faible
plot_20133,1.0,ultramap,D,Faible
plot_20134,1.0,ultramap,D,Faible
plot_20135,1.0,ultramap,D,Faible
plot_20136,1.0,ultramap,D,Faible
plot_20137,1.0,ultramap,D,Faible
plot_20138,1.0,ultramap,D,Faible
plot_20139,1.0,ultramap,D,Faible
plot_20140,1.0,ultramap,D,Faible
plot_20141,1.0,ultramap,D,Faible
plot_20142,1.0,ultramap,D,Faible
plot_20143,1.0,ultramap,D,Faible
plot_20144,1.0,ultramap,D,Faible
plot_20145,1.0,ultramap,D,Faible
plot_20146,1.0,ultramap,D,Faible
plot_20147,1.0,ultramap,D,Faible
plot_20148,1.0,ultramap,D,Faible
plot_20149,1.0,ultramap,D,Faible
plot_20150,1.0,ultramap,D,Faible
plot_20151,1.0,ultramap,D,Faible
plot_20152,1.0,ultramap,D,Faible
plot_20153,1.0,ultramap,D,Faible
plot_20154,1.0,ultramap,C,Faible
plot_20155,1.0,ultramap,D,Faible
plot_20156,1.0,ultramap,D,Faible
plot_20157,1.0,ultramap,D,Faible
plot_20158,1.0,ultramap,D,Faible
plot_20159,1.0,ultramap,D,Faible
plot_20160,1.0,ultramap,C,Faible
plot_20161,1.0,ultramap,M,Faible
plot_20162,1.0,ultramap,D,Faible
plot_20163,1.0,ultramap,D,Faible
plot_20164,1.0,ultramap,D,Faible
plot_20165,1.0,ultramap,D,Faible
plot_20166,1.0,ultramap,D,Moyen
plot_20167,1.0,ultramap,D,Faible
plot_20168,1.0,ultramap,D,Moyen
plot_20169,1.0,ultramap,D,Moyen
plot_20170,1.0,ultramap,D,Faible
plot_20171,1.0,ultramap,M,Moyen
plot_20172,1.0,ultramap,C,Moyen
plot_20173,1.0,ultramap,C,Moyen
plot_20174,1.0,ultramap,D,Faible
plot_20175,1.0,ultramap,D,Faible
plot_20176,1.0,ultramap,D,Moyen
plot_20177,1.0,ultramap,D,Faible
plot_20178,1.0,ultramap,D,Moyen
plot_20179,1.0,ultramap,C,Moyen
plot_20180,1.0,ultramap,M,Moyen
plot_20181,1.0,ultramap,C,Moyen
plot_20182,1.0,ultramap,C,Moyen
plot_20183,1.0,ultramap,D,Faible
plot_20184,1.0,ultramap,D,Moyen
plot_20185,1.0,ultramap,D,Moyen
plot_20186,1.0,ultramap,D,Moyen
plot_20187,1.0,ultramap,D,Moyen
plot_20188,1.0,ultramap,M,Faible
plot_20189,1.0,ultramap,D,Moyen
plot_20190,1.0,ultramap,D,Faible
plot_20191,1.0,ultramap,D,Moyen
plot_20192,1.0,ultramap,D,Moyen
plot_20193,1.0,ultramap,D,Faible
plot_20194,1.0,ultramap,D,Moyen
plot_20195,1.0,ultramap,C,Moyen
plot_20196,1.0,ultramap,D,Faible
plot_20197,1.0,ultramap,D,Moyen
plot_20198,1.0,ultramap,D,Moyen
plot_20199,1.0,ultramap,D,Moyen
plot_20200,1.0,ultramap,D,Moyen
plot_20201,1.0,ultramap,C,Moyen
plot_20202,1.0,ultramap,D,Faible
plot_20203,1.0,ultramap,D,Faible
plot_20204,1.0,ultramap,D,Moyen
plot_20205,1.0,ultramap,M,Moyen
plot_20206,1.0,ultramap,D,Moyen
plot_20207,1.0,ultramap,D,Moyen
plot_20208,1.0,ultramap,D,Moyen
plot_20209,1.0,ultramap,D,Faible
plot_20210,1.0,ultramap,C,Faible
plot_20211,1.0,ultramap,C,Faible
plot_20212,1.0,ultramap,D,Faible
plot_20213,1.0,ultramap,D,Faible
plot_20214,1.0,ultramap,D,Faible
plot_20215,1.0,ultramap,D,Faible
plot_20216,1.0,ultramap,D,Faible
plot_20217,1.0,ultramap,D,Faible
plot_20218,1.0,ultramap,D,Faible
plot_20219,1.0,ultramap,D,Faible
plot_20220,1.0,ultramap,D,Faible
plot_20221,1.0,ultramap,D,Faible
plot_20222,1.0,ultramap,D,Faible
plot_20223,1.0,ultramap,C,Faible
plot_20224,1.0,ultramap,D,Faible
plot_20225,1.0,ultramap,D,Faible
plot_20226,1.0,ultramap,D,Faible
plot_20227,1.0,ultramap,D,Faible
plot_20228,1.0,ultramap,D,Faible
plot_20229,1.0,ultramap,D,Faible
plot_20230,1.0,ultramap,D,Faible
plot_20231,1.0,ultramap,D,Faible
plot_20232,1.0,ultramap,D,Faible
plot_20233,1.0,ultramap,D,Faible
plot_20234,1.0,ultramap,D,Faible
plot_20235,2.0,micmac,D,Élevé
plot_20236,2.0,micmac,D,Élevé
plot_20237,2.0,micmac,C,Élevé
plot_20238,2.0,micmac,D,Élevé
plot_20239,2.0,micmac,M,Élevé
plot_20240,2.0,micmac,M,Élevé
plot_20241,2.0,ultramap,D,Élevé
plot_20242,2.0,micmac,D,Élevé
plot_20243,2.0,micmac,D,Élevé
plot_20244,2.0,micmac,C,Élevé
plot_20245,2.0,micmac,M,Élevé
plot_20246,2.0,micmac,D,Élevé
plot_20247,2.0,micmac,C,Élevé
plot_20248,2.0,micmac,C,Élevé
plot_20249,2.0,micmac,D,Élevé
plot_20250,3.0,micmac,D,Élevé
plot_20251,2.0,micmac,C,Élevé
plot_20252,3.0,micmac,D,Élevé
plot_20253,2.0,micmac,D,Élevé
plot_20254,2.0,micmac,M,Élevé
plot_20255,3.0,micmac,D,Élevé
plot_20256,3.0,micmac,C,Élevé
plot_20257,3.0,micmac,M,Élevé
plot_20258,3.0,micmac,C,Élevé
plot_20259,2.0,micmac,D,Élevé
plot_20260,3.0,micmac,C,Élevé
plot_20261,3.0,micmac,D,Élevé
plot_20262,3.0,micmac,C,Élevé
plot_20263,3.0,micmac,C,Élevé
plot_20264,2.0,micmac,D,Moyen
plot_20265,2.0,micmac,C,Élevé
plot_20266,3.0,micmac,C,Élevé
plot_20267,3.0,micmac,C,Élevé
plot_20268,3.0,micmac,C,Élevé
plot_20269,3.0,micmac,D,Élevé
plot_20270,3.0,micmac,D,Moyen
plot_20271,3.0,micmac,D,Élevé
plot_20272,3.0,micmac,C,Élevé
plot_20273,3.0,micmac,D,Élevé
plot_20274,3.0,micmac,D,Élevé
plot_20275,2.0,micmac,D,Élevé
plot_20276,3.0,micmac,M,Élevé
plot_20277,3.0,micmac,D,Élevé
plot_20278,2.0,micmac,D,Moyen
plot_20279,2.0,micmac,D,Élevé
plot_20280,2.0,micmac,D,Élevé
plot_20281,3.0,micmac,D,Élevé
plot_20282,2.0,micmac,D,Élevé
plot_20283,3.0,micmac,D,Élevé
plot_20284,2.0,micmac,D,Moyen
plot_20285,2.0,micmac,D,Moyen
plot_20286,2.0,micmac,D,Moyen
plot_20287,2.0,micmac,D,Moyen
plot_20288,3.0,micmac,D,Élevé
plot_20289,2.0,micmac,D,Moyen
plot_20290,2.0,micmac,D,Moyen
plot_20291,2.0,micmac,D,Élevé
plot_20292,2.0,micmac,D,Élevé
plot_20293,2.0,micmac,D,Élevé
plot_20294,2.0,micmac,D,Élevé
plot_20295,2.0,micmac,D,Moyen
plot_20296,3.0,micmac,C,Élevé
plot_20297,2.0,micmac,D,Moyen
plot_20298,3.0,micmac,D,Élevé
plot_20299,2.0,micmac,D,Moyen
plot_20300,3.0,micmac,C,Élevé
plot_20301,3.0,micmac,C,Élevé
plot_20302,3.0,micmac,D,Moyen
plot_20303,3.0,micmac,M,Élevé
plot_20304,2.0,micmac,D,Élevé
plot_20305,2.0,micmac,M,Élevé
plot_20306,3.0,micmac,C,Élevé
plot_20307,3.0,micmac,M,Élevé
plot_20308,3.0,micmac,C,Élevé
plot_20309,3.0,micmac,C,Élevé
plot_20310,3.0,micmac,M,Élevé
plot_20311,3.0,micmac,C,Élevé
plot_20312,3.0,micmac,C,Élevé
plot_20313,3.0,micmac,C,Élevé
plot_20314,3.0,micmac,M,Élevé
plot_20315,3.0,micmac,M,Élevé
plot_20316,3.0,micmac,D,Élevé
plot_20317,3.0,micmac,C,Élevé
plot_20318,3.0,micmac,D,Élevé
plot_20319,3.0,micmac,C,Élevé
plot_20320,3.0,micmac,C,Élevé
plot_20321,3.0,micmac,C,Élevé
plot_20322,3.0,micmac,M,Élevé
plot_20323,3.0,micmac,C,Élevé
plot_20324,3.0,micmac,M,Élevé
plot_20325,3.0,micmac,C,Élevé
plot_20326,3.0,micmac,C,Élevé
plot_20327,3.0,micmac,M,Élevé
plot_20328,3.0,micmac,M,Élevé
plot_20329,2.0,micmac,D,Élevé
plot_20330,3.0,micmac,C,Élevé
plot_20331,3.0,micmac,M,Élevé
plot_20332,3.0,micmac,M,Élevé
plot_20333,3.0,micmac,C,Élevé
plot_20334,3.0,micmac,M,Élevé
plot_20335,3.0,micmac,C,Élevé
plot_20336,2.0,ultramap,D,Faible
plot_20337,2.0,ultramap,D,Faible
plot_20338,2.0,ultramap,D,Faible
plot_20339,2.0,ultramap,D,Faible
plot_20340,2.0,ultramap,D,Faible
plot_20341,2.0,ultramap,D,Faible
plot_20342,2.0,ultramap,D,Faible
plot_20343,2.0,ultramap,D,Faible
plot_20344,2.0,ultramap,D,Faible
plot_20345,2.0,ultramap,D,Faible
plot_20346,2.0,ultramap,D,Faible
plot_20347,2.0,ultramap,D,Faible
plot_20348,2.0,ultramap,D,Faible
plot_20349,2.0,ultramap,D,Faible
plot_20350,2.0,ultramap,D,Faible
plot_20351,2.0,ultramap,D,Faible
plot_20352,2.0,ultramap,D,Faible
plot_20353,3.0,ultramap,D,Moyen
plot_20354,3.0,ultramap,D,Moyen
plot_20355,2.0,ultramap,D,Faible
plot_20356,3.0,ultramap,D,Moyen
plot_20357,3.0,ultramap,D,Élevé
plot_20358,3.0,ultramap,D,Élevé
plot_20359,3.0,ultramap,D,Élevé
plot_20360,2.0,ultramap,D,Faible
plot_20361,3.0,ultramap,D,Moyen
plot_20362,2.0,ultramap,D,Faible
plot_20363,3.0,ultramap,D,Élevé
plot_20364,2.0,ultramap,D,Faible
plot_20365,3.0,ultramap,D,Moyen
plot_20366,2.0,ultramap,D,Faible
plot_20367,2.0,ultramap,D,Moyen
plot_20368,3.0,ultramap,D,Moyen
plot_20369,3.0,ultramap,D,Moyen
plot_20370,2.0,ultramap,D,Moyen
plot_20371,3.0,ultramap,D,Élevé
plot_20372,2.0,ultramap,D,Faible
plot_20373,2.0,ultramap,D,Faible
plot_20374,3.0,ultramap,D,Élevé
plot_20375,2.0,ultramap,D,Faible
plot_20376,2.0,ultramap,D,Moyen
plot_20377,3.0,ultramap,D,Moyen
plot_20378,2.0,ultramap,D,Faible
plot_20379,2.0,ultramap,D,Faible
plot_20380,2.0,ultramap,D,Moyen
plot_20381,3.0,ultramap,D,Élevé
plot_20382,2.0,ultramap,D,Faible
plot_20383,2.0,ultramap,D,Moyen
plot_20384,3.0,ultramap,D,Élevé
plot_20385,2.0,ultramap,D,Moyen
plot_20386,2.0,ultramap,D,Faible
plot_20387,2.0,ultramap,D,Moyen
plot_20388,3.0,ultramap,D,Élevé
plot_20389,2.0,ultramap,D,Faible
plot_20390,2.0,ultramap,D,Moyen
plot_20391,3.0,ultramap,D,Élevé
plot_20392,2.0,ultramap,D,Faible
plot_20393,2.0,ultramap,D,Moyen
plot_20394,3.0,ultramap,D,Élevé
plot_20395,2.0,ultramap,D,Moyen
plot_20396,2.0,ultramap,D,Faible
plot_20397,2.0,ultramap,D,Moyen
plot_20398,3.0,ultramap,D,Élevé
plot_20399,2.0,ultramap,D,Moyen
plot_20400,2.0,ultramap,D,Faible
plot_20401,2.0,ultramap,D,Faible
plot_20402,3.0,ultramap,D,Élevé
plot_20403,3.0,ultramap,D,Élevé
plot_20404,2.0,ultramap,D,Moyen
plot_20405,2.0,ultramap,D,Moyen
plot_20406,2.0,ultramap,D,Moyen
plot_20407,2.0,ultramap,D,Moyen
plot_20408,3.0,ultramap,M,Élevé
plot_20409,2.0,ultramap,D,Moyen
plot_20410,2.0,ultramap,D,Moyen
plot_20411,2.0,ultramap,D,Moyen
plot_20412,2.0,ultramap,D,Moyen
plot_20413,2.0,ultramap,D,Moyen
plot_20414,3.0,ultramap,D,Élevé
plot_20415,3.0,ultramap,D,Élevé
plot_20416,2.0,ultramap,D,Moyen
plot_20417,3.0,ultramap,D,Élevé
plot_20418,2.0,ultramap,D,Moyen
plot_20419,2.0,ultramap,D,Moyen
plot_20420,2.0,ultramap,D,Moyen
plot_20421,3.0,ultramap,D,Élevé
plot_20422,2.0,ultramap,D,Moyen
plot_20423,2.0,ultramap,D,Moyen
plot_20424,2.0,ultramap,D,Moyen
plot_20425,2.0,micmac,D,Moyen
plot_20426,2.0,micmac,C,Moyen
plot_20427,2.0,micmac,D,Moyen
plot_20428,3.0,micmac,D,Élevé
plot_20429,2.0,micmac,D,Faible
plot_20430,2.0,micmac,C,Moyen
plot_20431,2.0,micmac,D,Moyen
plot_20432,2.0,micmac,D,Moyen
plot_20433,2.0,micmac,D,Élevé
plot_20434,2.0,micmac,D,Moyen
plot_20435,2.0,micmac,D,Élevé
plot_20436,2.0,micmac,D,Moyen
plot_20437,2.0,micmac,D,Élevé
plot_20438,2.0,micmac,D,Moyen
plot_20439,3.0,micmac,C,Élevé
plot_20440,2.0,micmac,D,Moyen
plot_20441,2.0,micmac,D,Moyen
plot_20442,2.0,micmac,D,Moyen
plot_20443,2.0,micmac,D,Élevé
plot_20444,3.0,micmac,D,Élevé
plot_20445,2.0,micmac,D,Moyen
plot_20446,3.0,micmac,D,Élevé
plot_20447,2.0,micmac,M,Moyen
plot_20448,3.0,micmac,M,Élevé
plot_20449,2.0,micmac,D,Élevé
plot_20450,2.0,micmac,D,Élevé
plot_20451,3.0,micmac,D,Élevé
plot_20452,2.0,micmac,D,Moyen
plot_20453,2.0,micmac,D,Moyen
plot_20454,2.0,micmac,D,Élevé
plot_20455,3.0,micmac,D,Élevé
plot_20456,3.0,micmac,D,Élevé
plot_20457,3.0,micmac,C,Élevé
plot_20458,3.0,micmac,D,Élevé
plot_20459,3.0,micmac,D,Élevé
plot_20460,3.0,micmac,D,Élevé
plot_20461,3.0,micmac,D,Élevé
plot_20462,3.0,micmac,D,Élevé
plot_20463,3.0,ultramap,D,Élevé
plot_20464,3.0,ultramap,C,Élevé
plot_20465,3.0,ultramap,C,Élevé
plot_20466,3.0,ultramap,C,Élevé
plot_20467,3.0,ultramap,C,Élevé
plot_20468,3.0,ultramap,C,Élevé
plot_20469,3.0,ultramap,D,Élevé
plot_20470,3.0,ultramap,M,Élevé
plot_20471,2.0,ultramap,D,Élevé
plot_20472,3.0,ultramap,M,Élevé
plot_20473,3.0,ultramap,D,Élevé
plot_20474,3.0,ultramap,D,Moyen
plot_20475,2.0,ultramap,D,Élevé
plot_20476,2.0,ultramap,D,Élevé
plot_20477,3.0,ultramap,D,Élevé
plot_20478,3.0,ultramap,D,Élevé
plot_20479,2.0,ultramap,D,Moyen
plot_20480,2.0,ultramap,D,Moyen
plot_20481,2.0,ultramap,D,Élevé
plot_20482,2.0,ultramap,D,Faible
plot_20483,2.0,ultramap,C,Moyen
plot_20484,2.0,ultramap,D,Élevé
plot_20485,3.0,ultramap,D,Élevé
plot_20486,3.0,ultramap,D,Élevé
plot_20487,3.0,ultramap,M,Élevé
plot_20488,2.0,ultramap,D,Moyen
plot_20489,2.0,ultramap,D,Moyen
plot_20490,3.0,ultramap,D,Élevé
plot_20491,3.0,ultramap,D,Élevé
plot_20492,2.0,ultramap,D,Moyen
plot_20493,2.0,ultramap,D,Moyen
plot_20494,3.0,ultramap,D,Élevé
plot_20495,3.0,ultramap,D,Élevé
plot_20496,2.0,ultramap,D,Faible
plot_20497,2.0,ultramap,D,Faible
plot_20498,2.0,ultramap,D,Faible
plot_20499,2.0,ultramap,D,Faible
plot_20500,2.0,ultramap,D,Faible
plot_20501,2.0,ultramap,D,Élevé
plot_20502,2.0,ultramap,D,Moyen
plot_20503,2.0,ultramap,D,Moyen
plot_20504,2.0,ultramap,D,Moyen
plot_20505,2.0,ultramap,D,Moyen
plot_20506,2.0,ultramap,D,Moyen
plot_20507,2.0,ultramap,D,Moyen
plot_20508,2.0,ultramap,M,Moyen
plot_20509,3.0,ultramap,D,Moyen
plot_20510,3.0,ultramap,D,Moyen
plot_20511,2.0,ultramap,C,Moyen
plot_20512,3.0,ultramap,C,Élevé
plot_20514,3.0,micmac,M,Moyen
plot_20515,3.0,ultramap,C,Moyen
plot_20516,3.0,ultramap,C,Moyen
plot_20517,3.0,ultramap,D,Moyen
plot_20518,3.0,ultramap,D,Moyen
plot_20519,3.0,ultramap,C,Élevé
plot_20520,3.0,ultramap,C,Moyen
plot_20521,3.0,ultramap,C,Élevé
plot_20522,2.0,ultramap,D,Faible
plot_20523,3.0,ultramap,C,Élevé
plot_20524,3.0,ultramap,C,Moyen
plot_20525,2.0,ultramap,D,Moyen
plot_20526,3.0,ultramap,C,Moyen
plot_20527,3.0,ultramap,D,Élevé
plot_20528,3.0,ultramap,C,Moyen
plot_20529,3.0,ultramap,C,Élevé
plot_20530,3.0,ultramap,C,Moyen
plot_20531,3.0,ultramap,D,Moyen
plot_20532,3.0,ultramap,D,Moyen
plot_20533,3.0,ultramap,D,Élevé
plot_20534,3.0,ultramap,D,Moyen
plot_20535,3.0,ultramap,M,Moyen
plot_20536,2.0,ultramap,D,Moyen
plot_20537,3.0,ultramap,C,Élevé
plot_20538,3.0,ultramap,C,Élevé
plot_20539,3.0,ultramap,D,Moyen
plot_20540,3.0,ultramap,C,Moyen
plot_20541,2.0,ultramap,D,Faible
plot_20542,2.0,ultramap,D,Moyen
plot_20543,3.0,ultramap,C,Élevé
plot_20544,3.0,ultramap,C,Élevé
plot_20545,3.0,ultramap,M,Moyen
plot_20546,3.0,ultramap,C,Élevé
plot_20547,3.0,ultramap,M,Élevé
plot_20548,2.0,ultramap,D,Moyen
plot_20549,2.0,ultramap,D,Moyen
plot_20550,2.0,ultramap,M,Faible
plot_20551,2.0,ultramap,D,Faible
plot_20552,3.0,ultramap,C,Moyen
plot_20553,3.0,ultramap,D,Moyen
plot_20554,3.0,ultramap,C,Moyen
plot_20555,2.0,ultramap,D,Moyen
plot_20556,2.0,ultramap,D,Moyen
plot_20557,2.0,ultramap,D,Faible
plot_20558,2.0,ultramap,D,Faible
plot_20559,2.0,ultramap,C,Faible
plot_20560,2.0,ultramap,D,Faible
plot_20561,2.0,ultramap,M,Faible
plot_20562,2.0,ultramap,D,Faible
plot_20563,2.0,ultramap,D,Faible
plot_20564,2.0,ultramap,D,Faible
plot_20565,2.0,ultramap,M,Faible
plot_20566,2.0,ultramap,D,Faible
plot_20567,2.0,ultramap,D,Faible
plot_20568,2.0,ultramap,D,Faible
plot_20569,2.0,ultramap,D,Faible
plot_20570,2.0,ultramap,D,Faible
plot_20571,2.0,ultramap,M,Faible
plot_20572,2.0,ultramap,D,Faible
plot_20573,2.0,ultramap,D,Faible
plot_20574,2.0,ultramap,D,Faible
plot_20575,2.0,ultramap,D,Faible
plot_20576,2.0,ultramap,D,Faible
plot_20577,3.0,ultramap,M,Élevé
plot_20579,3.0,ultramap,D,Élevé
plot_20580,3.0,ultramap,M,Élevé
plot_20581,3.0,ultramap,C,Élevé
plot_20582,3.0,ultramap,C,Élevé
plot_20583,3.0,ultramap,D,Élevé
plot_20584,3.0,ultramap,C,Élevé
plot_20585,3.0,ultramap,M,Élevé
plot_20586,3.0,ultramap,D,Élevé
plot_20587,3.0,ultramap,C,Élevé
plot_20588,3.0,ultramap,D,Élevé
plot_20589,3.0,ultramap,C,Élevé
plot_20590,3.0,ultramap,M,Élevé
plot_20591,3.0,ultramap,D,Élevé
plot_20592,3.0,ultramap,D,Élevé
plot_20593,3.0,ultramap,M,Élevé
plot_20594,3.0,ultramap,C,Élevé
plot_20595,3.0,ultramap,C,Élevé
plot_20596,3.0,ultramap,D,Élevé
plot_20597,3.0,ultramap,M,Moyen
plot_20598,3.0,ultramap,D,Moyen
plot_20599,3.0,ultramap,C,Élevé
plot_20600,3.0,ultramap,D,Élevé
plot_20601,3.0,ultramap,D,Élevé
plot_20602,3.0,ultramap,M,Élevé
plot_20603,3.0,ultramap,M,Élevé
plot_20604,3.0,ultramap,D,Élevé
plot_20605,3.0,ultramap,D,Moyen
plot_20606,3.0,ultramap,D,Moyen
plot_20607,3.0,ultramap,D,Élevé
plot_20608,3.0,ultramap,C,Élevé
plot_20609,3.0,ultramap,C,Élevé
plot_20610,3.0,ultramap,C,Élevé
plot_20611,3.0,ultramap,C,Moyen
plot_20612,2.0,ultramap,M,Élevé
plot_20613,2.0,ultramap,C,Moyen
plot_20614,2.0,ultramap,C,Élevé
plot_20615,3.0,ultramap,M,Moyen
plot_20616,2.0,ultramap,D,Moyen
plot_20617,2.0,ultramap,D,Moyen
plot_20618,2.0,ultramap,D,Moyen
plot_20619,2.0,ultramap,D,Moyen
plot_20620,2.0,ultramap,M,Moyen
plot_20621,2.0,ultramap,D,Moyen
plot_20622,2.0,ultramap,D,Moyen
plot_20623,2.0,ultramap,D,Faible
plot_20624,2.0,ultramap,D,Faible
plot_20625,2.0,ultramap,D,Faible
plot_20626,2.0,ultramap,D,Moyen
plot_20627,2.0,ultramap,D,Moyen
plot_20628,2.0,ultramap,D,Moyen
plot_20629,2.0,ultramap,D,Moyen
plot_20630,2.0,ultramap,C,Élevé
plot_20631,2.0,ultramap,D,Moyen
plot_20632,2.0,ultramap,D,Moyen
plot_20633,2.0,ultramap,D,Moyen
plot_20634,2.0,ultramap,C,Moyen
plot_20635,2.0,ultramap,D,Moyen
plot_20636,2.0,ultramap,D,Moyen
plot_20637,2.0,ultramap,D,Moyen
plot_20638,2.0,ultramap,M,Moyen
plot_20639,3.0,ultramap,C,Élevé
plot_20640,3.0,ultramap,C,Élevé
plot_20641,3.0,ultramap,M,Élevé
plot_20642,3.0,ultramap,C,Élevé
plot_20643,3.0,ultramap,C,Élevé
plot_20644,3.0,ultramap,C,Élevé
plot_20645,3.0,ultramap,C,Élevé
plot_20646,3.0,ultramap,C,Élevé
plot_20647,3.0,ultramap,C,Élevé
plot_20648,3.0,ultramap,C,Élevé
plot_20649,3.0,ultramap,D,Élevé
plot_20650,3.0,ultramap,C,Élevé
plot_20651,3.0,ultramap,D,Élevé
plot_20652,3.0,ultramap,C,Élevé
plot_20653,3.0,micmac,D,Élevé
plot_20654,3.0,ultramap,M,Élevé
plot_20655,2.0,ultramap,D,Élevé
plot_20656,3.0,ultramap,D,Élevé
plot_20657,3.0,ultramap,D,Élevé
plot_20658,3.0,ultramap,D,Élevé
plot_20659,3.0,ultramap,D,Élevé
plot_20660,2.0,ultramap,D,Moyen
plot_20661,3.0,ultramap,D,Moyen
plot_20662,3.0,ultramap,C,Élevé
plot_20663,3.0,ultramap,D,Moyen
plot_20664,3.0,ultramap,D,Élevé
plot_20665,2.0,ultramap,D,Faible
plot_20666,3.0,ultramap,D,Élevé
plot_20667,3.0,ultramap,D,Élevé
plot_20668,3.0,ultramap,D,Moyen
plot_20669,3.0,ultramap,D,Moyen
plot_20670,3.0,ultramap,D,Élevé
plot_20671,2.0,ultramap,D,Faible
plot_20672,3.0,ultramap,D,Moyen
plot_20673,3.0,ultramap,D,Moyen
plot_20674,3.0,ultramap,D,Moyen
plot_20675,2.0,ultramap,D,Moyen
plot_20676,3.0,ultramap,D,Faible
plot_20677,3.0,ultramap,D,Élevé
plot_20678,3.0,ultramap,D,Moyen
plot_20679,3.0,ultramap,D,Moyen
plot_20680,3.0,ultramap,D,Moyen
plot_20681,2.0,ultramap,D,Moyen
plot_20682,2.0,ultramap,D,Moyen
plot_20735,2.0,ultramap,D,Moyen
plot_20770,2.0,ultramap,D,Moyen
plot_20771,2.0,ultramap,M,Moyen
plot_20772,3.0,ultramap,D,Élevé
plot_20773,2.0,ultramap,D,Moyen
plot_20774,3.0,ultramap,D,Moyen
plot_20775,3.0,ultramap,C,Moyen
plot_20776,3.0,ultramap,D,Moyen
plot_20777,3.0,ultramap,C,Moyen
plot_20778,2.0,ultramap,D,Moyen
plot_20779,2.0,ultramap,D,Moyen
plot_20780,2.0,ultramap,C,Moyen
plot_20781,2.0,ultramap,D,Moyen
plot_20782,2.0,ultramap,D,Moyen
plot_20783,2.0,ultramap,D,Moyen
plot_20784,2.0,ultramap,D,Élevé
plot_20785,2.0,ultramap,D,Moyen
plot_20786,2.0,ultramap,D,Moyen
plot_20787,2.0,ultramap,C,Moyen
plot_20788,2.0,ultramap,D,Moyen
plot_20789,2.0,ultramap,D,Moyen
plot_20790,2.0,ultramap,D,Moyen
plot_20791,2.0,ultramap,D,Moyen
plot_20792,2.0,ultramap,D,Moyen
plot_20793,2.0,ultramap,M,Élevé
plot_20794,2.0,ultramap,D,Moyen
plot_20795,2.0,ultramap,D,Moyen
plot_20796,2.0,ultramap,D,Moyen
plot_20797,2.0,ultramap,D,Moyen
plot_20798,2.0,ultramap,C,Moyen
plot_20799,2.0,ultramap,D,Moyen
plot_20800,2.0,ultramap,D,Moyen
plot_20801,2.0,ultramap,D,Moyen
plot_20802,2.0,ultramap,D,Moyen
plot_20803,2.0,ultramap,C,Moyen
plot_20804,2.0,ultramap,D,Moyen
plot_20805,2.0,ultramap,D,Moyen
plot_20806,2.0,ultramap,D,Moyen
plot_20807,3.0,ultramap,C,Moyen
plot_20808,2.0,ultramap,D,Moyen
plot_20809,2.0,ultramap,D,Moyen
plot_20810,2.0,ultramap,D,Moyen
plot_20811,2.0,ultramap,D,Moyen
plot_20812,2.0,ultramap,D,Moyen
plot_20813,2.0,ultramap,D,Moyen
plot_20814,2.0,ultramap,D,Moyen
plot_20815,3.0,ultramap,D,Moyen
plot_20816,2.0,ultramap,D,Moyen
plot_20817,3.0,ultramap,D,Moyen
plot_20818,2.0,ultramap,D,Moyen
plot_20819,2.0,ultramap,D,Moyen
plot_20820,2.0,ultramap,D,Moyen
plot_20821,2.0,ultramap,D,Moyen
plot_20822,2.0,ultramap,D,Faible
plot_20823,2.0,ultramap,D,Moyen
plot_20824,2.0,ultramap,D,Moyen
plot_20825,3.0,ultramap,D,Moyen
plot_20826,2.0,ultramap,D,Faible
plot_20827,2.0,ultramap,D,Faible
plot_20828,3.0,ultramap,C,Élevé
plot_20829,3.0,ultramap,D,Élevé
plot_20830,3.0,ultramap,D,Élevé
plot_20831,2.0,ultramap,D,Faible
plot_20832,2.0,ultramap,D,Moyen
plot_20833,2.0,ultramap,D,Moyen
plot_20834,2.0,ultramap,D,Moyen
plot_20835,2.0,ultramap,D,Moyen
plot_20836,2.0,ultramap,D,Faible
plot_20837,2.0,ultramap,D,Faible
plot_20838,2.0,ultramap,D,Faible
plot_20839,2.0,ultramap,D,Moyen
plot_20840,2.0,ultramap,D,Faible
plot_20841,2.0,ultramap,D,Faible
plot_20842,2.0,ultramap,D,Faible
plot_20843,2.0,ultramap,D,Moyen
plot_20844,2.0,ultramap,D,Moyen
plot_20845,2.0,ultramap,D,Faible
plot_20846,2.0,ultramap,D,Moyen
plot_20847,1.0,micmac,D,Moyen
plot_20848,1.0,micmac,D,Faible
plot_20849,1.0,micmac,C,Faible
plot_20850,1.0,micmac,D,Moyen
plot_20851,1.0,micmac,D,Faible
plot_20852,1.0,micmac,D,Faible
plot_20853,1.0,micmac,D,Moyen
plot_20854,1.0,micmac,D,Faible
plot_20855,1.0,micmac,C,Faible
plot_20856,1.0,micmac,C,Faible
plot_20857,1.0,micmac,D,Faible
plot_20858,1.0,micmac,C,Faible
plot_20859,1.0,micmac,D,Faible
plot_20860,1.0,micmac,D,Faible
plot_20861,1.0,micmac,C,Faible
plot_20862,1.0,micmac,D,Faible
plot_20863,1.0,micmac,C,Faible
plot_20864,1.0,micmac,D,Faible
plot_20865,1.0,micmac,C,Faible
plot_20866,1.0,micmac,C,Faible
plot_20867,1.0,micmac,D,Faible
plot_20868,1.0,micmac,D,Faible
plot_20869,1.0,micmac,C,Faible
plot_20870,1.0,micmac,D,Faible
plot_20871,1.0,micmac,C,Faible
plot_20872,1.0,micmac,C,Faible
plot_20873,1.0,micmac,C,Faible
plot_20874,1.0,micmac,C,Faible
plot_20875,1.0,micmac,D,Faible
plot_20876,1.0,micmac,M,Faible
plot_20877,1.0,micmac,D,Faible
plot_20878,1.0,micmac,C,Faible
plot_20879,1.0,micmac,D,Faible
plot_20880,1.0,micmac,C,Faible
plot_20881,1.0,micmac,D,Faible
plot_20882,1.0,micmac,D,Faible
plot_20883,1.0,micmac,D,Faible
plot_20884,1.0,micmac,D,Faible
plot_20885,1.0,micmac,D,Faible
plot_20886,1.0,micmac,D,Faible
plot_20887,1.0,micmac,C,Faible
plot_20888,1.0,micmac,D,Faible
plot_20889,1.0,micmac,C,Faible
plot_20890,1.0,micmac,D,Faible
plot_20891,1.0,micmac,D,Faible
plot_20892,1.0,micmac,D,Faible
plot_20893,1.0,micmac,D,Faible
plot_20894,1.0,micmac,D,Faible
plot_20895,1.0,micmac,D,Moyen
plot_20896,2.0,micmac,D,Moyen
plot_20897,3.0,micmac,D,Élevé
plot_20898,3.0,micmac,D,Moyen
plot_20899,3.0,micmac,D,Moyen
plot_20900,3.0,micmac,D,Élevé
plot_20901,3.0,micmac,D,Moyen
plot_20902,2.0,micmac,D,Moyen
plot_20903,3.0,micmac,D,Élevé
plot_20904,3.0,micmac,M,Élevé
plot_20905,3.0,micmac,C,Élevé
plot_20906,3.0,micmac,M,Élevé
plot_20907,3.0,micmac,M,Élevé
plot_20908,3.0,micmac,M,Élevé
plot_20909,3.0,micmac,M,Élevé
plot_20910,3.0,micmac,D,Élevé
plot_20911,3.0,micmac,D,Élevé
plot_20912,2.0,micmac,D,Élevé
plot_20913,3.0,micmac,M,Élevé
plot_20914,2.0,micmac,D,Élevé
plot_20915,3.0,micmac,D,Élevé
plot_20916,3.0,micmac,D,Élevé
plot_20917,3.0,micmac,D,Élevé
plot_20918,2.0,micmac,D,Moyen
plot_20919,2.0,micmac,D,Moyen
plot_20920,3.0,micmac,D,Moyen
plot_20921,3.0,micmac,C,Élevé
plot_20922,3.0,micmac,D,Élevé
plot_20923,3.0,micmac,M,Élevé
plot_20924,3.0,micmac,M,Élevé
plot_20925,3.0,micmac,D,Moyen
plot_20926,3.0,micmac,M,Élevé
plot_20927,3.0,micmac,M,Élevé
plot_20928,3.0,micmac,M,Élevé
plot_20929,3.0,micmac,M,Élevé
plot_20930,3.0,micmac,M,Élevé
plot_20931,3.0,micmac,M,Élevé
plot_20932,3.0,micmac,M,Élevé
plot_20933,3.0,micmac,D,Élevé
plot_20934,3.0,micmac,C,Élevé
plot_20935,3.0,micmac,C,Élevé
plot_20936,3.0,micmac,C,Élevé
plot_20937,3.0,micmac,C,Élevé
plot_20938,3.0,micmac,C,Élevé
plot_20939,3.0,micmac,C,Élevé
plot_20940,3.0,micmac,M,Élevé
plot_20941,3.0,micmac,D,Élevé
plot_20942,3.0,micmac,C,Élevé
plot_20943,3.0,micmac,D,Élevé
plot_20944,3.0,micmac,D,Élevé
plot_20945,3.0,micmac,C,Élevé
plot_20946,3.0,micmac,C,Élevé
plot_20947,3.0,micmac,C,Élevé
plot_21002,1.0,micmac,D,Faible
plot_21003,1.0,micmac,D,Faible
plot_21004,1.0,micmac,D,Faible
plot_21005,1.0,micmac,D,Faible
plot_21006,1.0,micmac,D,Faible
plot_21007,1.0,micmac,C,Faible
plot_21008,1.0,micmac,D,Faible
plot_21009,1.0,micmac,M,Faible
plot_21010,1.0,micmac,D,Faible
plot_21011,1.0,micmac,D,Faible
plot_21012,1.0,micmac,D,Faible
plot_21013,1.0,micmac,D,Faible
plot_21014,1.0,micmac,D,Faible
plot_21015,1.0,micmac,D,Faible
plot_21016,1.0,micmac,D,Faible
plot_21017,1.0,micmac,D,Faible
plot_21018,1.0,micmac,D,Faible
plot_21019,1.0,micmac,C,Faible
plot_21020,1.0,micmac,M,Faible
plot_21021,1.0,micmac,C,Faible
plot_21022,1.0,micmac,C,Faible
plot_21023,1.0,micmac,D,Faible
plot_21024,1.0,micmac,D,Faible
plot_21025,1.0,micmac,D,Faible
plot_21026,1.0,micmac,D,Faible
plot_21027,1.0,micmac,D,Faible
plot_21028,1.0,micmac,D,Faible
plot_21029,1.0,micmac,C,Faible
plot_21030,1.0,micmac,D,Faible
plot_21031,1.0,micmac,D,Faible
plot_21032,1.0,micmac,D,Faible
plot_21033,1.0,micmac,D,Faible
plot_21034,1.0,micmac,D,Faible
plot_21035,1.0,micmac,D,Faible
plot_21036,1.0,micmac,D,Faible
plot_21037,1.0,micmac,D,Faible
plot_21038,1.0,micmac,C,Faible
plot_21039,1.0,micmac,D,Faible
plot_21040,1.0,micmac,D,Faible
plot_21041,1.0,micmac,D,Faible
plot_21042,1.0,micmac,D,Faible
plot_21043,1.0,micmac,C,Faible
plot_21044,1.0,micmac,D,Faible
plot_21045,1.0,micmac,D,Faible
plot_21122,1.0,ultramap,D,Faible
plot_21122,1.0,ultramap,D,Faible
plot_21122,1.0,ultramap,D,Faible
plot_21122,1.0,ultramap,D,Faible
plot_21123,1.0,ultramap,D,Faible
plot_21123,1.0,ultramap,D,Faible
plot_21123,1.0,ultramap,D,Faible
plot_21123,1.0,ultramap,D,Faible
plot_21124,1.0,ultramap,D,Faible
plot_21124,1.0,ultramap,D,Faible
plot_21124,1.0,ultramap,D,Faible
plot_21124,1.0,ultramap,D,Faible
plot_21125,1.0,ultramap,D,Faible
plot_21125,1.0,ultramap,D,Faible
plot_21125,1.0,ultramap,D,Faible
plot_21125,1.0,ultramap,D,Faible
plot_21126,1.0,ultramap,D,Faible
plot_21126,1.0,ultramap,D,Faible
plot_21126,1.0,ultramap,D,Faible
plot_21126,1.0,ultramap,D,Faible
plot_21127,1.0,ultramap,D,Faible
plot_21127,1.0,ultramap,D,Faible
plot_21127,1.0,ultramap,D,Faible
plot_21127,1.0,ultramap,D,Faible
plot_21128,1.0,ultramap,D,Faible
plot_21128,1.0,ultramap,D,Faible
plot_21128,1.0,ultramap,D,Faible
plot_21128,1.0,ultramap,D,Faible
plot_21129,1.0,ultramap,D,Faible
plot_21129,1.0,ultramap,D,Faible
plot_21129,1.0,ultramap,D,Faible
plot_21129,1.0,ultramap,D,Faible
plot_21130,1.0,ultramap,D,Faible
plot_21130,1.0,ultramap,D,Faible
plot_21130,1.0,ultramap,D,Faible
plot_21130,1.0,ultramap,D,Faible
plot_21131,1.0,ultramap,D,Faible
plot_21131,1.0,ultramap,D,Faible
plot_21131,1.0,ultramap,D,Faible
plot_21131,1.0,ultramap,D,Faible
plot_21132,1.0,ultramap,D,Faible
plot_21132,1.0,ultramap,D,Faible
plot_21132,1.0,ultramap,D,Faible
plot_21132,1.0,ultramap,D,Faible
plot_21133,1.0,ultramap,D,Faible
plot_21133,1.0,ultramap,D,Faible
plot_21133,1.0,ultramap,D,Faible
plot_21133,1.0,ultramap,D,Faible
plot_21134,1.0,ultramap,D,Faible
plot_21134,1.0,ultramap,D,Faible
plot_21134,1.0,ultramap,D,Faible
plot_21134,1.0,ultramap,D,Faible
plot_21135,1.0,ultramap,M,Faible
plot_21135,1.0,ultramap,M,Faible
plot_21135,1.0,ultramap,M,Faible
plot_21135,1.0,ultramap,M,Faible
plot_21136,1.0,ultramap,D,Faible
plot_21136,1.0,ultramap,D,Faible
plot_21136,1.0,ultramap,D,Faible
plot_21136,1.0,ultramap,D,Faible
plot_21137,1.0,ultramap,D,Faible
plot_21137,1.0,ultramap,D,Faible
plot_21137,1.0,ultramap,D,Faible
plot_21137,1.0,ultramap,D,Faible
plot_21138,1.0,ultramap,D,Faible
plot_21138,1.0,ultramap,D,Faible
plot_21138,1.0,ultramap,D,Faible
plot_21138,1.0,ultramap,D,Faible
plot_21139,1.0,ultramap,D,Faible
plot_21139,1.0,ultramap,D,Faible
plot_21139,1.0,ultramap,D,Faible
plot_21139,1.0,ultramap,D,Faible
plot_21140,1.0,ultramap,D,Faible
plot_21140,1.0,ultramap,D,Faible
plot_21140,1.0,ultramap,D,Faible
plot_21140,1.0,ultramap,D,Faible
plot_21141,1.0,ultramap,D,Faible
plot_21141,1.0,ultramap,D,Faible
plot_21141,1.0,ultramap,D,Faible
plot_21141,1.0,ultramap,D,Faible
plot_21142,1.0,ultramap,D,Faible
plot_21142,1.0,ultramap,D,Faible
plot_21142,1.0,ultramap,D,Faible
plot_21142,1.0,ultramap,D,Faible
plot_21143,1.0,ultramap,D,Faible
plot_21143,1.0,ultramap,D,Faible
plot_21143,1.0,ultramap,D,Faible
plot_21143,1.0,ultramap,D,Faible
plot_21144,1.0,ultramap,D,Faible
plot_21144,1.0,ultramap,D,Faible
plot_21144,1.0,ultramap,D,Faible
plot_21144,1.0,ultramap,D,Faible
plot_21145,1.0,ultramap,M,Faible
plot_21145,1.0,ultramap,M,Faible
plot_21145,1.0,ultramap,M,Faible
plot_21145,1.0,ultramap,M,Faible
plot_21146,1.0,ultramap,D,Faible
plot_21146,1.0,ultramap,D,Faible
plot_21146,1.0,ultramap,D,Faible
plot_21146,1.0,ultramap,D,Faible
plot_21147,1.0,ultramap,D,Faible
plot_21147,1.0,ultramap,D,Faible
plot_21147,1.0,ultramap,D,Faible
plot_21147,1.0,ultramap,D,Faible
plot_21148,1.0,ultramap,D,Faible
plot_21148,1.0,ultramap,D,Faible
plot_21148,1.0,ultramap,D,Faible
plot_21148,1.0,ultramap,D,Faible
plot_21149,1.0,ultramap,D,Faible
plot_21149,1.0,ultramap,D,Faible
plot_21149,1.0,ultramap,D,Faible
plot_21149,1.0,ultramap,D,Faible
plot_21150,1.0,ultramap,D,Faible
plot_21150,1.0,ultramap,D,Faible
plot_21150,1.0,ultramap,D,Faible
plot_21150,1.0,ultramap,D,Faible
plot_21151,1.0,ultramap,D,Faible
plot_21151,1.0,ultramap,D,Faible
plot_21151,1.0,ultramap,D,Faible
plot_21151,1.0,ultramap,D,Faible
plot_21152,1.0,ultramap,D,Faible
plot_21153,2.0,ultramap,D,Faible
plot_21154,1.0,ultramap,D,Faible
plot_21155,1.0,ultramap,D,Faible
plot_21156,1.0,ultramap,D,Faible
plot_21157,2.0,ultramap,D,Faible
plot_21158,1.0,ultramap,D,Faible
plot_21159,1.0,ultramap,D,Faible
plot_21160,1.0,ultramap,D,Faible
plot_21161,1.0,ultramap,D,Faible
plot_21162,2.0,ultramap,D,Faible
plot_21163,2.0,ultramap,D,Faible
plot_21164,1.0,ultramap,D,Faible
plot_21165,2.0,ultramap,D,Moyen
plot_21166,2.0,ultramap,D,Faible
plot_21167,2.0,ultramap,D,Faible
plot_21168,2.0,ultramap,D,Faible
plot_21169,1.0,ultramap,D,Faible
plot_21170,2.0,ultramap,D,Faible
plot_21171,1.0,ultramap,D,Faible
plot_21172,2.0,ultramap,D,Faible
plot_21173,2.0,ultramap,D,Faible
plot_21174,2.0,ultramap,D,Faible
plot_21175,2.0,ultramap,D,Faible
plot_21176,2.0,ultramap,D,Faible
plot_21177,2.0,ultramap,D,Faible
plot_21178,2.0,ultramap,D,Faible
plot_21179,2.0,ultramap,D,Faible
plot_21180,1.0,ultramap,D,Faible
plot_21181,1.0,ultramap,D,Faible
plot_21182,1.0,ultramap,D,Faible
plot_21183,1.0,ultramap,D,Faible
plot_21184,1.0,ultramap,M,Faible
plot_21185,1.0,ultramap,D,Faible
plot_21186,1.0,ultramap,C,Faible
plot_21187,1.0,ultramap,D,Faible
plot_21188,1.0,ultramap,D,Faible
plot_21189,1.0,ultramap,D,Faible
plot_21190,1.0,ultramap,D,Faible
plot_21191,1.0,ultramap,D,Faible
plot_21192,1.0,ultramap,D,Faible
plot_21193,1.0,ultramap,D,Faible
plot_21194,1.0,ultramap,D,Faible
plot_21195,1.0,ultramap,D,Faible
plot_21196,1.0,ultramap,D,Faible
plot_21197,1.0,ultramap,D,Faible
plot_21198,1.0,ultramap,D,Faible
plot_21199,1.0,ultramap,D,Faible
plot_21200,1.0,ultramap,D,Faible
plot_21201,1.0,ultramap,D,Faible
plot_21202,1.0,ultramap,D,Faible
plot_21203,1.0,ultramap,D,Faible
plot_21204,2.0,micmac,D,Faible
plot_21205,2.0,micmac,D,Faible
plot_21206,2.0,micmac,D,Moyen
plot_21207,2.0,micmac,M,Moyen
plot_21208,2.0,micmac,D,Moyen
plot_21209,2.0,micmac,C,Moyen
plot_21210,2.0,micmac,D,Moyen
plot_21211,2.0,micmac,D,Faible
plot_21212,2.0,micmac,D,Moyen
plot_21213,2.0,micmac,D,Moyen
plot_21214,2.0,micmac,C,Moyen
plot_21215,2.0,micmac,D,Moyen
plot_21216,2.0,micmac,D,Moyen
plot_21217,2.0,micmac,D,Moyen
plot_21218,2.0,micmac,D,Moyen
plot_21219,2.0,micmac,D,Moyen
plot_21220,2.0,micmac,D,Moyen
plot_21221,2.0,micmac,D,Moyen
plot_21222,2.0,micmac,D,Moyen
plot_21223,2.0,micmac,D,Moyen
plot_21224,2.0,micmac,D,Moyen
plot_21225,3.0,micmac,C,Élevé
plot_21226,2.0,micmac,D,Moyen
plot_21227,2.0,micmac,D,Moyen
plot_21228,3.0,micmac,D,Moyen
plot_21229,3.0,micmac,D,Élevé
plot_21230,3.0,micmac,D,Élevé
plot_21231,2.0,micmac,D,Moyen
plot_21232,3.0,micmac,D,Moyen
plot_21233,2.0,micmac,D,Moyen
plot_21234,2.0,micmac,D,Élevé
plot_21235,2.0,micmac,D,Moyen
plot_21236,3.0,micmac,C,Élevé
plot_21237,3.0,micmac,D,Élevé
plot_21238,3.0,micmac,D,Élevé
plot_21239,3.0,micmac,D,Élevé
plot_21240,3.0,micmac,C,Élevé
plot_21241,3.0,micmac,D,Élevé
plot_21242,3.0,micmac,D,Élevé
plot_21243,3.0,micmac,C,Élevé
plot_21244,3.0,micmac,C,Élevé
plot_21245,3.0,micmac,C,Élevé
plot_21246,3.0,micmac,D,Élevé
plot_21247,2.0,micmac,D,Faible
plot_21248,2.0,micmac,D,Faible
plot_21249,2.0,micmac,D,Moyen
plot_21250,2.0,micmac,D,Faible
plot_21251,2.0,micmac,D,Faible
plot_21252,2.0,micmac,D,Faible
plot_21253,2.0,micmac,D,Moyen
plot_21254,2.0,micmac,D,Moyen
plot_21255,2.0,micmac,D,Faible
plot_21256,2.0,micmac,D,Faible
plot_21257,2.0,micmac,D,Faible
plot_21258,2.0,micmac,M,Faible
plot_21259,2.0,micmac,D,Faible
plot_21260,2.0,micmac,D,Faible
plot_21261,2.0,micmac,D,Moyen
plot_21262,2.0,micmac,D,Moyen
plot_21263,2.0,micmac,D,Moyen
plot_21264,2.0,micmac,M,Moyen
plot_21265,2.0,micmac,D,Moyen
plot_21266,2.0,micmac,D,Moyen
plot_21267,2.0,micmac,D,Moyen
plot_21268,2.0,micmac,D,Moyen
plot_21269,2.0,micmac,D,Moyen
plot_21270,2.0,micmac,D,Moyen
plot_21271,2.0,micmac,D,Moyen
plot_21272,2.0,ultramap,D,Moyen
plot_21273,2.0,ultramap,D,Élevé
plot_21274,2.0,ultramap,D,Moyen
plot_21275,2.0,ultramap,D,Moyen
plot_21276,2.0,ultramap,D,Élevé
plot_21277,2.0,ultramap,D,Élevé
plot_21278,2.0,ultramap,M,Élevé
plot_21279,2.0,ultramap,M,Moyen
plot_21280,2.0,ultramap,C,Moyen
plot_21281,2.0,ultramap,D,Élevé
plot_21282,2.0,ultramap,M,Moyen
plot_21283,2.0,ultramap,D,Moyen
plot_21284,2.0,ultramap,D,Élevé
plot_21285,2.0,ultramap,D,Élevé
plot_21286,2.0,ultramap,C,Faible
plot_21287,2.0,ultramap,D,Élevé
plot_21288,2.0,ultramap,M,Moyen
plot_21289,2.0,ultramap,C,Moyen
plot_21290,2.0,ultramap,C,Moyen
plot_21291,2.0,ultramap,M,Élevé
plot_21292,2.0,ultramap,M,Élevé
plot_21293,2.0,ultramap,C,Moyen
plot_21294,2.0,ultramap,M,Faible
plot_21295,2.0,ultramap,C,Moyen
plot_21296,2.0,ultramap,M,Élevé
plot_21297,2.0,ultramap,M,Moyen
plot_21298,2.0,ultramap,C,Moyen
plot_21299,3.0,ultramap,D,Élevé
plot_21300,3.0,ultramap,M,Élevé
plot_21301,2.0,ultramap,C,Moyen
plot_21302,2.0,ultramap,M,Moyen
plot_21303,2.0,ultramap,D,Élevé
plot_21304,2.0,ultramap,M,Moyen
plot_21305,3.0,ultramap,C,Élevé
plot_21306,2.0,ultramap,M,Moyen
plot_21307,2.0,ultramap,D,Moyen
plot_21308,2.0,ultramap,D,Moyen
plot_21309,3.0,ultramap,D,Faible
plot_21310,3.0,ultramap,D,Élevé
plot_21311,3.0,ultramap,C,Moyen
plot_21312,2.0,ultramap,D,Faible
plot_21313,3.0,ultramap,D,Moyen
plot_21314,3.0,ultramap,D,Moyen
plot_21315,3.0,ultramap,D,Faible
plot_21316,3.0,ultramap,C,Élevé
plot_21317,3.0,ultramap,C,Élevé
plot_21318,3.0,ultramap,M,Élevé
plot_21319,3.0,ultramap,D,Élevé
plot_21320,2.0,ultramap,M,Moyen
plot_21321,3.0,ultramap,M,Faible
plot_21322,3.0,ultramap,D,Faible
plot_21323,3.0,ultramap,D,Moyen
plot_21324,3.0,ultramap,D,Moyen
plot_21325,3.0,ultramap,D,Moyen
plot_21326,3.0,ultramap,D,Élevé
plot_21327,3.0,ultramap,D,Élevé
plot_21328,3.0,ultramap,D,Élevé
plot_21329,3.0,ultramap,M,Faible
plot_21330,3.0,ultramap,D,Faible
plot_21331,3.0,ultramap,M,Moyen
plot_21332,3.0,ultramap,M,Moyen
plot_21333,3.0,ultramap,C,Moyen
plot_21334,3.0,ultramap,D,Moyen
plot_21335,3.0,ultramap,C,Faible
plot_21336,3.0,ultramap,D,Moyen
plot_21337,3.0,ultramap,D,Faible
plot_21338,3.0,ultramap,D,Moyen
plot_21339,3.0,ultramap,M,Faible
plot_21340,2.0,ultramap,D,Faible
plot_21341,3.0,ultramap,D,Moyen
plot_21342,3.0,ultramap,D,Faible
plot_21343,3.0,ultramap,D,Faible
plot_21344,3.0,ultramap,D,Faible
plot_21345,3.0,ultramap,D,Moyen
plot_21346,3.0,ultramap,D,Moyen
plot_21347,3.0,ultramap,C,Faible
plot_21348,3.0,ultramap,C,Faible
plot_21349,2.0,ultramap,D,Faible
plot_21350,2.0,ultramap,C,Faible
plot_21351,2.0,ultramap,D,Faible
plot_21352,2.0,ultramap,D,Faible
plot_21353,2.0,ultramap,M,Moyen
plot_21354,2.0,ultramap,C,Moyen
plot_21355,2.0,ultramap,C,Élevé
plot_21356,2.0,ultramap,C,Moyen
plot_21357,2.0,ultramap,M,Moyen
plot_21358,2.0,ultramap,C,Moyen
plot_21359,3.0,ultramap,D,Élevé
plot_21360,2.0,ultramap,D,Élevé
plot_21361,2.0,ultramap,M,Moyen
plot_21362,2.0,ultramap,D,Moyen
plot_21363,2.0,ultramap,D,Élevé
plot_21364,2.0,ultramap,M,Élevé
plot_21365,2.0,ultramap,M,Élevé
plot_21366,2.0,ultramap,D,Moyen
plot_21367,2.0,ultramap,M,Élevé
plot_21368,2.0,ultramap,C,Élevé
plot_21369,2.0,ultramap,D,Élevé
plot_21370,2.0,ultramap,D,Moyen
plot_21371,2.0,ultramap,D,Élevé
plot_21372,2.0,ultramap,M,Moyen
plot_21373,2.0,ultramap,D,Élevé
plot_21374,2.0,ultramap,D,Faible
plot_21375,2.0,ultramap,C,Moyen
plot_21376,2.0,ultramap,C,Moyen
plot_21377,2.0,ultramap,D,Élevé
plot_21378,2.0,ultramap,M,Moyen
plot_21379,2.0,ultramap,C,Moyen
plot_21380,2.0,micmac,M,Faible
plot_21381,2.0,micmac,D,Faible
plot_21382,2.0,micmac,D,Faible
plot_21383,1.0,micmac,C,Faible
plot_21384,1.0,micmac,D,Faible
plot_21385,1.0,micmac,M,Faible
plot_21386,1.0,micmac,D,Faible
plot_21387,1.0,micmac,D,Faible
plot_21388,1.0,micmac,D,Faible
plot_21389,1.0,micmac,D,Faible
plot_21390,1.0,micmac,M,Faible
plot_21391,1.0,micmac,M,Faible
plot_21392,1.0,micmac,D,Faible
plot_21393,1.0,micmac,D,Faible
plot_21394,1.0,micmac,D,Faible
plot_21395,2.0,micmac,D,Faible
plot_21396,1.0,micmac,D,Faible
plot_21397,1.0,micmac,M,Faible
plot_21398,2.0,micmac,D,Faible
plot_21399,1.0,micmac,D,Faible
plot_21400,1.0,micmac,M,Faible
plot_21401,1.0,micmac,M,Faible
plot_21402,1.0,micmac,D,Faible
plot_21403,1.0,micmac,D,Faible
plot_21404,1.0,micmac,D,Faible
plot_21405,2.0,micmac,C,Faible
plot_21406,1.0,ultramap,D,Faible
plot_21407,1.0,ultramap,D,Faible
plot_21408,1.0,ultramap,D,Faible
plot_21409,1.0,ultramap,M,Faible
plot_21410,1.0,ultramap,D,Faible
plot_21411,1.0,ultramap,D,Faible
plot_21412,1.0,ultramap,D,Faible
plot_21413,1.0,ultramap,D,Faible
plot_21414,1.0,ultramap,D,Faible
plot_21415,1.0,ultramap,D,Faible
plot_21416,1.0,ultramap,D,Faible
plot_21417,2.0,ultramap,D,Faible
plot_21418,1.0,ultramap,D,Faible
plot_21419,1.0,ultramap,D,Faible
plot_21420,1.0,ultramap,M,Faible
plot_21421,1.0,ultramap,D,Faible
plot_21422,1.0,ultramap,D,Faible
plot_21423,2.0,ultramap,D,Faible
plot_21424,1.0,ultramap,D,Faible
plot_21425,1.0,ultramap,C,Faible
plot_21426,1.0,ultramap,D,Faible
plot_21427,2.0,ultramap,D,Faible
plot_21428,1.0,ultramap,D,Faible
plot_21429,1.0,ultramap,M,Faible
plot_21430,1.0,ultramap,D,Faible
plot_21431,2.0,ultramap,D,Faible
plot_21432,1.0,ultramap,D,Faible
plot_21433,1.0,ultramap,D,Faible
plot_21434,1.0,ultramap,D,Faible
plot_21435,2.0,ultramap,D,Faible
plot_21436,1.0,ultramap,D,Faible
plot_21437,1.0,ultramap,D,Faible
plot_21438,1.0,ultramap,D,Faible
plot_21439,1.0,ultramap,D,Faible
plot_21440,1.0,ultramap,M,Faible
plot_21441,1.0,ultramap,D,Faible
plot_21442,1.0,ultramap,D,Faible
plot_21443,1.0,ultramap,D,Faible
plot_21444,1.0,ultramap,D,Faible
plot_21445,1.0,ultramap,D,Faible
plot_21446,1.0,ultramap,D,Faible
plot_21447,1.0,ultramap,D,Faible
plot_21448,1.0,ultramap,D,Faible
plot_21449,1.0,ultramap,D,Faible
plot_21450,1.0,ultramap,D,Faible
plot_21451,2.0,ultramap,D,Faible
plot_21452,1.0,ultramap,D,Faible
plot_21453,1.0,ultramap,C,Faible
plot_21454,2.0,ultramap,D,Faible
plot_21455,1.0,ultramap,D,Faible
plot_21456,1.0,ultramap,D,Faible
plot_21457,2.0,ultramap,D,Faible
plot_21458,2.0,ultramap,D,Moyen
plot_21459,2.0,ultramap,D,Moyen
plot_21460,2.0,ultramap,D,Moyen
plot_21461,2.0,ultramap,D,Moyen
plot_21462,2.0,ultramap,D,Moyen
plot_21463,2.0,ultramap,D,Moyen
plot_21464,2.0,ultramap,D,Élevé
plot_21465,2.0,ultramap,D,Moyen
plot_21466,2.0,ultramap,D,Moyen
plot_21467,2.0,ultramap,D,Moyen
plot_21468,2.0,ultramap,D,Moyen
plot_21469,2.0,ultramap,D,Faible
plot_21470,2.0,ultramap,D,Moyen
plot_21471,2.0,ultramap,D,Moyen
plot_21472,2.0,ultramap,D,Moyen
plot_21473,2.0,ultramap,D,Moyen
plot_21474,2.0,ultramap,D,Moyen
plot_21475,2.0,ultramap,M,Moyen
plot_21476,2.0,ultramap,D,Moyen
plot_21477,2.0,ultramap,D,Moyen
plot_21478,2.0,ultramap,D,Faible
plot_21479,2.0,ultramap,D,Moyen
plot_21480,2.0,ultramap,D,Moyen
plot_21481,2.0,ultramap,M,Moyen
plot_21482,2.0,ultramap,D,Moyen
plot_21483,2.0,ultramap,D,Moyen
plot_21484,2.0,ultramap,D,Moyen
plot_21485,2.0,ultramap,D,Moyen
plot_21486,2.0,ultramap,D,Moyen
plot_21487,2.0,ultramap,D,Moyen
plot_21488,2.0,ultramap,D,Moyen
plot_21489,2.0,ultramap,M,Moyen
plot_21490,2.0,ultramap,M,Moyen
plot_21491,2.0,ultramap,D,Moyen
plot_21492,2.0,ultramap,C,Moyen
plot_21493,2.0,ultramap,M,Élevé
plot_21494,2.0,ultramap,D,Moyen
plot_21495,2.0,ultramap,D,Moyen
plot_21496,2.0,ultramap,D,Moyen
plot_21497,2.0,ultramap,D,Moyen
plot_21498,2.0,ultramap,D,Moyen
plot_21499,2.0,ultramap,D,Moyen
plot_21500,2.0,ultramap,C,Moyen
plot_21501,2.0,ultramap,D,Moyen
plot_21502,2.0,ultramap,M,Moyen
plot_21503,2.0,ultramap,D,Moyen
plot_21504,2.0,ultramap,D,Moyen
plot_21505,2.0,ultramap,D,Moyen
plot_21506,2.0,ultramap,D,Moyen
plot_21507,2.0,ultramap,D,Moyen
plot_21508,2.0,ultramap,D,Moyen
plot_21509,2.0,ultramap,D,Moyen
plot_21510,2.0,ultramap,D,Moyen
plot_21511,2.0,ultramap,D,Moyen
plot_21512,2.0,ultramap,D,Moyen
plot_21513,2.0,ultramap,D,Élevé
plot_21514,2.0,ultramap,M,Élevé
plot_21515,2.0,ultramap,D,Moyen
plot_21516,2.0,ultramap,M,Élevé
plot_21517,2.0,ultramap,C,Élevé
plot_21518,2.0,ultramap,C,Moyen
plot_21519,2.0,ultramap,C,Élevé
plot_21520,2.0,ultramap,M,Élevé
plot_21639,1.0,ultramap,D,Faible
plot_21640,1.0,ultramap,D,Faible
plot_21641,1.0,ultramap,D,Faible
plot_21642,1.0,ultramap,D,Faible
plot_21643,1.0,ultramap,D,Faible
plot_21644,1.0,ultramap,D,Faible
plot_21645,1.0,ultramap,D,Faible
plot_21646,1.0,ultramap,D,Faible
plot_21647,1.0,ultramap,D,Faible
plot_21648,1.0,ultramap,D,Moyen
plot_21649,1.0,ultramap,D,Faible
plot_21650,1.0,ultramap,D,Faible
plot_21651,1.0,ultramap,D,Moyen
plot_21652,1.0,ultramap,D,Moyen
plot_21653,1.0,ultramap,D,Faible
plot_21654,1.0,ultramap,D,Moyen
plot_21655,1.0,ultramap,D,Moyen
plot_21656,1.0,ultramap,D,Moyen
plot_21657,1.0,ultramap,D,Faible
plot_21658,1.0,ultramap,D,Faible
plot_21659,1.0,ultramap,D,Moyen
plot_21660,1.0,ultramap,C,Faible
plot_21661,1.0,ultramap,D,Moyen
plot_21662,1.0,ultramap,D,Moyen
plot_21663,1.0,ultramap,D,Moyen
plot_21664,1.0,ultramap,D,Moyen
plot_21665,1.0,ultramap,D,Faible
plot_21666,1.0,ultramap,D,Faible
plot_21667,1.0,ultramap,D,Moyen
plot_21668,1.0,ultramap,D,Faible
plot_21669,1.0,ultramap,D,Moyen
plot_21670,1.0,ultramap,D,Moyen
plot_21671,1.0,ultramap,D,Moyen
plot_21672,1.0,ultramap,D,Moyen
plot_21673,1.0,ultramap,D,Moyen
plot_21674,1.0,ultramap,D,Moyen
plot_21675,1.0,ultramap,D,Moyen
plot_21676,2.0,ultramap,C,Moyen
plot_21677,2.0,ultramap,D,Moyen
plot_21678,1.0,ultramap,D,Moyen
plot_21679,1.0,ultramap,D,Moyen
plot_21680,1.0,ultramap,D,Faible
plot_21681,1.0,ultramap,D,Faible
plot_21682,1.0,ultramap,D,Faible
plot_21683,2.0,ultramap,D,Moyen
plot_21684,2.0,ultramap,D,Moyen
plot_21685,2.0,ultramap,D,Moyen
plot_21686,2.0,ultramap,D,Moyen
plot_21687,2.0,ultramap,D,Moyen
plot_21688,1.0,ultramap,D,Faible
plot_21689,1.0,ultramap,D,Faible
plot_21690,2.0,ultramap,D,Moyen
plot_21691,2.0,ultramap,D,Faible
plot_21692,2.0,ultramap,D,Faible
plot_21693,2.0,ultramap,D,Moyen
plot_21694,2.0,ultramap,D,Moyen
plot_21695,2.0,ultramap,D,Moyen
plot_21696,1.0,ultramap,M,Faible
plot_21697,2.0,ultramap,D,Faible
plot_21698,2.0,ultramap,D,Moyen
plot_21699,2.0,ultramap,M,Faible
plot_21700,2.0,ultramap,D,Faible
plot_21701,2.0,ultramap,D,Moyen
plot_21702,2.0,ultramap,D,Faible
plot_21703,2.0,ultramap,D,Faible
plot_21704,2.0,ultramap,D,Faible
plot_21705,2.0,ultramap,D,Moyen
plot_21706,2.0,ultramap,D,Moyen
plot_21707,2.0,ultramap,D,Moyen
plot_21708,2.0,ultramap,D,Moyen
plot_21709,2.0,ultramap,D,Moyen
plot_21710,2.0,ultramap,D,Moyen
plot_21711,2.0,ultramap,D,Moyen
plot_21712,2.0,ultramap,D,Moyen
plot_21713,2.0,ultramap,D,Moyen
plot_21714,2.0,ultramap,C,Moyen
plot_21715,2.0,ultramap,D,Moyen
plot_21716,2.0,ultramap,D,Moyen
plot_21717,2.0,ultramap,D,Moyen
plot_21718,3.0,ultramap,D,Moyen
plot_21719,2.0,ultramap,D,Moyen
plot_21720,2.0,ultramap,D,Moyen
plot_21721,3.0,ultramap,D,Moyen
plot_21722,2.0,ultramap,D,Moyen
plot_21723,2.0,ultramap,D,Moyen
plot_21724,2.0,ultramap,M,Moyen
plot_21725,2.0,ultramap,D,Moyen
plot_21726,2.0,ultramap,D,Moyen
plot_21727,3.0,ultramap,D,Moyen
plot_21728,2.0,ultramap,D,Moyen
plot_21729,2.0,ultramap,C,Moyen
plot_21730,2.0,ultramap,D,Moyen
plot_21731,2.0,ultramap,D,Faible
plot_21732,2.0,ultramap,D,Moyen
plot_21733,3.0,ultramap,C,Moyen
plot_21734,2.0,ultramap,D,Moyen
plot_21735,3.0,ultramap,D,Élevé
plot_21736,2.0,ultramap,D,Élevé
plot_21737,2.0,ultramap,D,Élevé
plot_21738,3.0,ultramap,D,Élevé
plot_21739,2.0,ultramap,D,Moyen
plot_21740,2.0,ultramap,D,Moyen
plot_21741,2.0,ultramap,D,Moyen
plot_21742,2.0,ultramap,D,Moyen
plot_21743,2.0,ultramap,D,Moyen
plot_21744,3.0,ultramap,D,Moyen
plot_21745,1.0,ultramap,D,Faible
plot_21745,1.0,ultramap,D,Faible
plot_21745,1.0,ultramap,D,Faible
plot_21745,1.0,ultramap,D,Faible
plot_21746,1.0,ultramap,D,Faible
plot_21746,1.0,ultramap,D,Faible
plot_21746,1.0,ultramap,D,Faible
plot_21746,1.0,ultramap,D,Faible
plot_21747,1.0,ultramap,D,Faible
plot_21747,1.0,ultramap,D,Faible
plot_21747,1.0,ultramap,D,Faible
plot_21747,1.0,ultramap,D,Faible
plot_21748,1.0,ultramap,D,Faible
plot_21748,1.0,ultramap,D,Faible
plot_21748,1.0,ultramap,D,Faible
plot_21748,1.0,ultramap,D,Faible
plot_21749,1.0,ultramap,D,Faible
plot_21749,1.0,ultramap,D,Faible
plot_21749,1.0,ultramap,D,Faible
plot_21749,1.0,ultramap,D,Faible
plot_21750,1.0,ultramap,M,Faible
plot_21750,1.0,ultramap,M,Faible
plot_21750,1.0,ultramap,M,Faible
plot_21750,1.0,ultramap,M,Faible
plot_21751,1.0,ultramap,D,Faible
plot_21751,1.0,ultramap,D,Faible
plot_21751,1.0,ultramap,D,Faible
plot_21751,1.0,ultramap,D,Faible
plot_21752,1.0,ultramap,D,Faible
plot_21752,1.0,ultramap,D,Faible
plot_21752,1.0,ultramap,D,Faible
plot_21752,1.0,ultramap,D,Faible
plot_21753,1.0,ultramap,D,Faible
plot_21753,1.0,ultramap,D,Faible
plot_21753,1.0,ultramap,D,Faible
plot_21753,1.0,ultramap,D,Faible
plot_21754,1.0,ultramap,D,Faible
plot_21754,1.0,ultramap,D,Faible
plot_21754,1.0,ultramap,D,Faible
plot_21754,1.0,ultramap,D,Faible
plot_21755,1.0,ultramap,D,Faible
plot_21755,1.0,ultramap,D,Faible
plot_21755,1.0,ultramap,D,Faible
plot_21755,1.0,ultramap,D,Faible
plot_21756,1.0,ultramap,D,Faible
plot_21756,1.0,ultramap,D,Faible
plot_21756,1.0,ultramap,D,Faible
plot_21756,1.0,ultramap,D,Faible
plot_21757,1.0,ultramap,D,Faible
plot_21757,1.0,ultramap,D,Faible
plot_21757,1.0,ultramap,D,Faible
plot_21757,1.0,ultramap,D,Faible
plot_21758,1.0,ultramap,D,Faible
plot_21758,1.0,ultramap,D,Faible
plot_21758,1.0,ultramap,D,Faible
plot_21758,1.0,ultramap,D,Faible
plot_21759,1.0,ultramap,D,Faible
plot_21759,1.0,ultramap,D,Faible
plot_21759,1.0,ultramap,D,Faible
plot_21759,1.0,ultramap,D,Faible
plot_21760,1.0,ultramap,D,Faible
plot_21760,1.0,ultramap,D,Faible
plot_21760,1.0,ultramap,D,Faible
plot_21760,1.0,ultramap,D,Faible
plot_21761,1.0,ultramap,D,Faible
plot_21761,1.0,ultramap,D,Faible
plot_21761,1.0,ultramap,D,Faible
plot_21761,1.0,ultramap,D,Faible
plot_21762,1.0,ultramap,D,Faible
plot_21762,1.0,ultramap,D,Faible
plot_21762,1.0,ultramap,D,Faible
plot_21762,1.0,ultramap,D,Faible
plot_21763,1.0,ultramap,M,Faible
plot_21763,1.0,ultramap,M,Faible
plot_21763,1.0,ultramap,M,Faible
plot_21763,1.0,ultramap,M,Faible
plot_21764,1.0,ultramap,D,Faible
plot_21764,1.0,ultramap,D,Faible
plot_21764,1.0,ultramap,D,Faible
plot_21764,1.0,ultramap,D,Faible
plot_21765,1.0,ultramap,D,Faible
plot_21765,1.0,ultramap,D,Faible
plot_21765,1.0,ultramap,D,Faible
plot_21765,1.0,ultramap,D,Faible
plot_21766,1.0,ultramap,D,Faible
plot_21766,1.0,ultramap,D,Faible
plot_21766,1.0,ultramap,D,Faible
plot_21766,1.0,ultramap,D,Faible
plot_21767,1.0,ultramap,D,Faible
plot_21767,1.0,ultramap,D,Faible
plot_21767,1.0,ultramap,D,Faible
plot_21767,1.0,ultramap,D,Faible
plot_21768,1.0,ultramap,D,Faible
plot_21768,1.0,ultramap,D,Faible
plot_21768,1.0,ultramap,D,Faible
plot_21768,1.0,ultramap,D,Faible
plot_21769,1.0,ultramap,D,Faible
plot_21769,1.0,ultramap,D,Faible
plot_21769,1.0,ultramap,D,Faible
plot_21769,1.0,ultramap,D,Faible
plot_21770,1.0,ultramap,D,Faible
plot_21770,1.0,ultramap,D,Faible
plot_21770,1.0,ultramap,D,Faible
plot_21770,1.0,ultramap,D,Faible
plot_21771,1.0,ultramap,D,Faible
plot_21771,1.0,ultramap,D,Faible
plot_21771,1.0,ultramap,D,Faible
plot_21771,1.0,ultramap,D,Faible
plot_21772,1.0,ultramap,D,Faible
plot_21772,1.0,ultramap,D,Faible
plot_21772,1.0,ultramap,D,Faible
plot_21772,1.0,ultramap,D,Faible
plot_21773,2.0,ultramap,D,Faible
plot_21774,2.0,ultramap,D,Faible
plot_21775,2.0,ultramap,D,Moyen
plot_21776,2.0,ultramap,D,Faible
plot_21777,2.0,ultramap,D,Moyen
plot_21778,2.0,ultramap,D,Moyen
plot_21779,2.0,ultramap,D,Moyen
plot_21780,2.0,ultramap,D,Moyen
plot_21781,2.0,ultramap,D,Moyen
plot_21782,2.0,ultramap,D,Moyen
plot_21783,2.0,ultramap,D,Moyen
plot_21784,2.0,ultramap,D,Moyen
plot_21785,2.0,ultramap,D,Moyen
plot_21786,2.0,ultramap,D,Moyen
plot_21787,2.0,ultramap,D,Moyen
plot_21788,2.0,ultramap,D,Moyen
plot_21789,2.0,ultramap,M,Moyen
plot_21790,2.0,ultramap,D,Moyen
plot_21791,3.0,ultramap,D,Élevé
plot_21792,3.0,ultramap,D,Élevé
plot_21793,3.0,ultramap,D,Moyen
plot_21794,2.0,ultramap,D,Moyen
plot_21795,2.0,ultramap,D,Moyen
plot_21796,2.0,ultramap,D,Faible
plot_21797,3.0,ultramap,D,Élevé
plot_21798,3.0,ultramap,D,Moyen
plot_21799,3.0,ultramap,D,Moyen
plot_21800,3.0,ultramap,M,Moyen
plot_21801,2.0,ultramap,D,Moyen
plot_21802,3.0,ultramap,M,Moyen
plot_21803,3.0,ultramap,M,Élevé
plot_21804,3.0,ultramap,D,Moyen
plot_21805,3.0,ultramap,D,Moyen
plot_21806,3.0,ultramap,M,Élevé
plot_21807,3.0,ultramap,C,Élevé
plot_21808,3.0,ultramap,D,Élevé
plot_21809,3.0,ultramap,D,Élevé
plot_21810,3.0,ultramap,D,Moyen
plot_21811,3.0,ultramap,M,Élevé
plot_21812,3.0,ultramap,M,Élevé
plot_21813,3.0,ultramap,M,Élevé
plot_21814,3.0,ultramap,C,Élevé
plot_21815,3.0,ultramap,D,Élevé
plot_21816,3.0,ultramap,D,Moyen
plot_21817,3.0,ultramap,D,Élevé
plot_21818,3.0,ultramap,M,Élevé
plot_21819,3.0,ultramap,C,Élevé
plot_21820,3.0,ultramap,M,Élevé
plot_21821,3.0,ultramap,C,Élevé
plot_21822,3.0,ultramap,D,Élevé
plot_21823,3.0,ultramap,D,Élevé
plot_21824,3.0,ultramap,D,Élevé
plot_21825,3.0,ultramap,D,Élevé
plot_21826,3.0,ultramap,M,Élevé
plot_21827,3.0,ultramap,M,Élevé
plot_21828,3.0,ultramap,M,Élevé
plot_21829,3.0,ultramap,D,Élevé
plot_21830,3.0,ultramap,D,Élevé
plot_21831,3.0,ultramap,M,Élevé
plot_21832,3.0,ultramap,M,Élevé
plot_21833,3.0,ultramap,D,Élevé
plot_21834,3.0,ultramap,M,Élevé
plot_21835,2.0,ultramap,D,Élevé
plot_21836,2.0,ultramap,D,Élevé
plot_21837,3.0,ultramap,D,Élevé
plot_21838,3.0,ultramap,D,Élevé
plot_21839,3.0,ultramap,D,Moyen
plot_21840,3.0,ultramap,D,Élevé
plot_21841,3.0,ultramap,D,Élevé
plot_21842,3.0,ultramap,D,Élevé
plot_21843,3.0,ultramap,M,Élevé
plot_21844,3.0,ultramap,D,Élevé
plot_21845,3.0,ultramap,M,Élevé
plot_21846,3.0,ultramap,D,Moyen
plot_21847,3.0,ultramap,D,Moyen
plot_21848,3.0,ultramap,D,Moyen
plot_21849,3.0,ultramap,C,Élevé
plot_21850,3.0,ultramap,D,Élevé
plot_21851,2.0,ultramap,D,Élevé
plot_21852,3.0,ultramap,C,Élevé
plot_21853,3.0,ultramap,M,Élevé
plot_21854,2.0,ultramap,M,Élevé
plot_21855,3.0,ultramap,D,Élevé
plot_21856,3.0,ultramap,D,Moyen
plot_21857,2.0,ultramap,D,Élevé
plot_21858,2.0,ultramap,D,Moyen
plot_21915,1.0,micmac,D,Faible
plot_21916,2.0,micmac,D,Moyen
plot_21917,1.0,micmac,M,Moyen
plot_21918,1.0,micmac,C,Moyen
plot_21919,1.0,micmac,M,Moyen
plot_21920,1.0,micmac,D,Moyen
plot_21921,1.0,micmac,M,Moyen
plot_21922,2.0,micmac,D,Moyen
plot_21923,1.0,micmac,D,Moyen
plot_21924,2.0,micmac,D,Moyen
plot_21925,1.0,micmac,D,Moyen
plot_21926,2.0,micmac,D,Moyen
plot_21927,2.0,micmac,D,Moyen
plot_21928,1.0,micmac,D,Moyen
plot_21929,1.0,micmac,D,Moyen
plot_21930,1.0,micmac,D,Moyen
plot_21931,1.0,micmac,D,Moyen
plot_21932,1.0,micmac,D,Moyen
plot_21933,1.0,micmac,D,Moyen
plot_21934,1.0,micmac,D,Moyen
plot_21935,2.0,micmac,D,Moyen
plot_21936,1.0,micmac,D,Moyen
plot_21937,2.0,micmac,D,Moyen
plot_21938,2.0,micmac,D,Moyen
plot_21939,2.0,micmac,D,Moyen
plot_21940,2.0,micmac,D,Moyen
plot_21941,2.0,micmac,D,Moyen
plot_21942,2.0,micmac,C,Moyen
plot_21943,2.0,micmac,D,Moyen
plot_21944,2.0,micmac,D,Moyen
plot_21945,2.0,micmac,D,Moyen
plot_21946,2.0,micmac,M,Moyen
plot_21947,2.0,micmac,D,Moyen
plot_21948,2.0,micmac,D,Moyen
plot_21949,2.0,micmac,D,Moyen
plot_21950,2.0,micmac,D,Moyen
plot_21951,2.0,micmac,D,Moyen
plot_21952,2.0,micmac,D,Moyen
plot_21953,2.0,micmac,D,Moyen
plot_21954,2.0,micmac,D,Moyen
plot_21955,2.0,micmac,D,Moyen
plot_21956,2.0,micmac,D,Moyen
plot_21957,2.0,micmac,D,Moyen
plot_21958,2.0,micmac,D,Moyen
plot_21959,2.0,micmac,D,Moyen
plot_21960,2.0,micmac,D,Moyen
plot_21961,2.0,micmac,D,Moyen
plot_21962,2.0,micmac,D,Moyen
plot_21963,3.0,micmac,D,Moyen
plot_21964,3.0,micmac,D,Moyen
plot_21965,3.0,micmac,D,Moyen
plot_21966,3.0,micmac,D,Moyen
plot_21967,2.0,micmac,D,Moyen
plot_21968,3.0,micmac,M,Moyen
plot_21969,3.0,micmac,C,Moyen
plot_21970,3.0,micmac,D,Élevé
plot_21971,3.0,micmac,C,Élevé
plot_21972,3.0,micmac,M,Élevé
plot_21973,3.0,micmac,M,Élevé
plot_21974,3.0,micmac,C,Élevé
plot_21975,3.0,micmac,C,Élevé
plot_21976,3.0,ultramap,C,Élevé
plot_21977,2.0,ultramap,M,Élevé
plot_21978,2.0,ultramap,D,Élevé
plot_21979,3.0,ultramap,D,Élevé
plot_21980,2.0,ultramap,C,Élevé
plot_21981,3.0,ultramap,D,Élevé
plot_21982,3.0,ultramap,D,Élevé
plot_21983,3.0,ultramap,C,Élevé
plot_21984,3.0,ultramap,M,Élevé
plot_21985,3.0,ultramap,D,Élevé
plot_21986,2.0,ultramap,C,Élevé
plot_21987,2.0,ultramap,M,Élevé
plot_21988,2.0,ultramap,D,Élevé
plot_21989,2.0,ultramap,C,Moyen
plot_21990,3.0,ultramap,M,Élevé
plot_21991,3.0,ultramap,D,Élevé
plot_21992,3.0,ultramap,M,Élevé
plot_21993,2.0,ultramap,C,Élevé
plot_21994,2.0,ultramap,C,Élevé
plot_21995,2.0,ultramap,D,Moyen
plot_21996,3.0,ultramap,C,Élevé
plot_21997,3.0,ultramap,C,Élevé
plot_21998,2.0,ultramap,C,Moyen
plot_21999,2.0,ultramap,D,Élevé
plot_22000,2.0,ultramap,D,Moyen
plot_22001,2.0,ultramap,D,Moyen
plot_22002,2.0,ultramap,D,Moyen
plot_22003,3.0,ultramap,M,Élevé
plot_22004,3.0,ultramap,C,Élevé
plot_22005,3.0,ultramap,M,Élevé
plot_22006,3.0,ultramap,D,Élevé
plot_22007,2.0,ultramap,D,Élevé
plot_22008,2.0,ultramap,D,Élevé
plot_22009,3.0,ultramap,D,Élevé
plot_22010,3.0,ultramap,C,Élevé
plot_22011,3.0,ultramap,M,Élevé
plot_22012,3.0,ultramap,M,Élevé
plot_22013,3.0,ultramap,C,Élevé
plot_22014,3.0,ultramap,M,Élevé
plot_22015,2.0,ultramap,D,Élevé
plot_22016,2.0,ultramap,D,Élevé
plot_22017,2.0,ultramap,D,Moyen
plot_22018,2.0,ultramap,C,Moyen
plot_22019,3.0,ultramap,C,Élevé
plot_22020,3.0,ultramap,C,Élevé
plot_22021,3.0,ultramap,M,Élevé
plot_22022,3.0,ultramap,C,Élevé
plot_22023,3.0,ultramap,C,Élevé
plot_22024,2.0,ultramap,C,Élevé
plot_22025,3.0,ultramap,C,Élevé
plot_22026,3.0,ultramap,M,Élevé
plot_22027,3.0,ultramap,C,Élevé
plot_22028,3.0,ultramap,C,Élevé
plot_22029,3.0,ultramap,C,Élevé
plot_22030,3.0,ultramap,D,Élevé
plot_22031,3.0,ultramap,C,Élevé
plot_22032,3.0,ultramap,C,Élevé
plot_22033,3.0,ultramap,C,Élevé
plot_22034,3.0,ultramap,C,Élevé
plot_22035,3.0,ultramap,C,Élevé
plot_22036,3.0,ultramap,C,Élevé
plot_22037,3.0,ultramap,D,Élevé
plot_22038,3.0,ultramap,D,Élevé
plot_22039,3.0,ultramap,C,Élevé
plot_22040,3.0,ultramap,C,Élevé
plot_22041,3.0,ultramap,C,Élevé
plot_22042,3.0,ultramap,C,Élevé
plot_22043,3.0,ultramap,C,Élevé
plot_22044,3.0,ultramap,C,Élevé
plot_22045,3.0,ultramap,C,Élevé
plot_22046,3.0,ultramap,C,Élevé
plot_22047,3.0,ultramap,C,Élevé
plot_22048,3.0,ultramap,C,Élevé
plot_22049,3.0,ultramap,D,Élevé
plot_22050,3.0,ultramap,C,Élevé
plot_22051,3.0,ultramap,C,Élevé
plot_22052,3.0,ultramap,C,Élevé
plot_22053,3.0,ultramap,D,Élevé
plot_22054,3.0,ultramap,C,Élevé
plot_22055,3.0,ultramap,C,Élevé
plot_22056,3.0,ultramap,C,Élevé
plot_22057,3.0,ultramap,D,Élevé
plot_22058,3.0,ultramap,M,Élevé
plot_22059,3.0,ultramap,D,Élevé
plot_22060,3.0,ultramap,C,Élevé
plot_22061,3.0,micmac,C,Élevé
plot_22062,3.0,micmac,D,Élevé
plot_22063,3.0,micmac,C,Élevé
plot_22064,3.0,micmac,D,Élevé
plot_22065,3.0,micmac,M,Élevé
plot_22066,3.0,micmac,C,Élevé
plot_22067,3.0,micmac,D,Élevé
plot_22068,3.0,micmac,D,Élevé
plot_22069,3.0,micmac,C,Élevé
plot_22070,3.0,micmac,M,Élevé
plot_22071,3.0,micmac,C,Élevé
plot_22072,3.0,micmac,M,Élevé
plot_22073,3.0,micmac,D,Élevé
plot_22074,3.0,micmac,C,Élevé
plot_22075,3.0,micmac,M,Élevé
plot_22076,3.0,micmac,D,Élevé
plot_22077,3.0,micmac,C,Élevé
plot_22078,3.0,micmac,D,Élevé
plot_22079,3.0,micmac,M,Élevé
plot_22080,3.0,micmac,C,Élevé
plot_22081,3.0,micmac,C,Élevé
plot_22082,3.0,micmac,C,Élevé
plot_22083,3.0,micmac,C,Élevé
plot_22084,3.0,micmac,C,Élevé
plot_22085,3.0,micmac,C,Élevé
plot_22086,3.0,micmac,C,Élevé
plot_22087,3.0,micmac,D,Élevé
plot_22088,3.0,micmac,D,Élevé
plot_22089,3.0,micmac,C,Élevé
plot_22090,3.0,micmac,C,Élevé
plot_22091,3.0,micmac,D,Élevé
plot_22092,3.0,micmac,M,Élevé
plot_22093,3.0,micmac,C,Élevé
plot_22094,3.0,micmac,M,Élevé
plot_22095,3.0,micmac,M,Élevé
plot_22096,3.0,micmac,C,Élevé
plot_22097,3.0,micmac,C,Élevé
plot_22098,3.0,micmac,C,Élevé
plot_22099,3.0,micmac,C,Élevé
plot_22100,3.0,micmac,D,Élevé
plot_22101,3.0,micmac,C,Élevé
plot_22102,3.0,micmac,C,Élevé
plot_22103,3.0,micmac,C,Élevé
plot_22104,3.0,micmac,C,Élevé
plot_22105,3.0,micmac,C,Élevé
plot_22106,3.0,micmac,C,Élevé
plot_22107,3.0,micmac,C,Élevé
plot_22108,3.0,micmac,C,Élevé
plot_22109,3.0,micmac,C,Élevé
plot_22110,3.0,micmac,C,Élevé
plot_22111,3.0,micmac,C,Élevé
plot_22112,3.0,micmac,C,Élevé
plot_22113,3.0,ultramap,C,Élevé
plot_22114,3.0,ultramap,C,Élevé
plot_22115,3.0,ultramap,C,Élevé
plot_22116,3.0,ultramap,M,Élevé
plot_22117,3.0,ultramap,D,Élevé
plot_22118,3.0,ultramap,C,Élevé
plot_22119,3.0,ultramap,D,Élevé
plot_22120,3.0,ultramap,C,Élevé
plot_22121,3.0,ultramap,C,Élevé
plot_22122,3.0,ultramap,M,Élevé
plot_22123,3.0,ultramap,C,Élevé
plot_22124,3.0,ultramap,C,Moyen
plot_22125,3.0,ultramap,D,Élevé
plot_22126,3.0,ultramap,D,Élevé
plot_22127,3.0,ultramap,C,Élevé
plot_22128,3.0,ultramap,C,Élevé
plot_22129,3.0,ultramap,C,Élevé
plot_22130,3.0,ultramap,D,Élevé
plot_22131,3.0,ultramap,D,Élevé
plot_22132,3.0,ultramap,C,Élevé
plot_22133,3.0,ultramap,M,Élevé
plot_22134,3.0,ultramap,D,Élevé
plot_22135,3.0,ultramap,D,Faible
plot_22136,3.0,ultramap,M,Élevé
plot_22137,3.0,ultramap,D,Élevé
plot_22138,3.0,ultramap,M,Moyen
plot_22139,3.0,ultramap,D,Faible
plot_22140,3.0,ultramap,D,Élevé
plot_22141,3.0,ultramap,C,Élevé
plot_22142,3.0,ultramap,M,Faible
plot_22143,3.0,ultramap,M,Élevé
plot_22144,3.0,ultramap,C,Élevé
plot_22145,3.0,ultramap,D,Élevé
plot_22146,3.0,ultramap,M,Élevé
plot_22147,3.0,ultramap,D,Moyen
plot_22148,3.0,ultramap,C,Élevé
plot_22149,3.0,ultramap,C,Élevé
plot_22150,3.0,ultramap,C,Élevé
plot_22151,3.0,ultramap,D,Élevé
plot_22152,3.0,ultramap,D,Élevé
plot_22153,3.0,ultramap,D,Élevé
plot_22154,3.0,ultramap,C,Moyen
plot_22155,3.0,ultramap,D,Moyen
plot_22156,3.0,ultramap,C,Élevé
plot_22157,3.0,ultramap,M,Élevé
plot_22158,3.0,ultramap,C,Élevé
plot_22159,2.0,ultramap,C,Élevé
plot_22160,2.0,ultramap,C,Élevé
plot_22161,2.0,ultramap,C,Élevé
plot_22162,3.0,ultramap,D,Élevé
plot_22163,2.0,ultramap,D,Élevé
plot_22164,3.0,ultramap,M,Élevé
plot_22165,2.0,ultramap,D,Élevé
plot_22166,2.0,ultramap,C,Élevé
plot_22167,2.0,ultramap,C,Élevé
plot_22168,3.0,ultramap,C,Élevé
plot_22169,3.0,ultramap,D,Élevé
plot_22170,3.0,ultramap,M,Élevé
plot_22171,3.0,ultramap,M,Élevé
plot_22172,3.0,ultramap,D,Élevé
plot_22173,2.0,ultramap,D,Élevé
plot_22174,2.0,ultramap,D,Élevé
plot_22175,3.0,ultramap,M,Élevé
plot_22176,3.0,ultramap,D,Élevé
plot_22177,3.0,ultramap,D,Élevé
plot_22178,3.0,ultramap,C,Élevé
plot_22179,3.0,ultramap,D,Moyen
plot_22180,3.0,ultramap,D,Moyen
plot_22181,3.0,ultramap,D,Élevé
plot_22182,3.0,ultramap,D,Élevé
plot_22183,3.0,ultramap,D,Élevé
plot_22184,3.0,ultramap,D,Élevé
plot_22185,3.0,ultramap,C,Élevé
plot_22186,3.0,ultramap,D,Moyen
plot_22187,3.0,ultramap,D,Moyen
plot_22188,3.0,ultramap,D,Élevé
plot_22189,3.0,ultramap,C,Moyen
plot_22190,3.0,ultramap,D,Élevé
plot_22191,3.0,ultramap,C,Élevé
plot_22192,3.0,ultramap,D,Élevé
plot_22193,3.0,ultramap,D,Élevé
plot_22194,3.0,ultramap,D,Moyen
plot_22195,3.0,ultramap,D,Élevé
plot_22196,3.0,ultramap,D,Moyen
plot_22197,3.0,ultramap,M,Élevé
plot_22198,3.0,ultramap,M,Élevé
plot_22199,3.0,ultramap,M,Élevé
plot_22200,3.0,ultramap,D,Élevé
plot_22201,3.0,ultramap,D,Élevé
plot_22202,3.0,ultramap,C,Moyen
plot_22203,3.0,ultramap,C,Moyen
plot_22204,2.0,ultramap,D,Moyen
plot_22205,3.0,ultramap,D,Moyen
plot_22206,3.0,ultramap,D,Moyen
plot_22207,3.0,ultramap,M,Moyen
plot_22208,3.0,ultramap,D,Élevé
plot_22209,3.0,ultramap,M,Moyen
plot_22210,3.0,ultramap,M,Élevé
plot_22211,3.0,ultramap,D,Élevé
plot_22212,3.0,ultramap,D,Élevé
plot_22213,3.0,ultramap,M,Moyen
plot_22214,3.0,ultramap,D,Élevé
plot_22215,2.0,ultramap,D,Moyen
plot_22216,2.0,ultramap,D,Moyen
plot_22217,2.0,ultramap,D,Moyen
plot_22218,2.0,ultramap,D,Moyen
plot_22219,3.0,ultramap,M,Moyen
plot_22220,3.0,ultramap,M,Moyen
plot_22221,3.0,ultramap,M,Élevé
plot_22222,3.0,ultramap,M,Élevé
plot_22223,3.0,ultramap,D,Moyen
plot_22224,3.0,ultramap,M,Élevé
plot_22225,3.0,ultramap,D,Moyen
plot_22226,3.0,ultramap,D,Élevé
plot_22227,2.0,ultramap,D,Élevé
plot_22228,2.0,ultramap,D,Moyen
plot_22229,2.0,ultramap,M,Moyen
plot_22230,3.0,ultramap,D,Moyen
plot_22231,3.0,ultramap,C,Moyen
plot_22232,3.0,ultramap,D,Élevé
plot_22233,3.0,ultramap,D,Élevé
plot_22234,3.0,ultramap,D,Moyen
plot_22235,3.0,ultramap,D,Moyen
plot_22236,3.0,ultramap,D,Moyen
plot_22237,2.0,ultramap,D,Moyen
plot_22238,2.0,ultramap,D,Moyen
plot_22239,2.0,ultramap,M,Moyen
plot_22240,2.0,ultramap,D,Moyen
plot_22241,2.0,ultramap,M,Moyen
plot_22242,3.0,ultramap,D,Moyen
plot_22243,3.0,ultramap,D,Moyen
plot_22244,3.0,ultramap,D,Moyen
plot_22245,2.0,ultramap,C,Faible
plot_22246,2.0,ultramap,D,Moyen
plot_22247,2.0,ultramap,D,Moyen
plot_22248,2.0,ultramap,D,Moyen
plot_22249,2.0,ultramap,D,Moyen
plot_22250,2.0,ultramap,D,Faible
plot_22251,2.0,micmac,D,Moyen
plot_22252,1.0,micmac,D,Faible
plot_22253,1.0,micmac,D,Moyen
plot_22254,2.0,micmac,D,Faible
plot_22255,1.0,micmac,C,Moyen
plot_22256,1.0,micmac,D,Moyen
plot_22257,1.0,micmac,C,Faible
plot_22258,1.0,micmac,D,Moyen
plot_22259,1.0,micmac,D,Faible
plot_22260,1.0,micmac,D,Moyen
plot_22261,2.0,micmac,D,Moyen
plot_22262,1.0,micmac,M,Faible
plot_22263,1.0,micmac,C,Moyen
plot_22264,1.0,micmac,D,Moyen
plot_22265,1.0,micmac,D,Moyen
plot_22266,2.0,micmac,D,Faible
plot_22267,2.0,micmac,D,Moyen
plot_22268,1.0,micmac,D,Moyen
plot_22269,1.0,micmac,D,Moyen
plot_22270,1.0,micmac,D,Faible
plot_22271,1.0,micmac,C,Moyen
plot_22272,2.0,micmac,D,Moyen
plot_22273,1.0,micmac,D,Moyen
plot_22274,1.0,micmac,M,Faible
plot_22275,1.0,micmac,D,Moyen
plot_22276,1.0,micmac,D,Moyen
plot_22277,1.0,micmac,D,Faible
plot_22278,2.0,micmac,D,Moyen
plot_22279,2.0,micmac,D,Faible
plot_22280,1.0,micmac,D,Moyen
plot_22281,2.0,micmac,D,Faible
plot_22282,2.0,micmac,C,Faible
plot_22283,1.0,micmac,D,Faible
plot_22284,2.0,micmac,D,Moyen
plot_22285,1.0,micmac,D,Moyen
plot_22286,1.0,micmac,D,Faible
plot_22287,1.0,micmac,D,Faible
plot_22288,1.0,micmac,M,Moyen
plot_22289,2.0,micmac,D,Moyen
plot_22290,2.0,micmac,D,Faible
plot_22291,1.0,micmac,M,Moyen
plot_22292,1.0,micmac,D,Faible
plot_22293,1.0,micmac,D,Faible
plot_22294,1.0,micmac,D,Faible
plot_22295,2.0,micmac,D,Moyen
plot_22296,2.0,micmac,D,Moyen
plot_22297,1.0,micmac,D,Moyen
plot_22298,2.0,micmac,D,Moyen
plot_22299,1.0,micmac,D,Faible
plot_22300,2.0,micmac,D,Moyen
plot_22301,1.0,micmac,D,Faible
plot_22302,2.0,micmac,D,Moyen
plot_22303,2.0,micmac,D,Faible
plot_22304,2.0,micmac,D,Moyen
plot_22305,1.0,micmac,D,Moyen
plot_22306,1.0,micmac,D,Moyen
plot_22307,2.0,micmac,C,Moyen
plot_22308,2.0,micmac,D,Moyen
plot_22309,2.0,micmac,D,Moyen
plot_22310,3.0,micmac,D,Élevé
plot_22311,2.0,micmac,D,Moyen
plot_22312,3.0,micmac,D,Élevé
plot_22313,3.0,micmac,D,Élevé
plot_22314,3.0,micmac,D,Élevé
plot_22315,3.0,micmac,D,Élevé
plot_22316,2.0,micmac,D,Moyen
plot_22317,2.0,micmac,D,Élevé
plot_22318,3.0,micmac,D,Élevé
plot_22319,2.0,micmac,D,Élevé
plot_22320,3.0,micmac,D,Élevé
plot_22321,3.0,micmac,D,Élevé
plot_22322,2.0,micmac,D,Moyen
plot_22323,3.0,micmac,D,Élevé
plot_22324,3.0,micmac,D,Élevé
plot_22325,3.0,micmac,D,Élevé
plot_22326,3.0,micmac,D,Élevé
plot_22327,2.0,micmac,D,Moyen
plot_22328,2.0,micmac,D,Moyen
plot_22329,3.0,micmac,D,Élevé
plot_22330,3.0,micmac,D,Élevé
plot_22331,3.0,micmac,D,Élevé
plot_22332,3.0,micmac,D,Moyen
plot_22333,3.0,micmac,D,Élevé
plot_22334,3.0,micmac,D,Élevé
plot_22335,3.0,micmac,D,Élevé
plot_22336,2.0,micmac,D,Élevé
plot_22337,3.0,micmac,D,Élevé
plot_22338,3.0,micmac,M,Élevé
plot_22339,3.0,micmac,D,Élevé
plot_22340,3.0,micmac,D,Élevé
plot_22341,3.0,micmac,D,Élevé
plot_22342,3.0,micmac,M,Élevé
plot_22343,3.0,micmac,D,Élevé
plot_22344,2.0,micmac,D,Moyen
plot_22345,3.0,micmac,D,Élevé
plot_22346,3.0,micmac,D,Élevé
plot_22347,3.0,micmac,D,Élevé
plot_22348,3.0,micmac,D,Élevé
plot_22349,3.0,micmac,M,Élevé
plot_22350,2.0,micmac,D,Moyen
plot_22351,3.0,micmac,D,Élevé
plot_22352,3.0,micmac,D,Élevé
plot_22353,3.0,micmac,D,Élevé
plot_22354,3.0,micmac,M,Élevé
plot_22355,3.0,micmac,D,Élevé
plot_22356,2.0,micmac,D,Moyen
plot_22357,2.0,micmac,M,Moyen
plot_22358,3.0,micmac,D,Élevé
plot_22359,3.0,micmac,D,Élevé
plot_22360,3.0,micmac,C,Élevé
plot_22361,3.0,micmac,D,Élevé
plot_22362,2.0,micmac,D,Moyen
plot_22363,3.0,micmac,D,Élevé
plot_22364,3.0,micmac,M,Élevé
plot_22365,3.0,micmac,M,Élevé
plot_22366,3.0,micmac,D,Élevé
plot_22367,3.0,micmac,M,Élevé
plot_22368,3.0,micmac,C,Élevé
plot_22369,3.0,micmac,D,Élevé
plot_22370,3.0,micmac,M,Élevé
plot_22371,3.0,micmac,D,Élevé
plot_22372,3.0,micmac,M,Élevé
plot_22373,3.0,micmac,C,Élevé
plot_22374,1.0,micmac,D,Faible
plot_22375,1.0,micmac,M,Faible
plot_22376,1.0,micmac,D,Moyen
plot_22377,1.0,micmac,D,Moyen
plot_22378,1.0,micmac,M,Faible
plot_22379,1.0,micmac,D,Faible
plot_22380,1.0,micmac,M,Faible
plot_22381,1.0,micmac,D,Moyen
plot_22382,1.0,micmac,M,Faible
plot_22383,1.0,micmac,D,Moyen
plot_22384,1.0,micmac,D,Moyen
plot_22385,1.0,micmac,D,Moyen
plot_22386,1.0,micmac,D,Moyen
plot_22387,1.0,micmac,D,Faible
plot_22388,1.0,micmac,D,Faible
plot_22389,1.0,micmac,C,Faible
plot_22390,1.0,micmac,D,Faible
plot_22391,1.0,micmac,M,Faible
plot_22392,1.0,micmac,D,Faible
plot_22393,1.0,micmac,C,Faible
plot_22394,1.0,micmac,D,Faible
plot_22395,1.0,micmac,D,Faible
plot_22396,1.0,micmac,D,Faible
plot_22397,1.0,micmac,D,Faible
plot_22398,1.0,micmac,D,Faible
plot_22399,1.0,micmac,D,Faible
plot_22400,1.0,micmac,D,Faible
plot_22401,1.0,micmac,D,Faible
plot_22402,1.0,micmac,D,Faible
plot_22403,1.0,micmac,D,Faible
plot_22404,2.0,micmac,D,Moyen
plot_22405,1.0,micmac,D,Faible
plot_22406,1.0,micmac,D,Faible
plot_22407,1.0,micmac,D,Faible
plot_22408,2.0,micmac,D,Moyen
plot_22409,1.0,micmac,D,Faible
plot_22410,1.0,micmac,D,Faible
plot_22411,2.0,micmac,D,Faible
plot_22412,1.0,micmac,D,Faible
plot_22413,2.0,micmac,D,Moyen
plot_22414,2.0,micmac,D,Moyen
plot_22415,2.0,micmac,D,Faible
plot_22416,2.0,micmac,D,Moyen
plot_22417,1.0,micmac,D,Faible
plot_22418,2.0,micmac,D,Moyen
plot_22419,1.0,micmac,D,Faible
plot_22420,2.0,micmac,D,Moyen
plot_22421,2.0,micmac,D,Moyen
plot_22422,1.0,micmac,D,Faible
plot_22423,2.0,micmac,D,Moyen
plot_22424,2.0,micmac,D,Moyen
plot_22425,2.0,micmac,D,Moyen
plot_22427,2.0,micmac,D,Moyen
plot_22428,2.0,micmac,D,Moyen
plot_22429,2.0,micmac,D,Moyen
plot_22430,2.0,micmac,D,Moyen
plot_22431,2.0,micmac,D,Moyen
plot_22432,2.0,micmac,D,Moyen
plot_22433,2.0,micmac,D,Moyen
plot_22434,2.0,ultramap,D,Moyen
plot_22435,2.0,ultramap,D,Faible
plot_22436,2.0,ultramap,D,Moyen
plot_22437,2.0,ultramap,D,Moyen
plot_22438,2.0,ultramap,D,Moyen
plot_22439,2.0,ultramap,D,Moyen
plot_22440,3.0,ultramap,C,Élevé
plot_22441,2.0,ultramap,D,Moyen
plot_22442,2.0,ultramap,M,Moyen
plot_22443,2.0,ultramap,D,Élevé
plot_22444,3.0,ultramap,M,Élevé
plot_22445,3.0,ultramap,D,Élevé
plot_22446,2.0,ultramap,D,Élevé
plot_22447,2.0,ultramap,D,Moyen
plot_22448,2.0,ultramap,D,Moyen
plot_22449,3.0,ultramap,C,Élevé
plot_22450,3.0,ultramap,C,Élevé
plot_22451,3.0,ultramap,D,Élevé
plot_22452,2.0,ultramap,C,Moyen
plot_22453,2.0,ultramap,C,Faible
plot_22454,2.0,ultramap,D,Moyen
plot_22455,2.0,ultramap,C,Moyen
plot_22456,3.0,ultramap,D,Élevé
plot_22457,2.0,ultramap,D,Faible
plot_22458,2.0,ultramap,C,Moyen
plot_22459,3.0,ultramap,D,Élevé
plot_22460,2.0,ultramap,D,Moyen
plot_22461,2.0,ultramap,D,Élevé
plot_22462,2.0,ultramap,C,Élevé
plot_22463,3.0,ultramap,D,Moyen
plot_22464,3.0,ultramap,D,Moyen
plot_22465,3.0,ultramap,D,Élevé
plot_22466,3.0,ultramap,C,Élevé
plot_22467,3.0,ultramap,C,Élevé
plot_22468,2.0,ultramap,D,Faible
plot_22469,2.0,ultramap,D,Moyen
plot_22470,3.0,ultramap,D,Élevé
plot_22471,2.0,ultramap,C,Faible
plot_22472,2.0,ultramap,D,Élevé
plot_22473,2.0,ultramap,D,Moyen
plot_22474,2.0,ultramap,M,Élevé
plot_22475,2.0,ultramap,D,Moyen
plot_22476,2.0,ultramap,D,Moyen
plot_22477,2.0,ultramap,C,Faible
plot_22478,2.0,ultramap,C,Moyen
plot_22479,2.0,ultramap,D,Élevé
plot_22480,2.0,ultramap,D,Faible
plot_22481,2.0,ultramap,D,Élevé
plot_22482,2.0,ultramap,D,Moyen
plot_22483,2.0,ultramap,D,Élevé
plot_22484,2.0,ultramap,C,Faible
plot_22485,2.0,ultramap,C,Moyen
plot_22486,2.0,ultramap,D,Faible
plot_22487,2.0,ultramap,D,Faible
plot_22488,2.0,ultramap,D,Moyen
plot_22489,2.0,ultramap,D,Moyen
plot_22490,2.0,ultramap,D,Faible
plot_22491,2.0,ultramap,D,Moyen
plot_22492,2.0,ultramap,D,Moyen
plot_22493,2.0,ultramap,C,Faible
plot_22494,2.0,ultramap,C,Faible
plot_22495,2.0,ultramap,D,Moyen
plot_22496,2.0,micmac,D,Moyen
plot_22497,2.0,micmac,D,Moyen
plot_22498,2.0,micmac,D,Moyen
plot_22499,2.0,micmac,D,Moyen
plot_22500,2.0,micmac,D,Moyen
plot_22501,2.0,micmac,D,Moyen
plot_22502,2.0,micmac,D,Moyen
plot_22503,2.0,micmac,D,Moyen
plot_22504,2.0,micmac,D,Moyen
plot_22505,2.0,micmac,D,Faible
plot_22506,2.0,micmac,D,Moyen
plot_22507,2.0,micmac,D,Moyen
plot_22508,2.0,micmac,D,Moyen
plot_22509,2.0,micmac,D,Moyen
plot_22510,2.0,micmac,D,Moyen
plot_22511,2.0,micmac,D,Moyen
plot_22512,2.0,micmac,D,Élevé
plot_22513,2.0,micmac,D,Moyen
plot_22514,2.0,micmac,D,Élevé
plot_22515,2.0,micmac,D,Élevé
plot_22516,2.0,micmac,D,Élevé
plot_22517,2.0,micmac,D,Élevé
plot_22518,2.0,micmac,D,Moyen
plot_22519,2.0,micmac,D,Moyen
plot_22520,2.0,micmac,D,Élevé
plot_22521,2.0,micmac,D,Moyen
plot_22522,2.0,micmac,D,Moyen
plot_22523,2.0,micmac,D,Moyen
plot_22524,2.0,micmac,D,Élevé
plot_22525,2.0,micmac,D,Moyen
plot_22526,2.0,micmac,D,Élevé
plot_22527,2.0,micmac,D,Élevé
plot_22528,2.0,micmac,D,Moyen
plot_22529,2.0,micmac,D,Élevé
plot_22530,2.0,micmac,D,Moyen
plot_22531,2.0,micmac,D,Élevé
plot_22532,2.0,micmac,D,Élevé
plot_22533,2.0,micmac,C,Élevé
plot_22534,2.0,micmac,D,Moyen
plot_22535,2.0,micmac,D,Élevé
plot_22536,2.0,micmac,D,Élevé
plot_22537,2.0,micmac,D,Élevé
plot_22538,2.0,micmac,C,Moyen
plot_22539,3.0,micmac,D,Élevé
plot_22540,2.0,micmac,D,Élevé
plot_22541,2.0,micmac,C,Élevé
plot_22542,3.0,micmac,D,Élevé
plot_22543,2.0,micmac,D,Élevé
plot_22544,2.0,micmac,D,Moyen
plot_22545,2.0,micmac,D,Élevé
plot_22546,2.0,micmac,D,Élevé
plot_22547,2.0,micmac,D,Élevé
plot_22548,2.0,micmac,D,Moyen
plot_22549,2.0,micmac,D,Élevé
plot_22550,3.0,micmac,D,Élevé
plot_22551,2.0,micmac,C,Élevé
plot_22552,2.0,micmac,C,Élevé
plot_22553,2.0,micmac,D,Élevé
plot_22554,2.0,micmac,D,Élevé
plot_22555,2.0,micmac,D,Élevé
plot_22556,2.0,micmac,D,Élevé
plot_22557,2.0,micmac,D,Élevé
plot_22558,2.0,micmac,D,Élevé
plot_22559,3.0,micmac,D,Élevé
plot_22560,2.0,micmac,C,Moyen
plot_22561,2.0,micmac,C,Élevé
plot_22562,2.0,micmac,D,Élevé
plot_22563,3.0,micmac,D,Élevé
plot_22564,2.0,micmac,M,Élevé
plot_22565,3.0,micmac,D,Élevé
plot_22566,3.0,micmac,D,Élevé
plot_22567,2.0,micmac,C,Élevé
plot_22568,2.0,micmac,C,Élevé
plot_22569,2.0,micmac,M,Élevé
plot_22570,2.0,micmac,C,Élevé
plot_22571,2.0,micmac,D,Élevé
plot_22572,2.0,micmac,D,Élevé
plot_22573,2.0,micmac,D,Élevé
plot_22574,2.0,ultramap,C,Faible
plot_22575,2.0,ultramap,C,Faible
plot_22576,2.0,ultramap,C,Faible
plot_22577,2.0,ultramap,D,Faible
plot_22578,2.0,ultramap,D,Faible
plot_22579,2.0,ultramap,M,Faible
plot_22580,2.0,ultramap,D,Faible
plot_22581,2.0,ultramap,C,Faible
plot_22582,2.0,ultramap,D,Faible
plot_22583,2.0,ultramap,D,Faible
plot_22584,2.0,ultramap,C,Faible
plot_22585,2.0,ultramap,C,Faible
plot_22586,2.0,ultramap,C,Faible
plot_22587,2.0,ultramap,C,Moyen
plot_22588,2.0,ultramap,M,Moyen
plot_22589,2.0,ultramap,C,Faible
plot_22590,2.0,ultramap,C,Moyen
plot_22591,2.0,ultramap,C,Faible
plot_22592,2.0,ultramap,D,Moyen
plot_22593,2.0,ultramap,M,Moyen
plot_22594,2.0,ultramap,C,Moyen
plot_22595,2.0,ultramap,C,Moyen
plot_22596,2.0,ultramap,C,Faible
plot_22597,2.0,ultramap,C,Moyen
plot_22598,2.0,ultramap,C,Moyen
plot_22599,2.0,ultramap,D,Moyen
plot_22600,2.0,ultramap,C,Moyen
plot_22601,2.0,ultramap,D,Moyen
plot_22602,2.0,ultramap,M,Moyen
plot_22603,2.0,ultramap,C,Moyen
plot_22604,2.0,ultramap,M,Moyen
plot_22605,2.0,ultramap,D,Élevé
plot_22606,2.0,ultramap,C,Moyen
plot_22607,2.0,ultramap,C,Moyen
plot_22608,2.0,ultramap,M,Moyen
plot_22609,2.0,ultramap,D,Moyen
plot_22610,2.0,ultramap,D,Moyen
plot_22611,2.0,ultramap,M,Moyen
plot_22612,2.0,ultramap,C,Moyen
plot_22613,2.0,ultramap,M,Moyen
plot_22614,2.0,ultramap,C,Moyen
plot_22615,2.0,ultramap,M,Moyen
plot_22616,1.0,ultramap,D,Faible
plot_22617,1.0,ultramap,D,Faible
plot_22618,1.0,micmac,D,Moyen
plot_22619,1.0,ultramap,D,Moyen
plot_22620,1.0,ultramap,D,Moyen
plot_22621,1.0,ultramap,D,Moyen
plot_22622,1.0,ultramap,D,Faible
plot_22623,1.0,ultramap,D,Faible
plot_22624,1.0,ultramap,D,Faible
plot_22625,1.0,ultramap,D,Faible
plot_22626,1.0,ultramap,D,Faible
plot_22627,1.0,ultramap,D,Moyen
plot_22628,1.0,ultramap,C,Faible
plot_22629,1.0,ultramap,D,Moyen
plot_22630,1.0,ultramap,D,Faible
plot_22631,1.0,ultramap,D,Faible
plot_22632,1.0,ultramap,D,Faible
plot_22633,1.0,ultramap,M,Faible
plot_22634,1.0,ultramap,D,Faible
plot_22635,1.0,ultramap,D,Faible
plot_22636,1.0,ultramap,M,Faible
plot_22637,1.0,ultramap,D,Moyen
plot_22638,2.0,micmac,D,Moyen
plot_22639,2.0,micmac,D,Moyen
plot_22640,2.0,micmac,C,Élevé
plot_22641,2.0,micmac,D,Élevé
plot_22642,2.0,micmac,D,Élevé
plot_22643,2.0,micmac,D,Élevé
plot_22644,2.0,micmac,D,Élevé
plot_22645,2.0,micmac,D,Élevé
plot_22646,3.0,micmac,D,Élevé
plot_22647,2.0,micmac,D,Élevé
plot_22648,2.0,micmac,M,Élevé
plot_22649,2.0,micmac,D,Élevé
plot_22650,3.0,micmac,D,Moyen
plot_22651,2.0,micmac,D,Élevé
plot_22652,2.0,micmac,C,Élevé
plot_22653,2.0,micmac,M,Moyen
plot_22654,2.0,micmac,D,Élevé
plot_22655,2.0,micmac,D,Élevé
plot_22656,2.0,micmac,M,Élevé
plot_22657,2.0,micmac,M,Moyen
plot_22658,3.0,micmac,C,Élevé
plot_22659,3.0,micmac,D,Élevé
plot_22660,3.0,micmac,D,Élevé
plot_22661,3.0,micmac,M,Élevé
plot_22662,3.0,micmac,C,Élevé
plot_22663,3.0,micmac,D,Élevé
plot_22664,3.0,micmac,D,Élevé
plot_22665,3.0,micmac,C,Élevé
plot_22666,2.0,micmac,C,Élevé
plot_22667,2.0,micmac,D,Élevé
plot_22668,2.0,micmac,C,Moyen
plot_22669,3.0,micmac,D,Élevé
plot_22670,3.0,micmac,D,Élevé
plot_22671,3.0,micmac,D,Élevé
plot_22672,3.0,micmac,D,Élevé
plot_22673,2.0,micmac,M,Élevé
plot_22674,3.0,micmac,D,Élevé
plot_22675,2.0,micmac,D,Élevé
plot_22676,2.0,micmac,D,Moyen
plot_22677,3.0,micmac,D,Élevé
plot_22678,2.0,micmac,D,Élevé
plot_22679,3.0,micmac,D,Élevé
plot_22680,2.0,micmac,D,Élevé
plot_22681,3.0,micmac,C,Élevé
plot_22682,3.0,micmac,C,Élevé
plot_22683,3.0,micmac,D,Élevé
plot_22684,3.0,micmac,D,Élevé
plot_22685,3.0,micmac,D,Élevé
plot_22686,3.0,micmac,D,Élevé
plot_22687,2.0,micmac,D,Élevé
plot_22688,3.0,micmac,D,Élevé
plot_22689,2.0,micmac,D,Élevé
plot_22690,2.0,micmac,D,Élevé
plot_22691,2.0,micmac,M,Élevé
plot_22692,2.0,micmac,D,Élevé
plot_22693,2.0,micmac,D,Élevé
plot_22694,2.0,micmac,M,Élevé
plot_22695,2.0,micmac,D,Élevé
plot_22696,2.0,micmac,C,Élevé
plot_22697,2.0,micmac,M,Élevé
plot_22698,2.0,micmac,M,Élevé
plot_22699,2.0,micmac,C,Élevé
plot_22700,2.0,micmac,C,Élevé
plot_22701,2.0,micmac,C,Élevé
plot_22702,2.0,micmac,D,Élevé
plot_22703,2.0,micmac,C,Élevé
plot_22704,2.0,micmac,M,Élevé
plot_22705,2.0,ultramap,D,Faible
plot_22706,2.0,ultramap,D,Faible
plot_22707,2.0,ultramap,D,Faible
plot_22708,2.0,ultramap,C,Faible
plot_22709,2.0,ultramap,D,Faible
plot_22710,2.0,ultramap,D,Faible
plot_22711,2.0,ultramap,D,Faible
plot_22712,2.0,ultramap,D,Faible
plot_22713,2.0,ultramap,D,Faible
plot_22714,2.0,ultramap,D,Faible
plot_22715,2.0,ultramap,D,Faible
plot_22716,2.0,ultramap,D,Faible
plot_22717,2.0,ultramap,D,Faible
plot_22718,2.0,ultramap,D,Faible
plot_22719,2.0,ultramap,D,Faible
plot_22720,2.0,ultramap,D,Faible
plot_22721,2.0,ultramap,D,Faible
plot_22722,2.0,ultramap,D,Faible
plot_22723,2.0,ultramap,D,Faible
plot_22724,2.0,ultramap,D,Faible
plot_22725,2.0,ultramap,M,Faible
plot_22726,2.0,ultramap,D,Faible
plot_22727,2.0,ultramap,D,Faible
plot_22728,2.0,ultramap,D,Faible
plot_22729,2.0,ultramap,D,Faible
plot_22730,2.0,ultramap,D,Faible
plot_22731,2.0,ultramap,D,Faible
plot_22732,2.0,ultramap,D,Faible
plot_22733,2.0,ultramap,D,Faible
plot_22734,2.0,ultramap,C,Faible
plot_22735,2.0,ultramap,C,Faible
plot_22736,2.0,ultramap,D,Faible
plot_22737,2.0,ultramap,D,Faible
plot_22738,2.0,ultramap,D,Faible
plot_22739,2.0,ultramap,D,Faible
plot_22740,2.0,ultramap,D,Faible
plot_22741,2.0,ultramap,D,Faible
plot_22742,2.0,ultramap,D,Faible
plot_22743,2.0,ultramap,D,Faible
plot_22744,2.0,ultramap,D,Faible
plot_22745,2.0,ultramap,D,Faible
plot_22746,2.0,ultramap,D,Faible
plot_22747,2.0,ultramap,D,Faible
plot_22748,2.0,ultramap,D,Faible
plot_22749,2.0,ultramap,D,Moyen
plot_22750,2.0,ultramap,D,Faible
plot_22751,2.0,ultramap,D,Faible
plot_22752,2.0,ultramap,D,Faible
plot_22753,2.0,ultramap,D,Faible
plot_22754,2.0,ultramap,D,Faible
plot_22755,2.0,ultramap,D,Moyen
plot_22756,2.0,ultramap,D,Faible
plot_22757,2.0,ultramap,M,Faible
plot_22758,2.0,ultramap,D,Moyen
plot_22759,2.0,ultramap,D,Moyen
plot_22760,2.0,ultramap,D,Moyen
plot_22761,2.0,ultramap,D,Faible
plot_22762,2.0,ultramap,D,Moyen
plot_22763,2.0,ultramap,C,Moyen
plot_22764,2.0,ultramap,M,Faible
plot_22765,2.0,ultramap,D,Faible
plot_22766,2.0,ultramap,M,Faible
plot_22767,2.0,ultramap,C,Faible
plot_22768,2.0,ultramap,C,Faible
plot_22769,2.0,ultramap,D,Faible
plot_22770,2.0,ultramap,D,Faible
plot_22771,2.0,ultramap,D,Faible
plot_22772,2.0,ultramap,D,Faible
plot_22773,2.0,ultramap,D,Faible
plot_22774,2.0,ultramap,D,Faible
plot_22775,2.0,ultramap,D,Faible
plot_22776,2.0,ultramap,D,Faible
plot_22777,2.0,ultramap,D,Faible
plot_22778,2.0,ultramap,D,Faible
plot_22779,2.0,ultramap,D,Faible
plot_22780,2.0,ultramap,D,Faible
plot_22781,2.0,ultramap,D,Faible
plot_22782,2.0,ultramap,D,Faible
plot_22783,2.0,ultramap,D,Faible
plot_22784,2.0,ultramap,D,Faible
plot_22785,2.0,ultramap,D,Faible
plot_22786,2.0,ultramap,D,Faible
plot_22787,2.0,ultramap,D,Faible
plot_22788,2.0,ultramap,D,Faible
plot_22789,2.0,ultramap,D,Faible
plot_22790,2.0,ultramap,D,Faible
plot_22791,2.0,ultramap,D,Faible
plot_22792,2.0,ultramap,D,Faible
plot_22793,2.0,ultramap,D,Faible
plot_22794,2.0,ultramap,D,Faible
plot_22795,2.0,ultramap,D,Faible
plot_22796,2.0,ultramap,D,Faible
plot_22797,2.0,ultramap,D,Faible
plot_22798,2.0,ultramap,M,Faible
plot_22799,2.0,ultramap,M,Faible
plot_22800,2.0,ultramap,C,Faible
plot_22801,2.0,ultramap,C,Faible
plot_22802,2.0,ultramap,C,Faible
plot_22803,2.0,ultramap,M,Faible
plot_22804,2.0,ultramap,D,Faible
plot_22805,2.0,ultramap,C,Faible
plot_22806,2.0,ultramap,D,Faible
plot_22807,2.0,ultramap,M,Faible
plot_22808,2.0,ultramap,D,Faible
plot_22809,2.0,ultramap,C,Faible
plot_22810,2.0,ultramap,C,Faible
plot_22811,2.0,ultramap,C,Faible
plot_22812,2.0,ultramap,D,Faible
plot_22813,2.0,ultramap,D,Faible
plot_22814,2.0,ultramap,C,Faible
plot_22815,2.0,ultramap,D,Faible
plot_22816,1.0,ultramap,C,Faible
plot_22817,1.0,ultramap,C,Faible
plot_22818,1.0,ultramap,M,Faible
plot_22819,1.0,ultramap,D,Faible
plot_22820,1.0,ultramap,D,Faible
plot_22821,1.0,ultramap,D,Faible
plot_22822,1.0,ultramap,D,Faible
plot_22823,1.0,ultramap,D,Faible
plot_22824,1.0,ultramap,D,Faible
plot_22825,1.0,ultramap,C,Faible
plot_22826,1.0,ultramap,D,Faible
plot_22827,1.0,ultramap,D,Faible
plot_22828,1.0,ultramap,C,Faible
plot_22829,1.0,ultramap,D,Faible
plot_22830,1.0,ultramap,D,Faible
plot_22831,1.0,ultramap,D,Faible
plot_22832,1.0,ultramap,C,Faible
plot_22833,1.0,ultramap,D,Faible
plot_22834,1.0,ultramap,D,Faible
plot_22835,1.0,ultramap,D,Faible
plot_22836,1.0,ultramap,C,Faible
plot_22837,1.0,ultramap,D,Faible
plot_22838,1.0,ultramap,D,Faible
plot_22839,1.0,ultramap,D,Faible
plot_22840,1.0,ultramap,D,Faible
plot_22841,1.0,ultramap,D,Faible
plot_22842,1.0,ultramap,D,Faible
plot_22843,1.0,ultramap,D,Faible
plot_22844,1.0,ultramap,D,Faible
plot_22845,1.0,ultramap,D,Faible
plot_22846,1.0,ultramap,D,Moyen
plot_22847,1.0,ultramap,D,Faible
plot_22848,1.0,ultramap,D,Moyen
plot_22849,1.0,ultramap,D,Moyen
plot_22850,1.0,ultramap,D,Moyen
plot_22851,1.0,ultramap,M,Moyen
plot_22852,1.0,ultramap,D,Moyen
plot_22853,1.0,ultramap,D,Moyen
plot_22854,1.0,ultramap,D,Faible
plot_22855,1.0,ultramap,D,Faible
plot_22856,1.0,ultramap,D,Faible
plot_22857,1.0,ultramap,D,Moyen
plot_22858,1.0,ultramap,D,Moyen
plot_22859,1.0,ultramap,C,Moyen
plot_22860,1.0,ultramap,D,Faible
plot_22861,1.0,ultramap,C,Faible
plot_22862,1.0,ultramap,D,Faible
plot_22863,1.0,ultramap,D,Faible
plot_22864,1.0,ultramap,D,Faible
plot_22865,1.0,ultramap,D,Faible
plot_22866,1.0,ultramap,D,Moyen
plot_22867,1.0,ultramap,D,Moyen
plot_22868,1.0,ultramap,D,Faible
plot_22869,1.0,ultramap,M,Moyen
plot_22870,1.0,ultramap,D,Moyen
plot_22871,1.0,ultramap,D,Faible
plot_22872,1.0,ultramap,D,Faible
plot_22873,2.0,ultramap,D,Moyen
plot_22874,1.0,ultramap,D,Faible
plot_22875,1.0,ultramap,D,Faible
plot_22876,1.0,ultramap,D,Moyen
plot_22877,1.0,ultramap,D,Faible
plot_22878,1.0,ultramap,D,Moyen
plot_22879,1.0,ultramap,D,Moyen
plot_22880,1.0,ultramap,D,Faible
plot_22881,1.0,ultramap,D,Faible
plot_22882,1.0,ultramap,D,Faible
plot_22883,1.0,ultramap,D,Faible
plot_22884,1.0,ultramap,D,Faible
plot_22885,1.0,ultramap,D,Moyen
plot_22886,1.0,ultramap,D,Moyen
plot_22887,1.0,ultramap,D,Faible
plot_22888,1.0,ultramap,D,Faible
plot_22889,1.0,ultramap,D,Faible
plot_22890,1.0,ultramap,D,Moyen
plot_22891,2.0,ultramap,D,Moyen
plot_22892,2.0,ultramap,D,Moyen
plot_22893,2.0,ultramap,D,Faible
plot_22894,2.0,ultramap,D,Moyen
plot_22895,2.0,ultramap,D,Moyen
plot_22896,2.0,ultramap,D,Moyen
plot_22897,2.0,ultramap,D,Faible
plot_22898,2.0,ultramap,M,Moyen
plot_22899,2.0,ultramap,D,Moyen
plot_22900,2.0,ultramap,D,Moyen
plot_22901,2.0,ultramap,D,Faible
plot_22902,2.0,ultramap,D,Moyen
plot_22903,2.0,ultramap,D,Moyen
plot_22904,2.0,ultramap,D,Moyen
plot_22905,2.0,ultramap,D,Moyen
plot_22906,2.0,ultramap,D,Moyen
plot_22907,2.0,ultramap,D,Élevé
plot_22908,2.0,ultramap,C,Moyen
plot_22909,2.0,ultramap,C,Moyen
plot_22910,2.0,ultramap,D,Moyen
plot_22911,2.0,ultramap,D,Moyen
plot_22912,2.0,ultramap,D,Élevé
plot_22913,2.0,ultramap,D,Moyen
plot_22914,2.0,ultramap,D,Moyen
plot_22915,2.0,ultramap,M,Moyen
plot_22916,2.0,ultramap,D,Élevé
plot_22917,2.0,ultramap,D,Moyen
plot_22918,2.0,ultramap,D,Moyen
plot_22919,2.0,ultramap,M,Élevé
plot_22920,2.0,ultramap,D,Élevé
plot_22921,2.0,ultramap,D,Moyen
plot_22922,2.0,ultramap,D,Moyen
plot_22923,2.0,ultramap,D,Moyen
plot_22924,2.0,ultramap,M,Élevé
plot_22925,2.0,ultramap,C,Élevé
plot_22926,2.0,ultramap,C,Élevé
plot_22927,2.0,ultramap,C,Élevé
plot_22928,2.0,ultramap,C,Élevé
plot_22929,2.0,ultramap,D,Moyen
plot_22930,2.0,ultramap,D,Moyen
plot_22931,2.0,ultramap,C,Élevé
plot_22932,2.0,ultramap,M,Élevé
plot_22933,2.0,ultramap,C,Élevé
plot_22934,2.0,ultramap,D,Élevé
plot_22935,2.0,ultramap,D,Moyen
plot_22936,2.0,ultramap,D,Moyen
plot_22937,2.0,ultramap,D,Élevé
plot_22938,2.0,ultramap,D,Élevé
plot_22939,2.0,ultramap,M,Élevé
plot_22940,2.0,ultramap,D,Élevé
plot_22941,2.0,ultramap,D,Élevé
plot_22942,2.0,ultramap,C,Élevé
plot_22943,2.0,ultramap,C,Élevé
plot_22944,2.0,ultramap,C,Élevé
plot_22945,2.0,ultramap,M,Élevé
plot_22946,2.0,ultramap,C,Élevé
plot_22947,2.0,ultramap,M,Élevé
plot_22948,2.0,ultramap,D,Élevé
plot_22949,2.0,ultramap,D,Moyen
plot_22950,2.0,ultramap,M,Élevé
plot_22951,2.0,ultramap,C,Élevé
plot_22952,2.0,ultramap,C,Élevé
plot_22953,2.0,ultramap,C,Élevé
plot_22954,2.0,ultramap,D,Élevé
plot_22955,2.0,ultramap,D,Élevé
plot_22956,2.0,ultramap,D,Élevé
plot_22957,2.0,ultramap,C,Élevé
plot_22958,2.0,ultramap,D,Moyen
plot_22959,2.0,ultramap,M,Élevé
plot_22960,2.0,ultramap,C,Élevé
plot_22961,2.0,ultramap,D,Élevé
plot_22962,2.0,ultramap,D,Élevé
plot_22963,2.0,ultramap,D,Élevé
plot_22964,2.0,ultramap,C,Élevé
plot_22965,2.0,ultramap,D,Élevé
plot_22966,2.0,ultramap,M,Moyen
plot_22967,2.0,ultramap,D,Moyen
plot_22968,2.0,ultramap,D,Moyen
plot_22969,2.0,ultramap,D,Moyen
plot_22970,2.0,ultramap,C,Élevé
plot_22971,2.0,ultramap,M,Élevé
plot_22972,2.0,ultramap,D,Élevé
plot_22973,2.0,ultramap,D,Moyen
plot_22974,2.0,ultramap,D,Élevé
plot_22975,2.0,ultramap,C,Élevé
plot_22976,2.0,ultramap,C,Élevé
plot_22977,2.0,ultramap,M,Élevé
plot_22978,2.0,ultramap,D,Élevé
plot_22979,2.0,ultramap,D,Élevé
plot_22980,2.0,ultramap,D,Élevé
plot_22981,2.0,ultramap,D,Moyen
plot_22982,2.0,ultramap,M,Élevé
plot_22983,2.0,ultramap,M,Élevé
plot_22984,2.0,ultramap,C,Élevé
plot_22985,2.0,ultramap,D,Élevé
plot_22986,2.0,ultramap,M,Élevé
plot_22987,2.0,ultramap,D,Élevé
plot_22988,2.0,ultramap,D,Élevé
plot_22989,2.0,ultramap,D,Moyen
plot_22990,2.0,ultramap,D,Élevé
plot_22991,2.0,ultramap,C,Moyen
plot_22992,2.0,ultramap,C,Élevé
plot_22993,2.0,ultramap,D,Élevé
plot_22994,2.0,ultramap,C,Élevé
plot_22995,2.0,ultramap,D,Élevé
plot_22996,2.0,ultramap,C,Élevé
plot_22997,2.0,ultramap,D,Élevé
plot_22998,2.0,ultramap,D,Élevé
plot_22999,2.0,ultramap,M,Élevé
plot_23000,2.0,ultramap,C,Élevé
plot_23001,2.0,ultramap,C,Élevé
plot_23002,2.0,ultramap,D,Élevé
plot_23003,2.0,ultramap,D,Élevé
plot_23004,2.0,ultramap,D,Élevé
plot_23005,2.0,ultramap,C,Élevé
plot_23134,2.0,ultramap,D,Moyen
plot_23135,2.0,ultramap,D,Moyen
plot_23136,2.0,ultramap,D,Moyen
plot_23137,2.0,ultramap,D,Moyen
plot_23138,2.0,ultramap,D,Moyen
plot_23139,2.0,ultramap,D,Moyen
plot_23140,2.0,ultramap,D,Moyen
plot_23141,2.0,ultramap,D,Moyen
plot_23142,2.0,ultramap,D,Moyen
plot_23143,2.0,ultramap,D,Moyen
plot_23144,2.0,ultramap,C,Élevé
plot_23145,2.0,ultramap,D,Moyen
plot_23146,2.0,ultramap,D,Moyen
plot_23147,2.0,ultramap,D,Moyen
plot_23148,2.0,ultramap,D,Moyen
plot_23149,2.0,ultramap,D,Moyen
plot_23150,2.0,ultramap,D,Moyen
plot_23151,2.0,ultramap,D,Élevé
plot_23152,2.0,ultramap,D,Moyen
plot_23153,2.0,ultramap,D,Moyen
plot_23154,2.0,ultramap,D,Moyen
plot_23155,2.0,ultramap,D,Élevé
plot_23156,2.0,ultramap,D,Élevé
plot_23157,2.0,ultramap,C,Élevé
plot_23158,2.0,ultramap,D,Moyen
plot_23159,2.0,ultramap,D,Moyen
plot_23160,2.0,ultramap,D,Élevé
plot_23161,2.0,ultramap,D,Élevé
plot_23162,2.0,ultramap,C,Élevé
plot_23163,2.0,ultramap,D,Moyen
plot_23164,2.0,ultramap,D,Élevé
plot_23165,2.0,ultramap,C,Élevé
plot_23166,2.0,ultramap,D,Moyen
plot_23167,2.0,ultramap,D,Moyen
plot_23168,2.0,ultramap,D,Moyen
plot_23169,2.0,ultramap,D,Moyen
plot_23170,2.0,ultramap,D,Moyen
plot_23171,2.0,ultramap,D,Élevé
plot_23172,2.0,ultramap,C,Élevé
plot_23173,2.0,ultramap,C,Élevé
plot_23174,2.0,ultramap,D,Élevé
plot_23175,2.0,ultramap,C,Moyen
plot_23176,2.0,ultramap,D,Élevé
plot_23177,2.0,ultramap,D,Élevé
plot_23178,2.0,ultramap,D,Élevé
plot_23179,2.0,ultramap,D,Moyen
plot_23180,2.0,ultramap,D,Moyen
plot_23181,2.0,ultramap,D,Élevé
plot_23182,2.0,ultramap,D,Élevé
plot_23183,2.0,ultramap,M,Élevé
plot_23184,2.0,ultramap,C,Élevé
plot_23185,2.0,ultramap,D,Élevé
plot_23186,2.0,ultramap,D,Élevé
plot_23187,2.0,ultramap,C,Élevé
plot_23188,2.0,ultramap,C,Élevé
plot_23189,2.0,ultramap,D,Moyen
plot_23190,2.0,ultramap,D,Élevé
plot_23191,2.0,ultramap,C,Élevé
plot_23192,2.0,ultramap,D,Élevé
plot_23193,2.0,ultramap,D,Élevé
plot_23194,2.0,ultramap,D,Élevé
plot_23195,2.0,ultramap,M,Élevé
plot_23196,2.0,ultramap,M,Élevé
plot_23197,2.0,ultramap,D,Élevé
plot_23198,2.0,ultramap,D,Moyen
plot_23199,2.0,ultramap,C,Élevé
plot_23200,2.0,ultramap,D,Élevé
plot_23201,2.0,ultramap,D,Élevé
plot_23202,2.0,ultramap,C,Élevé
plot_23203,2.0,ultramap,D,Élevé
plot_23204,2.0,ultramap,C,Élevé
plot_23205,2.0,ultramap,M,Faible
plot_23206,2.0,ultramap,C,Faible
plot_23207,2.0,ultramap,D,Faible
plot_23208,2.0,ultramap,D,Faible
plot_23209,2.0,ultramap,D,Faible
plot_23210,2.0,ultramap,D,Faible
plot_23211,2.0,ultramap,C,Faible
plot_23212,2.0,ultramap,D,Faible
plot_23213,2.0,ultramap,D,Faible
plot_23214,2.0,ultramap,D,Faible
plot_23215,2.0,ultramap,D,Faible
plot_23216,2.0,ultramap,D,Faible
plot_23217,2.0,ultramap,D,Faible
plot_23218,2.0,ultramap,D,Faible
plot_23219,2.0,ultramap,C,Faible
plot_23220,2.0,ultramap,D,Faible
plot_23221,2.0,ultramap,D,Faible
plot_23222,2.0,ultramap,D,Faible
plot_23223,2.0,ultramap,M,Faible
plot_23224,2.0,ultramap,D,Faible
plot_23225,2.0,ultramap,M,Faible
plot_23226,2.0,ultramap,D,Faible
plot_23227,2.0,ultramap,D,Faible
plot_23228,2.0,ultramap,D,Faible
plot_23229,2.0,ultramap,C,Faible
plot_23230,2.0,ultramap,M,Faible
plot_23231,2.0,ultramap,C,Faible
plot_23232,2.0,ultramap,D,Faible
plot_23233,2.0,ultramap,M,Faible
plot_23234,2.0,ultramap,D,Faible
plot_23235,2.0,ultramap,C,Faible
plot_23236,2.0,ultramap,D,Faible
plot_23237,2.0,ultramap,D,Moyen
plot_23238,2.0,ultramap,C,Faible
plot_23239,2.0,ultramap,C,Faible
plot_23240,2.0,ultramap,D,Moyen
plot_23241,2.0,ultramap,D,Faible
plot_23242,2.0,ultramap,D,Faible
plot_23243,2.0,ultramap,D,Faible
plot_23244,2.0,ultramap,D,Faible
plot_23245,2.0,ultramap,M,Faible
plot_23246,2.0,ultramap,D,Moyen
plot_23247,2.0,ultramap,D,Moyen
plot_23248,2.0,ultramap,D,Faible
plot_23249,2.0,ultramap,C,Faible
plot_23250,2.0,ultramap,C,Faible
plot_23251,2.0,ultramap,D,Faible
plot_23252,2.0,ultramap,D,Moyen
plot_23253,2.0,ultramap,D,Faible
plot_23254,2.0,ultramap,D,Faible
plot_23255,2.0,ultramap,C,Faible
plot_23256,2.0,ultramap,D,Faible
plot_23257,2.0,ultramap,D,Moyen
plot_23258,2.0,ultramap,D,Moyen
plot_23259,2.0,ultramap,C,Faible
plot_23260,2.0,ultramap,C,Faible
plot_23261,2.0,ultramap,D,Faible
plot_23262,2.0,ultramap,D,Faible
plot_23263,2.0,ultramap,D,Faible
plot_23264,2.0,ultramap,D,Moyen
plot_23265,2.0,ultramap,C,Faible
plot_23266,2.0,ultramap,D,Faible
plot_23267,2.0,ultramap,D,Faible
plot_23268,2.0,ultramap,D,Faible
plot_23269,2.0,ultramap,M,Faible
plot_23270,2.0,ultramap,D,Faible
plot_23271,2.0,ultramap,D,Faible
plot_23272,2.0,ultramap,D,Moyen
plot_23273,2.0,ultramap,C,Faible
plot_23274,2.0,ultramap,M,Faible
plot_23275,2.0,ultramap,M,Moyen
plot_23276,2.0,ultramap,D,Moyen
plot_23277,2.0,ultramap,D,Moyen
plot_23278,2.0,ultramap,D,Faible
plot_23279,2.0,ultramap,D,Moyen
plot_23280,2.0,ultramap,M,Moyen
plot_23281,2.0,ultramap,D,Faible
plot_23282,2.0,ultramap,D,Faible
plot_23283,2.0,ultramap,D,Faible
plot_23284,2.0,ultramap,D,Moyen
plot_23285,2.0,ultramap,D,Moyen
plot_23286,2.0,ultramap,D,Faible
plot_23287,2.0,ultramap,D,Moyen
plot_23288,2.0,ultramap,D,Moyen
plot_23289,2.0,ultramap,D,Faible
plot_23290,2.0,ultramap,M,Faible
plot_23291,2.0,ultramap,D,Faible
plot_23292,2.0,ultramap,D,Faible
plot_23293,2.0,ultramap,D,Faible
plot_23294,2.0,ultramap,D,Faible
plot_23295,2.0,ultramap,D,Moyen
plot_23296,2.0,ultramap,M,Faible
plot_23297,2.0,ultramap,D,Faible
plot_23298,2.0,ultramap,D,Faible
plot_23299,2.0,ultramap,M,Moyen
plot_23300,2.0,ultramap,M,Moyen
plot_23301,2.0,ultramap,D,Moyen
plot_23302,2.0,ultramap,D,Moyen
plot_23303,2.0,ultramap,D,Moyen
plot_23304,2.0,ultramap,D,Moyen
plot_23305,2.0,ultramap,D,Faible
plot_23306,2.0,ultramap,C,Moyen
plot_23307,2.0,ultramap,D,Faible
plot_23308,2.0,ultramap,C,Faible
plot_23309,2.0,ultramap,D,Faible
plot_23310,2.0,ultramap,D,Moyen
plot_23311,2.0,ultramap,D,Faible
plot_23312,2.0,ultramap,D,Moyen
plot_23313,2.0,ultramap,D,Moyen
plot_23314,2.0,ultramap,C,Moyen
plot_23315,2.0,ultramap,D,Faible
plot_23316,2.0,ultramap,C,Moyen
plot_23317,2.0,ultramap,M,Faible
plot_23318,2.0,ultramap,M,Moyen
plot_23319,2.0,ultramap,D,Faible
plot_23320,2.0,ultramap,D,Moyen
plot_23321,2.0,ultramap,D,Faible
plot_23322,2.0,ultramap,D,Faible
plot_23323,2.0,ultramap,D,Moyen
plot_23324,2.0,ultramap,D,Moyen
plot_23325,2.0,ultramap,D,Moyen
plot_23326,2.0,ultramap,D,Moyen
plot_23327,2.0,ultramap,D,Faible
plot_23328,2.0,ultramap,D,Faible
plot_23329,2.0,ultramap,M,Faible
plot_23330,2.0,ultramap,D,Faible
plot_23331,2.0,ultramap,D,Faible
plot_23332,2.0,ultramap,D,Moyen
plot_23333,2.0,ultramap,M,Faible
plot_23334,2.0,ultramap,C,Moyen
plot_23335,2.0,ultramap,D,Moyen
plot_23336,2.0,ultramap,D,Moyen
plot_23337,2.0,ultramap,D,Faible
plot_23338,2.0,ultramap,D,Faible
plot_23339,2.0,ultramap,D,Faible
plot_23340,2.0,ultramap,D,Faible
plot_23341,2.0,ultramap,M,Moyen
plot_23342,2.0,ultramap,D,Faible
plot_23343,2.0,ultramap,M,Moyen
plot_23344,2.0,ultramap,D,Moyen
plot_23345,2.0,ultramap,D,Moyen
plot_23346,2.0,ultramap,D,Moyen
plot_23347,2.0,ultramap,D,Faible
plot_23348,2.0,ultramap,D,Faible
plot_23349,2.0,ultramap,D,Moyen
plot_23350,2.0,ultramap,D,Faible
plot_23351,2.0,ultramap,M,Moyen
plot_23352,2.0,ultramap,D,Moyen
plot_23353,2.0,ultramap,D,Faible
plot_23354,2.0,ultramap,D,Moyen
plot_23355,2.0,ultramap,D,Moyen
plot_23356,2.0,ultramap,D,Faible
plot_23357,2.0,ultramap,D,Moyen
plot_23358,2.0,ultramap,D,Moyen
plot_23359,2.0,ultramap,D,Moyen
plot_23360,2.0,ultramap,D,Faible
plot_23361,2.0,ultramap,D,Moyen
plot_23362,2.0,ultramap,D,Moyen
plot_23363,3.0,ultramap,D,Moyen
plot_23364,2.0,ultramap,D,Moyen
plot_23365,2.0,ultramap,D,Moyen
plot_23366,2.0,ultramap,D,Moyen
plot_23367,3.0,ultramap,D,Moyen
plot_23368,3.0,ultramap,D,Moyen
plot_23369,2.0,ultramap,D,Moyen
plot_23370,2.0,ultramap,D,Moyen
plot_23371,3.0,ultramap,D,Moyen
plot_23372,2.0,ultramap,D,Moyen
plot_23373,2.0,ultramap,D,Moyen
plot_23374,2.0,ultramap,D,Élevé
plot_23375,2.0,ultramap,D,Moyen
plot_23376,3.0,ultramap,D,Moyen
plot_23377,3.0,ultramap,C,Élevé
plot_23378,2.0,ultramap,D,Moyen
plot_23379,2.0,ultramap,C,Moyen
plot_23380,2.0,ultramap,D,Moyen
plot_23381,2.0,ultramap,D,Moyen
plot_23382,3.0,ultramap,D,Moyen
plot_23383,3.0,ultramap,D,Moyen
plot_23384,2.0,ultramap,D,Moyen
plot_23385,3.0,ultramap,M,Moyen
plot_23386,3.0,ultramap,M,Élevé
plot_23387,2.0,ultramap,D,Moyen
plot_23388,3.0,ultramap,D,Élevé
plot_23389,2.0,ultramap,D,Moyen
plot_23390,3.0,ultramap,M,Moyen
plot_23391,3.0,ultramap,M,Élevé
plot_23392,3.0,ultramap,C,Élevé
plot_23393,2.0,ultramap,D,Moyen
plot_23394,2.0,ultramap,D,Moyen
plot_23395,2.0,ultramap,D,Moyen
plot_23396,3.0,ultramap,C,Élevé
plot_23397,3.0,ultramap,D,Élevé
plot_23398,3.0,ultramap,D,Moyen
plot_23399,3.0,ultramap,C,Élevé
plot_23400,3.0,ultramap,C,Élevé
plot_23401,3.0,ultramap,M,Élevé
plot_23402,3.0,ultramap,M,Élevé
plot_23403,3.0,ultramap,C,Élevé
plot_23404,3.0,ultramap,D,Élevé
plot_23405,2.0,ultramap,C,Moyen
plot_23406,3.0,ultramap,C,Élevé
plot_23407,3.0,ultramap,M,Élevé
plot_23408,3.0,ultramap,M,Élevé
plot_23409,3.0,ultramap,C,Élevé
plot_23410,2.0,ultramap,D,Moyen
plot_23411,2.0,ultramap,D,Moyen
plot_23412,3.0,ultramap,D,Élevé
plot_23413,3.0,ultramap,M,Élevé
plot_23414,3.0,ultramap,C,Élevé
plot_23415,3.0,ultramap,M,Élevé
plot_23416,2.0,ultramap,D,Moyen
plot_23417,3.0,ultramap,D,Élevé
plot_23418,3.0,ultramap,M,Élevé
plot_23419,3.0,ultramap,C,Élevé
plot_23420,3.0,ultramap,M,Élevé
plot_23421,3.0,ultramap,C,Élevé
plot_23422,3.0,ultramap,M,Élevé
plot_23423,3.0,ultramap,M,Élevé
plot_23424,3.0,ultramap,M,Élevé
plot_23425,2.0,ultramap,D,Moyen
plot_23426,3.0,ultramap,D,Moyen
plot_23427,3.0,ultramap,D,Moyen
plot_23428,3.0,ultramap,C,Élevé
plot_23429,3.0,ultramap,M,Élevé
plot_23430,3.0,ultramap,C,Élevé
plot_23431,3.0,ultramap,M,Élevé
plot_23432,3.0,ultramap,D,Moyen
plot_23433,3.0,ultramap,M,Élevé
plot_23434,3.0,ultramap,D,Élevé
plot_23435,3.0,ultramap,D,Élevé
plot_23436,3.0,ultramap,D,Moyen
plot_23437,3.0,ultramap,D,Élevé
plot_23438,3.0,ultramap,M,Élevé
plot_23439,3.0,ultramap,C,Élevé
plot_23440,3.0,ultramap,D,Moyen
plot_23441,3.0,ultramap,D,Moyen
plot_23442,3.0,ultramap,D,Moyen
plot_23443,3.0,ultramap,D,Élevé
plot_23444,3.0,ultramap,M,Élevé
plot_23445,3.0,ultramap,M,Élevé
plot_23446,3.0,ultramap,D,Élevé
plot_23447,2.0,ultramap,M,Faible
plot_23448,2.0,ultramap,D,Moyen
plot_23449,2.0,ultramap,D,Moyen
plot_23450,2.0,ultramap,D,Moyen
plot_23451,2.0,ultramap,D,Moyen
plot_23452,2.0,ultramap,D,Moyen
plot_23453,2.0,ultramap,D,Moyen
plot_23454,2.0,ultramap,D,Faible
plot_23455,2.0,ultramap,D,Faible
plot_23456,2.0,ultramap,D,Faible
plot_23457,2.0,ultramap,C,Moyen
plot_23458,2.0,ultramap,D,Élevé
plot_23459,2.0,ultramap,D,Élevé
plot_23460,2.0,ultramap,D,Moyen
plot_23461,2.0,ultramap,D,Moyen
plot_23462,2.0,ultramap,M,Moyen
plot_23463,2.0,ultramap,D,Faible
plot_23464,2.0,ultramap,D,Élevé
plot_23465,2.0,ultramap,M,Élevé
plot_23466,2.0,ultramap,M,Élevé
plot_23467,2.0,ultramap,C,Moyen
plot_23468,2.0,ultramap,D,Moyen
plot_23469,2.0,ultramap,D,Faible
plot_23470,2.0,ultramap,D,Faible
plot_23471,3.0,ultramap,D,Élevé
plot_23472,2.0,ultramap,D,Élevé
plot_23473,3.0,ultramap,C,Élevé
plot_23474,3.0,ultramap,D,Élevé
plot_23475,3.0,ultramap,D,Moyen
plot_23476,2.0,ultramap,D,Élevé
plot_23477,2.0,ultramap,D,Élevé
plot_23478,2.0,ultramap,D,Faible
plot_23479,2.0,ultramap,D,Faible
plot_23480,3.0,ultramap,D,Élevé
plot_23481,3.0,ultramap,D,Élevé
plot_23482,3.0,ultramap,D,Élevé
plot_23483,3.0,ultramap,C,Élevé
plot_23484,3.0,ultramap,C,Moyen
plot_23485,3.0,ultramap,M,Élevé
plot_23486,2.0,ultramap,M,Moyen
plot_23487,3.0,ultramap,D,Moyen
plot_23488,3.0,ultramap,M,Élevé
plot_23489,3.0,ultramap,D,Élevé
plot_23490,3.0,ultramap,M,Élevé
plot_23491,3.0,ultramap,C,Moyen
plot_23492,3.0,ultramap,M,Élevé
plot_23493,3.0,ultramap,M,Élevé
plot_23494,3.0,ultramap,D,Élevé
plot_23495,3.0,ultramap,D,Élevé
plot_23496,3.0,ultramap,M,Élevé
plot_23497,3.0,ultramap,D,Élevé
plot_23498,3.0,ultramap,D,Élevé
plot_23499,3.0,ultramap,D,Élevé
plot_23500,3.0,ultramap,C,Moyen
plot_23501,3.0,ultramap,D,Moyen
plot_23502,3.0,ultramap,D,Élevé
plot_23503,3.0,ultramap,C,Moyen
plot_23504,3.0,ultramap,M,Élevé
plot_23505,3.0,ultramap,C,Élevé
plot_23506,3.0,ultramap,D,Élevé
plot_23507,3.0,ultramap,D,Élevé
plot_23508,2.0,ultramap,C,Moyen
plot_23509,3.0,ultramap,C,Moyen
plot_23510,3.0,ultramap,D,Élevé
plot_23511,3.0,ultramap,M,Élevé
plot_23512,3.0,ultramap,C,Élevé
plot_23513,3.0,ultramap,C,Élevé
plot_23514,3.0,ultramap,D,Élevé
plot_23515,3.0,ultramap,D,Élevé
plot_23516,3.0,ultramap,C,Moyen
plot_23517,3.0,ultramap,C,Élevé
plot_23518,3.0,ultramap,M,Élevé
plot_23519,3.0,ultramap,D,Élevé
plot_23520,3.0,ultramap,D,Élevé
plot_23521,3.0,ultramap,M,Élevé
plot_23522,3.0,ultramap,D,Élevé
plot_23523,3.0,ultramap,D,Élevé
plot_23524,3.0,ultramap,M,Élevé
plot_23525,3.0,ultramap,C,Élevé
plot_23526,3.0,ultramap,D,Élevé
plot_23527,3.0,ultramap,C,Élevé
plot_23528,3.0,ultramap,D,Élevé
plot_23529,3.0,ultramap,D,Élevé
plot_23530,1.0,micmac,D,Faible
plot_23531,1.0,micmac,D,Faible
plot_23532,1.0,micmac,D,Faible
plot_23533,1.0,micmac,D,Faible
plot_23534,1.0,micmac,C,Faible
plot_23535,1.0,micmac,D,Faible
plot_23536,1.0,micmac,C,Faible
plot_23537,1.0,micmac,D,Faible
plot_23538,1.0,micmac,D,Moyen
plot_23539,1.0,micmac,M,Faible
plot_23540,1.0,micmac,D,Faible
plot_23541,1.0,ultramap,C,Moyen
plot_23542,1.0,micmac,D,Faible
plot_23543,1.0,micmac,D,Faible
plot_23544,1.0,micmac,D,Faible
plot_23545,1.0,micmac,D,Faible
plot_23546,1.0,micmac,D,Faible
plot_23547,1.0,micmac,D,Faible
plot_23548,1.0,micmac,M,Faible
plot_23549,1.0,micmac,D,Faible
plot_23550,1.0,micmac,D,Faible
plot_23551,1.0,micmac,D,Faible
plot_23552,1.0,micmac,D,Faible
plot_23553,1.0,micmac,D,Faible
plot_23554,1.0,micmac,D,Faible
plot_23555,1.0,micmac,D,Faible
plot_23556,1.0,micmac,C,Faible
plot_23557,1.0,micmac,C,Faible
plot_23558,1.0,micmac,M,Faible
plot_23559,1.0,micmac,D,Faible
plot_23560,1.0,micmac,D,Faible
plot_23561,1.0,micmac,D,Faible
plot_23562,1.0,micmac,C,Faible
plot_23563,1.0,micmac,D,Faible
plot_23564,1.0,micmac,D,Faible
plot_23565,1.0,micmac,D,Faible
plot_23566,1.0,micmac,C,Faible
plot_23567,1.0,micmac,C,Faible
plot_23568,1.0,micmac,D,Faible
plot_23569,1.0,micmac,C,Faible
plot_23570,1.0,micmac,D,Faible
plot_23571,1.0,micmac,D,Faible
plot_23572,1.0,micmac,D,Faible
plot_23573,1.0,micmac,D,Faible
plot_23574,1.0,micmac,D,Faible
plot_23575,1.0,micmac,M,Faible
plot_23576,1.0,micmac,D,Faible
plot_23577,1.0,micmac,D,Faible
plot_23578,1.0,micmac,D,Faible
plot_23579,1.0,micmac,D,Faible
plot_23580,1.0,micmac,D,Faible
plot_23581,1.0,micmac,D,Faible
plot_23582,1.0,micmac,D,Faible
plot_23583,1.0,micmac,D,Faible
plot_23584,1.0,micmac,D,Faible
plot_23585,1.0,micmac,D,Faible
plot_23586,1.0,micmac,D,Faible
plot_23587,1.0,micmac,C,Faible
plot_23588,1.0,micmac,C,Faible
plot_23589,1.0,micmac,D,Faible
plot_23590,1.0,ultramap,D,Moyen
plot_23591,1.0,ultramap,D,Moyen
plot_23592,1.0,ultramap,D,Moyen
plot_23593,1.0,ultramap,D,Faible
plot_23594,1.0,ultramap,D,Moyen
plot_23595,1.0,ultramap,D,Faible
plot_23596,1.0,ultramap,D,Moyen
plot_23597,1.0,ultramap,D,Moyen
plot_23598,1.0,ultramap,D,Faible
plot_23599,1.0,ultramap,D,Moyen
plot_23600,1.0,ultramap,D,Faible
plot_23601,1.0,ultramap,D,Moyen
plot_23602,1.0,ultramap,D,Moyen
plot_23603,1.0,ultramap,D,Faible
plot_23604,1.0,ultramap,D,Faible
plot_23605,1.0,ultramap,D,Moyen
plot_23606,1.0,ultramap,D,Moyen
plot_23607,1.0,ultramap,D,Faible
plot_23608,1.0,ultramap,D,Faible
plot_23609,1.0,ultramap,D,Faible
plot_23610,1.0,ultramap,D,Faible
plot_23611,1.0,ultramap,D,Faible
plot_23612,1.0,ultramap,D,Faible
plot_23613,1.0,ultramap,D,Faible
plot_23614,1.0,ultramap,D,Faible
plot_23615,1.0,ultramap,M,Faible
plot_23616,1.0,ultramap,D,Faible
plot_23617,1.0,ultramap,D,Faible
plot_23618,1.0,ultramap,D,Faible
plot_23619,1.0,ultramap,D,Faible
plot_23620,1.0,ultramap,D,Faible
plot_23621,1.0,ultramap,D,Faible
plot_23622,1.0,ultramap,D,Faible
plot_23623,1.0,ultramap,D,Faible
plot_23624,1.0,ultramap,D,Faible
plot_23625,1.0,ultramap,C,Faible
plot_23626,1.0,ultramap,D,Moyen
plot_23627,1.0,ultramap,D,Faible
plot_23628,1.0,ultramap,D,Faible
plot_23629,1.0,ultramap,D,Faible
plot_23630,1.0,ultramap,D,Moyen
plot_23631,1.0,ultramap,D,Faible
plot_23632,1.0,ultramap,M,Faible
plot_23633,1.0,ultramap,D,Faible
plot_23634,1.0,ultramap,D,Faible
plot_23635,1.0,ultramap,D,Faible
plot_23636,1.0,ultramap,D,Faible
plot_23637,1.0,ultramap,D,Faible
plot_23638,1.0,ultramap,D,Faible
plot_23639,1.0,ultramap,D,Faible
plot_23640,1.0,ultramap,D,Faible
plot_23641,1.0,ultramap,D,Faible
plot_23642,1.0,ultramap,D,Faible
plot_23643,1.0,ultramap,C,Faible
plot_23644,1.0,ultramap,D,Faible
plot_23645,1.0,ultramap,D,Faible
plot_23646,1.0,ultramap,D,Moyen
plot_23647,1.0,ultramap,D,Faible
plot_23648,1.0,ultramap,C,Faible
plot_23649,1.0,ultramap,D,Faible
plot_23650,1.0,ultramap,D,Faible
plot_23651,1.0,ultramap,C,Faible
plot_23652,1.0,ultramap,D,Faible
plot_23653,1.0,ultramap,D,Faible
plot_23654,1.0,ultramap,D,Faible
plot_23655,1.0,ultramap,D,Faible
plot_23656,1.0,ultramap,D,Faible
plot_23657,1.0,ultramap,D,Faible
plot_23658,1.0,ultramap,D,Faible
plot_23659,1.0,ultramap,D,Faible
plot_23660,1.0,ultramap,D,Faible
plot_23661,3.0,ultramap,D,Moyen
plot_23661,3.0,ultramap,D,Moyen
plot_23661,3.0,ultramap,D,Moyen
plot_23661,3.0,ultramap,D,Moyen
plot_23662,3.0,ultramap,D,Faible
plot_23662,3.0,ultramap,D,Faible
plot_23662,3.0,ultramap,D,Faible
plot_23662,3.0,ultramap,D,Faible
plot_23663,3.0,ultramap,C,Élevé
plot_23663,3.0,ultramap,C,Élevé
plot_23663,3.0,ultramap,C,Élevé
plot_23663,3.0,ultramap,C,Élevé
plot_23664,3.0,ultramap,C,Élevé
plot_23664,3.0,ultramap,C,Élevé
plot_23664,3.0,ultramap,C,Élevé
plot_23664,3.0,ultramap,C,Élevé
plot_23665,3.0,ultramap,D,Élevé
plot_23665,3.0,ultramap,D,Élevé
plot_23665,3.0,ultramap,D,Élevé
plot_23665,3.0,ultramap,D,Élevé
plot_23666,3.0,ultramap,D,Élevé
plot_23666,3.0,ultramap,D,Élevé
plot_23666,3.0,ultramap,D,Élevé
plot_23666,3.0,ultramap,D,Élevé
plot_23667,3.0,ultramap,D,Moyen
plot_23667,3.0,ultramap,D,Moyen
plot_23667,3.0,ultramap,D,Moyen
plot_23667,3.0,ultramap,D,Moyen
plot_23668,3.0,ultramap,C,Élevé
plot_23668,3.0,ultramap,C,Élevé
plot_23668,3.0,ultramap,C,Élevé
plot_23668,3.0,ultramap,C,Élevé
plot_23669,3.0,ultramap,C,Élevé
plot_23669,3.0,ultramap,C,Élevé
plot_23669,3.0,ultramap,C,Élevé
plot_23669,3.0,ultramap,C,Élevé
plot_23670,3.0,ultramap,M,Élevé
plot_23670,3.0,ultramap,M,Élevé
plot_23670,3.0,ultramap,M,Élevé
plot_23670,3.0,ultramap,M,Élevé
plot_23671,3.0,ultramap,D,Faible
plot_23671,3.0,ultramap,D,Faible
plot_23671,3.0,ultramap,D,Faible
plot_23671,3.0,ultramap,D,Faible
plot_23672,3.0,ultramap,D,Moyen
plot_23672,3.0,ultramap,D,Moyen
plot_23672,3.0,ultramap,D,Moyen
plot_23672,3.0,ultramap,D,Moyen
plot_23673,3.0,ultramap,D,Élevé
plot_23673,3.0,ultramap,D,Élevé
plot_23673,3.0,ultramap,D,Élevé
plot_23673,3.0,ultramap,D,Élevé
plot_23674,3.0,ultramap,D,Élevé
plot_23674,3.0,ultramap,D,Élevé
plot_23674,3.0,ultramap,D,Élevé
plot_23674,3.0,ultramap,D,Élevé
plot_23675,3.0,ultramap,D,Élevé
plot_23675,3.0,ultramap,D,Élevé
plot_23675,3.0,ultramap,D,Élevé
plot_23675,3.0,ultramap,D,Élevé
plot_23676,3.0,ultramap,D,Élevé
plot_23676,3.0,ultramap,D,Élevé
plot_23676,3.0,ultramap,D,Élevé
plot_23676,3.0,ultramap,D,Élevé
plot_23677,3.0,ultramap,D,Élevé
plot_23677,3.0,ultramap,D,Élevé
plot_23677,3.0,ultramap,D,Élevé
plot_23677,3.0,ultramap,D,Élevé
plot_23678,3.0,ultramap,M,Élevé
plot_23678,3.0,ultramap,M,Élevé
plot_23678,3.0,ultramap,M,Élevé
plot_23678,3.0,ultramap,M,Élevé
plot_23679,3.0,ultramap,D,Faible
plot_23679,3.0,ultramap,D,Faible
plot_23679,3.0,ultramap,D,Faible
plot_23679,3.0,ultramap,D,Faible
plot_23680,3.0,ultramap,D,Moyen
plot_23680,3.0,ultramap,D,Moyen
plot_23680,3.0,ultramap,D,Moyen
plot_23680,3.0,ultramap,D,Moyen
plot_23681,3.0,ultramap,D,Élevé
plot_23681,3.0,ultramap,D,Élevé
plot_23681,3.0,ultramap,D,Élevé
plot_23681,3.0,ultramap,D,Élevé
plot_23682,3.0,ultramap,C,Élevé
plot_23682,3.0,ultramap,C,Élevé
plot_23682,3.0,ultramap,C,Élevé
plot_23682,3.0,ultramap,C,Élevé
plot_23683,3.0,ultramap,D,Élevé
plot_23683,3.0,ultramap,D,Élevé
plot_23683,3.0,ultramap,D,Élevé
plot_23683,3.0,ultramap,D,Élevé
plot_23684,3.0,ultramap,D,Élevé
plot_23684,3.0,ultramap,D,Élevé
plot_23684,3.0,ultramap,D,Élevé
plot_23684,3.0,ultramap,D,Élevé
plot_23685,3.0,ultramap,C,Élevé
plot_23685,3.0,ultramap,C,Élevé
plot_23685,3.0,ultramap,C,Élevé
plot_23685,3.0,ultramap,C,Élevé
plot_23686,3.0,ultramap,D,Élevé
plot_23686,3.0,ultramap,D,Élevé
plot_23686,3.0,ultramap,D,Élevé
plot_23686,3.0,ultramap,D,Élevé
plot_23687,3.0,ultramap,C,Élevé
plot_23687,3.0,ultramap,C,Élevé
plot_23687,3.0,ultramap,C,Élevé
plot_23687,3.0,ultramap,C,Élevé
plot_23688,3.0,ultramap,D,Élevé
plot_23688,3.0,ultramap,D,Élevé
plot_23688,3.0,ultramap,D,Élevé
plot_23688,3.0,ultramap,D,Élevé
plot_23689,3.0,ultramap,D,Élevé
plot_23689,3.0,ultramap,D,Élevé
plot_23689,3.0,ultramap,D,Élevé
plot_23689,3.0,ultramap,D,Élevé
plot_23690,3.0,ultramap,C,Élevé
plot_23690,3.0,ultramap,C,Élevé
plot_23690,3.0,ultramap,C,Élevé
plot_23690,3.0,ultramap,C,Élevé
plot_23691,3.0,ultramap,D,Élevé
plot_23691,3.0,ultramap,D,Élevé
plot_23691,3.0,ultramap,D,Élevé
plot_23691,3.0,ultramap,D,Élevé
plot_23692,3.0,ultramap,D,Élevé
plot_23692,3.0,ultramap,D,Élevé
plot_23692,3.0,ultramap,D,Élevé
plot_23692,3.0,ultramap,D,Élevé
plot_23693,3.0,ultramap,C,Élevé
plot_23693,3.0,ultramap,C,Élevé
plot_23693,3.0,ultramap,C,Élevé
plot_23693,3.0,ultramap,C,Élevé
plot_23694,3.0,ultramap,D,Élevé
plot_23694,3.0,ultramap,D,Élevé
plot_23694,3.0,ultramap,D,Élevé
plot_23694,3.0,ultramap,D,Élevé
plot_23695,3.0,ultramap,D,Moyen
plot_23695,3.0,ultramap,D,Moyen
plot_23695,3.0,ultramap,D,Moyen
plot_23695,3.0,ultramap,D,Moyen
plot_23696,3.0,ultramap,C,Faible
plot_23696,3.0,ultramap,C,Faible
plot_23696,3.0,ultramap,C,Faible
plot_23696,3.0,ultramap,C,Faible
plot_23697,3.0,ultramap,M,Élevé
plot_23697,3.0,ultramap,M,Élevé
plot_23697,3.0,ultramap,M,Élevé
plot_23697,3.0,ultramap,M,Élevé
plot_23698,3.0,ultramap,D,Moyen
plot_23698,3.0,ultramap,D,Moyen
plot_23698,3.0,ultramap,D,Moyen
plot_23698,3.0,ultramap,D,Moyen
plot_23699,3.0,ultramap,D,Élevé
plot_23699,3.0,ultramap,D,Élevé
plot_23699,3.0,ultramap,D,Élevé
plot_23699,3.0,ultramap,D,Élevé
plot_23700,3.0,ultramap,D,Élevé
plot_23700,3.0,ultramap,D,Élevé
plot_23700,3.0,ultramap,D,Élevé
plot_23700,3.0,ultramap,D,Élevé
plot_23701,3.0,ultramap,D,Faible
plot_23701,3.0,ultramap,D,Faible
plot_23701,3.0,ultramap,D,Faible
plot_23701,3.0,ultramap,D,Faible
plot_23702,3.0,ultramap,D,Moyen
plot_23702,3.0,ultramap,D,Moyen
plot_23702,3.0,ultramap,D,Moyen
plot_23702,3.0,ultramap,D,Moyen
plot_23703,3.0,ultramap,M,Faible
plot_23703,3.0,ultramap,M,Faible
plot_23703,3.0,ultramap,M,Faible
plot_23703,3.0,ultramap,M,Faible
plot_23704,3.0,ultramap,C,Faible
plot_23704,3.0,ultramap,C,Faible
plot_23704,3.0,ultramap,C,Faible
plot_23704,3.0,ultramap,C,Faible
plot_23705,3.0,ultramap,D,Faible
plot_23705,3.0,ultramap,D,Faible
plot_23705,3.0,ultramap,D,Faible
plot_23705,3.0,ultramap,D,Faible
plot_23706,3.0,ultramap,D,Faible
plot_23706,3.0,ultramap,D,Faible
plot_23706,3.0,ultramap,D,Faible
plot_23706,3.0,ultramap,D,Faible
plot_23707,3.0,ultramap,C,Élevé
plot_23707,3.0,ultramap,C,Élevé
plot_23707,3.0,ultramap,C,Élevé
plot_23707,3.0,ultramap,C,Élevé
plot_23708,3.0,ultramap,D,Élevé
plot_23708,3.0,ultramap,D,Élevé
plot_23708,3.0,ultramap,D,Élevé
plot_23708,3.0,ultramap,D,Élevé
plot_23709,3.0,ultramap,D,Faible
plot_23709,3.0,ultramap,D,Faible
plot_23709,3.0,ultramap,D,Faible
plot_23709,3.0,ultramap,D,Faible
plot_23710,3.0,ultramap,C,Élevé
plot_23710,3.0,ultramap,C,Élevé
plot_23710,3.0,ultramap,C,Élevé
plot_23710,3.0,ultramap,C,Élevé
plot_23711,3.0,ultramap,C,Élevé
plot_23711,3.0,ultramap,C,Élevé
plot_23711,3.0,ultramap,C,Élevé
plot_23711,3.0,ultramap,C,Élevé
plot_23712,3.0,ultramap,D,Élevé
plot_23712,3.0,ultramap,D,Élevé
plot_23712,3.0,ultramap,D,Élevé
plot_23712,3.0,ultramap,D,Élevé
plot_23713,3.0,ultramap,C,Élevé
plot_23713,3.0,ultramap,C,Élevé
plot_23713,3.0,ultramap,C,Élevé
plot_23713,3.0,ultramap,C,Élevé
plot_23714,3.0,ultramap,C,Élevé
plot_23714,3.0,ultramap,C,Élevé
plot_23714,3.0,ultramap,C,Élevé
plot_23714,3.0,ultramap,C,Élevé
plot_23715,3.0,ultramap,C,Élevé
plot_23715,3.0,ultramap,C,Élevé
plot_23715,3.0,ultramap,C,Élevé
plot_23715,3.0,ultramap,C,Élevé
plot_23716,3.0,ultramap,D,Faible
plot_23716,3.0,ultramap,D,Faible
plot_23716,3.0,ultramap,D,Faible
plot_23716,3.0,ultramap,D,Faible
plot_23717,3.0,ultramap,D,Élevé
plot_23717,3.0,ultramap,D,Élevé
plot_23717,3.0,ultramap,D,Élevé
plot_23717,3.0,ultramap,D,Élevé
plot_23718,3.0,ultramap,D,Élevé
plot_23718,3.0,ultramap,D,Élevé
plot_23718,3.0,ultramap,D,Élevé
plot_23718,3.0,ultramap,D,Élevé
plot_23719,3.0,ultramap,D,Élevé
plot_23719,3.0,ultramap,D,Élevé
plot_23719,3.0,ultramap,D,Élevé
plot_23719,3.0,ultramap,D,Élevé
plot_23720,3.0,ultramap,D,Élevé
plot_23720,3.0,ultramap,D,Élevé
plot_23720,3.0,ultramap,D,Élevé
plot_23720,3.0,ultramap,D,Élevé
plot_23721,3.0,ultramap,C,Élevé
plot_23721,3.0,ultramap,C,Élevé
plot_23721,3.0,ultramap,C,Élevé
plot_23721,3.0,ultramap,C,Élevé
plot_23722,3.0,ultramap,D,Faible
plot_23722,3.0,ultramap,D,Faible
plot_23722,3.0,ultramap,D,Faible
plot_23722,3.0,ultramap,D,Faible
plot_23723,3.0,ultramap,D,Élevé
plot_23723,3.0,ultramap,D,Élevé
plot_23723,3.0,ultramap,D,Élevé
plot_23723,3.0,ultramap,D,Élevé
plot_23724,3.0,ultramap,D,Élevé
plot_23724,3.0,ultramap,D,Élevé
plot_23724,3.0,ultramap,D,Élevé
plot_23724,3.0,ultramap,D,Élevé
plot_23725,3.0,ultramap,D,Élevé
plot_23725,3.0,ultramap,D,Élevé
plot_23725,3.0,ultramap,D,Élevé
plot_23725,3.0,ultramap,D,Élevé
plot_23726,3.0,ultramap,C,Élevé
plot_23726,3.0,ultramap,C,Élevé
plot_23726,3.0,ultramap,C,Élevé
plot_23726,3.0,ultramap,C,Élevé
plot_23727,3.0,ultramap,C,Élevé
plot_23727,3.0,ultramap,C,Élevé
plot_23727,3.0,ultramap,C,Élevé
plot_23727,3.0,ultramap,C,Élevé
plot_23728,3.0,ultramap,D,Élevé
plot_23728,3.0,ultramap,D,Élevé
plot_23728,3.0,ultramap,D,Élevé
plot_23728,3.0,ultramap,D,Élevé
plot_23729,3.0,ultramap,M,Élevé
plot_23729,3.0,ultramap,M,Élevé
plot_23729,3.0,ultramap,M,Élevé
plot_23729,3.0,ultramap,M,Élevé
plot_23730,3.0,ultramap,D,Élevé
plot_23730,3.0,ultramap,D,Élevé
plot_23730,3.0,ultramap,D,Élevé
plot_23730,3.0,ultramap,D,Élevé
plot_23731,3.0,ultramap,D,Élevé
plot_23731,3.0,ultramap,D,Élevé
plot_23731,3.0,ultramap,D,Élevé
plot_23731,3.0,ultramap,D,Élevé
plot_23732,3.0,ultramap,D,Élevé
plot_23732,3.0,ultramap,D,Élevé
plot_23732,3.0,ultramap,D,Élevé
plot_23732,3.0,ultramap,D,Élevé
plot_23733,3.0,ultramap,C,Élevé
plot_23733,3.0,ultramap,C,Élevé
plot_23733,3.0,ultramap,C,Élevé
plot_23733,3.0,ultramap,C,Élevé
plot_23734,3.0,ultramap,D,Élevé
plot_23734,3.0,ultramap,D,Élevé
plot_23734,3.0,ultramap,D,Élevé
plot_23734,3.0,ultramap,D,Élevé
plot_23735,3.0,ultramap,D,Élevé
plot_23735,3.0,ultramap,D,Élevé
plot_23735,3.0,ultramap,D,Élevé
plot_23735,3.0,ultramap,D,Élevé
plot_23736,3.0,ultramap,D,Moyen
plot_23736,3.0,ultramap,D,Moyen
plot_23736,3.0,ultramap,D,Moyen
plot_23736,3.0,ultramap,D,Moyen
plot_23737,3.0,ultramap,D,Moyen
plot_23737,3.0,ultramap,D,Moyen
plot_23737,3.0,ultramap,D,Moyen
plot_23737,3.0,ultramap,D,Moyen
plot_23738,3.0,ultramap,D,Élevé
plot_23738,3.0,ultramap,D,Élevé
plot_23738,3.0,ultramap,D,Élevé
plot_23738,3.0,ultramap,D,Élevé
plot_23739,3.0,ultramap,M,Élevé
plot_23739,3.0,ultramap,M,Élevé
plot_23739,3.0,ultramap,M,Élevé
plot_23739,3.0,ultramap,M,Élevé
plot_23740,3.0,ultramap,D,Faible
plot_23740,3.0,ultramap,D,Faible
plot_23740,3.0,ultramap,D,Faible
plot_23740,3.0,ultramap,D,Faible
plot_23741,3.0,ultramap,D,Moyen
plot_23741,3.0,ultramap,D,Moyen
plot_23741,3.0,ultramap,D,Moyen
plot_23741,3.0,ultramap,D,Moyen
plot_23742,3.0,ultramap,D,Élevé
plot_23742,3.0,ultramap,D,Élevé
plot_23742,3.0,ultramap,D,Élevé
plot_23742,3.0,ultramap,D,Élevé
plot_23743,3.0,ultramap,D,Faible
plot_23743,3.0,ultramap,D,Faible
plot_23743,3.0,ultramap,D,Faible
plot_23743,3.0,ultramap,D,Faible
plot_23744,2.0,ultramap,C,Élevé
plot_23745,2.0,ultramap,D,Élevé
plot_23746,3.0,ultramap,M,Élevé
plot_23747,3.0,ultramap,C,Élevé
plot_23748,3.0,ultramap,M,Élevé
plot_23749,3.0,ultramap,D,Élevé
plot_23750,3.0,ultramap,D,Élevé
plot_23751,3.0,ultramap,D,Moyen
plot_23752,2.0,ultramap,C,Élevé
plot_23753,3.0,ultramap,D,Élevé
plot_23754,3.0,ultramap,D,Élevé
plot_23755,3.0,ultramap,M,Moyen
plot_23756,2.0,ultramap,D,Moyen
plot_23757,3.0,ultramap,D,Élevé
plot_23758,3.0,ultramap,D,Moyen
plot_23759,2.0,ultramap,D,Moyen
plot_23760,3.0,ultramap,D,Élevé
plot_23761,3.0,ultramap,C,Moyen
plot_23762,3.0,ultramap,M,Moyen
plot_23763,3.0,ultramap,D,Moyen
plot_23764,3.0,ultramap,D,Élevé
plot_23765,3.0,ultramap,D,Moyen
plot_23766,3.0,ultramap,C,Élevé
plot_23767,3.0,ultramap,M,Moyen
plot_23768,3.0,ultramap,D,Moyen
plot_23769,3.0,ultramap,D,Moyen
plot_23770,2.0,ultramap,D,Moyen
plot_23771,3.0,ultramap,C,Moyen
plot_23772,3.0,ultramap,C,Moyen
plot_23773,3.0,ultramap,D,Moyen
plot_23774,3.0,ultramap,D,Moyen
plot_23775,2.0,ultramap,D,Moyen
plot_23776,2.0,ultramap,D,Faible
plot_23777,2.0,ultramap,M,Moyen
plot_23778,3.0,ultramap,D,Faible
plot_23779,2.0,ultramap,D,Faible
plot_23780,2.0,ultramap,D,Faible
plot_23781,2.0,ultramap,D,Faible
plot_23782,2.0,ultramap,D,Moyen
plot_23783,2.0,ultramap,D,Moyen
plot_23784,2.0,ultramap,D,Moyen
plot_23785,2.0,ultramap,M,Faible
plot_23786,2.0,ultramap,D,Faible
plot_23787,2.0,ultramap,D,Moyen
plot_23788,2.0,ultramap,D,Moyen
plot_23789,2.0,ultramap,D,Moyen
plot_23790,2.0,ultramap,M,Moyen
plot_23791,2.0,ultramap,D,Faible
plot_23792,2.0,ultramap,D,Faible
plot_23793,2.0,ultramap,D,Moyen
plot_23794,2.0,ultramap,D,Moyen
plot_23795,2.0,ultramap,D,Faible
plot_23796,2.0,ultramap,D,Faible
plot_23797,2.0,ultramap,D,Faible
plot_23798,2.0,ultramap,C,Faible
plot_23799,2.0,ultramap,D,Faible
plot_23800,2.0,ultramap,C,Faible
plot_23801,2.0,ultramap,D,Moyen
plot_23802,2.0,ultramap,D,Faible
plot_23803,2.0,ultramap,D,Faible
plot_23804,2.0,ultramap,D,Faible
plot_23805,2.0,ultramap,M,Faible
plot_23806,2.0,ultramap,C,Faible
plot_23807,2.0,ultramap,D,Faible
plot_23808,2.0,ultramap,C,Faible
plot_23809,2.0,micmac,D,Moyen
plot_23810,2.0,micmac,D,Moyen
plot_23811,2.0,micmac,D,Moyen
plot_23812,2.0,micmac,D,Moyen
plot_23813,2.0,micmac,C,Moyen
plot_23814,2.0,micmac,D,Moyen
plot_23815,2.0,micmac,D,Moyen
plot_23816,2.0,micmac,C,Moyen
plot_23817,2.0,micmac,D,Moyen
plot_23818,2.0,micmac,D,Moyen
plot_23819,2.0,micmac,D,Moyen
plot_23820,2.0,micmac,C,Moyen
plot_23821,3.0,micmac,M,Élevé
plot_23822,3.0,micmac,D,Élevé
plot_23823,3.0,micmac,D,Élevé
plot_23824,2.0,micmac,D,Moyen
plot_23825,2.0,micmac,D,Moyen
plot_23826,2.0,micmac,D,Moyen
plot_23827,3.0,micmac,M,Élevé
plot_23828,3.0,micmac,C,Élevé
plot_23829,2.0,micmac,D,Moyen
plot_23830,2.0,micmac,D,Moyen
plot_23831,2.0,micmac,D,Moyen
plot_23832,3.0,micmac,D,Élevé
plot_23833,3.0,micmac,D,Élevé
plot_23834,2.0,micmac,D,Moyen
plot_23835,3.0,micmac,D,Élevé
plot_23836,3.0,micmac,C,Élevé
plot_23837,2.0,micmac,M,Moyen
plot_23838,2.0,micmac,D,Faible
plot_23839,2.0,micmac,D,Moyen
plot_23840,2.0,micmac,D,Moyen
plot_23841,2.0,micmac,D,Moyen
plot_23842,3.0,micmac,D,Élevé
plot_23843,2.0,micmac,D,Faible
plot_23844,2.0,micmac,D,Faible
plot_23845,3.0,micmac,D,Élevé
plot_23846,2.0,micmac,D,Faible
plot_23847,2.0,micmac,D,Moyen
plot_23848,2.0,micmac,D,Moyen
plot_23849,2.0,micmac,D,Faible
plot_23850,2.0,micmac,D,Faible
plot_23851,2.0,micmac,D,Moyen
plot_23852,2.0,micmac,D,Moyen
plot_23853,2.0,micmac,D,Moyen
plot_23854,2.0,micmac,D,Moyen
plot_23855,2.0,micmac,D,Moyen
plot_23856,2.0,micmac,C,Moyen
plot_23857,2.0,micmac,D,Moyen
plot_23858,2.0,micmac,D,Moyen
plot_23859,2.0,micmac,D,Faible
plot_23860,2.0,micmac,D,Faible
plot_23861,2.0,micmac,D,Faible
plot_23862,2.0,micmac,D,Faible
plot_23863,2.0,micmac,D,Faible
plot_23864,2.0,micmac,D,Faible
plot_23865,2.0,micmac,D,Faible
plot_23866,2.0,micmac,D,Faible
plot_23867,2.0,micmac,D,Faible
plot_23868,2.0,micmac,D,Faible
plot_23869,2.0,micmac,D,Faible
plot_23870,2.0,micmac,D,Faible
plot_23871,2.0,micmac,D,Faible
plot_23872,2.0,micmac,D,Faible
plot_23873,2.0,micmac,D,Faible
plot_23874,2.0,micmac,D,Faible
plot_23875,2.0,micmac,D,Faible
plot_23876,2.0,micmac,D,Faible
plot_23877,2.0,micmac,D,Moyen
plot_23878,2.0,micmac,D,Moyen
plot_23879,2.0,micmac,D,Moyen
plot_23880,2.0,micmac,D,Faible
plot_23881,2.0,micmac,D,Faible
plot_23882,2.0,micmac,C,Moyen
plot_23883,2.0,micmac,D,Moyen
plot_23884,2.0,micmac,D,Faible
plot_23885,2.0,micmac,D,Faible
plot_23886,2.0,micmac,D,Faible
plot_23887,2.0,micmac,D,Moyen
plot_23888,2.0,micmac,D,Faible
plot_23889,2.0,micmac,D,Faible
plot_23890,2.0,micmac,D,Moyen
plot_23891,2.0,micmac,D,Moyen
plot_23892,2.0,micmac,D,Faible
plot_23893,2.0,micmac,D,Moyen
plot_23894,2.0,micmac,D,Moyen
plot_23895,2.0,micmac,D,Moyen
plot_23896,2.0,micmac,D,Moyen
plot_23897,2.0,micmac,D,Moyen
plot_23898,2.0,micmac,D,Moyen
plot_23899,2.0,ultramap,M,Faible
plot_23900,2.0,ultramap,D,Faible
plot_23901,2.0,ultramap,C,Faible
plot_23902,2.0,ultramap,D,Faible
plot_23903,2.0,ultramap,C,Faible
plot_23904,2.0,ultramap,D,Faible
plot_23905,2.0,ultramap,C,Faible
plot_23906,2.0,ultramap,C,Faible
plot_23907,2.0,ultramap,C,Faible
plot_23908,2.0,ultramap,C,Faible
plot_23909,2.0,ultramap,D,Faible
plot_23910,2.0,ultramap,M,Faible
plot_23911,2.0,ultramap,D,Faible
plot_23912,2.0,ultramap,C,Faible
plot_23913,2.0,ultramap,C,Faible
plot_23914,2.0,ultramap,C,Faible
plot_23915,2.0,ultramap,C,Faible
plot_23916,2.0,ultramap,C,Faible
plot_23917,2.0,ultramap,D,Faible
plot_23918,2.0,ultramap,C,Faible
plot_23919,2.0,ultramap,C,Faible
plot_23920,2.0,ultramap,C,Faible
plot_23921,2.0,ultramap,C,Faible
plot_23922,2.0,ultramap,M,Faible
plot_23923,2.0,ultramap,M,Faible
plot_23924,2.0,ultramap,D,Faible
plot_23925,2.0,ultramap,C,Faible
plot_23926,2.0,ultramap,C,Faible
plot_23927,2.0,ultramap,C,Faible
plot_23928,2.0,ultramap,C,Faible
plot_23929,2.0,ultramap,C,Faible
plot_23930,2.0,ultramap,C,Faible
plot_23931,2.0,ultramap,D,Faible
plot_23932,2.0,ultramap,C,Faible
plot_23933,2.0,ultramap,C,Faible
plot_23934,2.0,ultramap,C,Faible
plot_23935,2.0,ultramap,D,Faible
plot_23936,2.0,ultramap,C,Faible
plot_23937,2.0,ultramap,C,Faible
plot_23938,2.0,ultramap,D,Faible
plot_23939,2.0,ultramap,D,Faible
plot_23940,2.0,ultramap,C,Faible
plot_23941,2.0,ultramap,D,Faible
plot_23942,2.0,ultramap,C,Faible
plot_23943,2.0,ultramap,C,Faible
plot_23944,2.0,ultramap,C,Faible
plot_23945,2.0,ultramap,C,Faible
plot_23946,2.0,ultramap,D,Faible
plot_23947,2.0,ultramap,D,Faible
plot_23948,2.0,ultramap,C,Faible
plot_23949,2.0,ultramap,C,Faible
plot_23950,2.0,ultramap,D,Faible
plot_23951,2.0,ultramap,D,Faible
plot_23952,2.0,ultramap,C,Faible
plot_23953,2.0,ultramap,C,Faible
plot_23954,2.0,ultramap,C,Faible
plot_23955,2.0,ultramap,C,Faible
plot_23956,2.0,ultramap,D,Faible
plot_23957,2.0,ultramap,M,Faible
plot_23958,2.0,ultramap,D,Faible
plot_23959,2.0,ultramap,D,Faible
plot_23960,2.0,ultramap,C,Faible
plot_23961,2.0,ultramap,C,Faible
plot_23962,2.0,ultramap,C,Faible
plot_23963,2.0,ultramap,C,Faible
plot_23964,2.0,ultramap,C,Faible
plot_23965,2.0,ultramap,C,Faible
plot_23966,2.0,ultramap,C,Faible
plot_23967,2.0,ultramap,D,Faible
plot_23968,2.0,ultramap,D,Faible
plot_23969,2.0,ultramap,C,Faible
plot_23970,2.0,ultramap,C,Faible
plot_23971,2.0,ultramap,D,Faible
plot_23972,2.0,ultramap,D,Faible
plot_23973,2.0,ultramap,D,Faible
plot_23974,2.0,ultramap,C,Faible
plot_23975,2.0,ultramap,D,Faible
plot_23976,2.0,ultramap,D,Faible
plot_23977,2.0,ultramap,D,Faible
plot_23978,2.0,ultramap,D,Faible
plot_23979,2.0,ultramap,D,Faible
plot_23980,2.0,ultramap,D,Faible
plot_23981,2.0,ultramap,C,Faible
plot_23982,2.0,ultramap,D,Faible
plot_23983,2.0,ultramap,D,Faible
plot_23984,2.0,ultramap,D,Faible
plot_23985,2.0,ultramap,D,Faible
plot_23986,2.0,ultramap,D,Faible
plot_23987,2.0,ultramap,C,Faible
plot_23988,2.0,ultramap,C,Faible
plot_23989,2.0,ultramap,M,Faible
plot_23990,2.0,ultramap,D,Faible
plot_23991,2.0,ultramap,D,Faible
plot_23992,2.0,ultramap,D,Faible
plot_23993,2.0,ultramap,D,Faible
plot_23994,2.0,ultramap,C,Faible
plot_23995,2.0,ultramap,D,Faible
plot_23996,2.0,ultramap,D,Faible
plot_23997,2.0,ultramap,D,Faible
plot_23998,2.0,ultramap,D,Faible
plot_23999,2.0,ultramap,D,Faible
plot_24000,2.0,ultramap,D,Faible
plot_24001,2.0,ultramap,D,Faible
plot_24002,2.0,ultramap,C,Faible
plot_24003,2.0,ultramap,C,Faible
plot_24004,2.0,ultramap,C,Faible
plot_24005,2.0,ultramap,D,Faible
plot_24006,2.0,ultramap,D,Faible
plot_24007,2.0,ultramap,D,Faible
plot_24008,2.0,ultramap,D,Faible
plot_24009,2.0,ultramap,D,Faible
plot_24010,2.0,ultramap,D,Faible
plot_24011,2.0,ultramap,D,Faible
plot_24012,2.0,ultramap,D,Faible
plot_24013,2.0,ultramap,D,Faible
plot_24014,2.0,ultramap,D,Faible
plot_24015,2.0,ultramap,C,Faible
plot_24016,2.0,ultramap,D,Faible
plot_24017,2.0,ultramap,D,Faible
plot_24018,3.0,ultramap,C,Élevé
plot_24019,3.0,ultramap,D,Élevé
plot_24020,3.0,ultramap,D,Élevé
plot_24021,3.0,ultramap,C,Élevé
plot_24022,3.0,ultramap,C,Élevé
plot_24023,3.0,ultramap,M,Élevé
plot_24024,3.0,ultramap,D,Élevé
plot_24025,3.0,ultramap,D,Moyen
plot_24026,2.0,ultramap,D,Moyen
plot_24027,3.0,ultramap,D,Élevé
plot_24028,3.0,ultramap,D,Moyen
plot_24029,3.0,ultramap,M,Élevé
plot_24030,2.0,ultramap,C,Moyen
plot_24031,3.0,ultramap,C,Élevé
plot_24032,3.0,ultramap,D,Élevé
plot_24033,3.0,ultramap,M,Moyen
plot_24034,3.0,ultramap,D,Élevé
plot_24035,3.0,ultramap,D,Élevé
plot_24036,3.0,ultramap,D,Élevé
plot_24037,3.0,ultramap,D,Moyen
plot_24038,2.0,ultramap,D,Faible
plot_24039,2.0,ultramap,C,Faible
plot_24040,3.0,ultramap,C,Élevé
plot_24041,2.0,ultramap,D,Moyen
plot_24042,3.0,ultramap,D,Moyen
plot_24043,3.0,ultramap,D,Élevé
plot_24044,2.0,ultramap,M,Moyen
plot_24045,3.0,ultramap,D,Moyen
plot_24046,3.0,ultramap,D,Élevé
plot_24047,2.0,ultramap,M,Moyen
plot_24048,2.0,ultramap,D,Moyen
plot_24049,3.0,ultramap,D,Moyen
plot_24050,2.0,ultramap,D,Moyen
plot_24051,2.0,ultramap,D,Moyen
plot_24052,2.0,ultramap,C,Faible
plot_24053,2.0,ultramap,D,Faible
plot_24054,2.0,ultramap,D,Faible
plot_24055,2.0,ultramap,D,Moyen
plot_24056,2.0,ultramap,D,Élevé
plot_24057,2.0,ultramap,D,Faible
plot_24058,2.0,ultramap,D,Moyen
plot_24059,2.0,ultramap,D,Moyen
plot_24060,2.0,ultramap,D,Faible
plot_24061,2.0,ultramap,D,Faible
plot_24062,2.0,ultramap,D,Faible
plot_24063,2.0,ultramap,D,Moyen
plot_24064,2.0,ultramap,D,Faible
plot_24065,2.0,ultramap,D,Moyen
plot_24066,2.0,ultramap,D,Faible
plot_24067,2.0,ultramap,D,Moyen
plot_24068,2.0,ultramap,C,Faible
plot_24069,2.0,ultramap,D,Moyen
plot_24070,2.0,ultramap,D,Faible
plot_24071,2.0,ultramap,C,Moyen
plot_24072,2.0,ultramap,D,Moyen
plot_24073,2.0,ultramap,M,Faible
plot_24074,2.0,ultramap,M,Faible
plot_24075,2.0,ultramap,C,Faible
plot_24076,2.0,ultramap,C,Faible
plot_24077,1.0,ultramap,D,Faible
plot_24078,1.0,ultramap,D,Faible
plot_24079,1.0,ultramap,D,Moyen
plot_24080,1.0,ultramap,C,Faible
plot_24081,1.0,ultramap,D,Faible
plot_24082,1.0,ultramap,D,Faible
plot_24083,1.0,ultramap,C,Faible
plot_24084,1.0,ultramap,D,Faible
plot_24085,1.0,ultramap,D,Faible
plot_24086,1.0,ultramap,D,Faible
plot_24087,1.0,ultramap,M,Faible
plot_24088,1.0,ultramap,D,Faible
plot_24089,1.0,ultramap,D,Faible
plot_24090,1.0,ultramap,M,Faible
plot_24091,1.0,ultramap,M,Faible
plot_24092,1.0,ultramap,D,Faible
plot_24093,1.0,ultramap,D,Faible
plot_24094,1.0,ultramap,D,Faible
plot_24095,1.0,ultramap,D,Faible
plot_24096,1.0,ultramap,D,Faible
plot_24097,1.0,ultramap,D,Faible
plot_24098,1.0,ultramap,D,Faible
plot_24099,1.0,ultramap,D,Faible
plot_24100,1.0,ultramap,D,Faible
plot_24101,1.0,ultramap,D,Faible
plot_24102,1.0,ultramap,D,Faible
plot_24103,1.0,ultramap,D,Faible
plot_24104,1.0,ultramap,D,Faible
plot_24105,1.0,ultramap,C,Faible
plot_24106,1.0,ultramap,D,Faible
plot_24107,1.0,ultramap,D,Faible
plot_24108,1.0,ultramap,D,Faible
plot_24109,1.0,ultramap,D,Faible
plot_24110,1.0,ultramap,D,Faible
plot_24111,1.0,ultramap,D,Faible
plot_24112,1.0,ultramap,D,Faible
plot_24113,1.0,ultramap,D,Faible
plot_24114,1.0,ultramap,C,Faible
plot_24115,1.0,ultramap,D,Faible
plot_24116,1.0,ultramap,D,Faible
plot_24117,1.0,ultramap,D,Faible
plot_24118,1.0,ultramap,D,Faible
plot_24119,1.0,ultramap,D,Faible
plot_24120,1.0,ultramap,D,Faible
plot_24121,1.0,ultramap,D,Faible
plot_24122,1.0,ultramap,M,Faible
plot_24123,1.0,ultramap,D,Faible
plot_24124,1.0,ultramap,D,Faible
plot_24125,1.0,ultramap,D,Faible
plot_24126,1.0,ultramap,D,Faible
plot_24127,1.0,ultramap,D,Faible
plot_24128,1.0,ultramap,D,Faible
plot_24129,1.0,ultramap,D,Faible
plot_24130,1.0,ultramap,D,Faible
plot_24131,1.0,ultramap,D,Faible
plot_24132,1.0,ultramap,D,Faible
plot_24133,1.0,ultramap,D,Faible
plot_24134,1.0,ultramap,D,Faible
plot_24135,1.0,ultramap,D,Faible
plot_24136,1.0,ultramap,D,Faible
plot_24137,1.0,ultramap,D,Faible
plot_24138,1.0,ultramap,D,Faible
plot_24139,1.0,ultramap,D,Faible
plot_24140,1.0,ultramap,D,Faible
plot_24141,1.0,ultramap,D,Faible
plot_24142,1.0,ultramap,D,Faible
plot_24143,1.0,ultramap,M,Faible
plot_24144,1.0,ultramap,D,Faible
plot_24145,1.0,ultramap,D,Faible
plot_24146,1.0,ultramap,D,Faible
plot_24147,1.0,ultramap,D,Faible
plot_24148,2.0,ultramap,D,Moyen
plot_24149,1.0,ultramap,D,Faible
plot_24150,2.0,ultramap,D,Moyen
plot_24151,1.0,ultramap,D,Faible
plot_24152,2.0,ultramap,D,Moyen
plot_24153,2.0,ultramap,D,Moyen
plot_24154,1.0,ultramap,D,Moyen
plot_24155,1.0,ultramap,D,Faible
plot_24156,1.0,ultramap,D,Faible
plot_24157,1.0,ultramap,D,Faible
plot_24158,1.0,ultramap,D,Faible
plot_24159,1.0,ultramap,D,Faible
plot_24160,1.0,ultramap,D,Moyen
plot_24161,1.0,ultramap,D,Faible
plot_24162,2.0,ultramap,D,Moyen
plot_24163,2.0,ultramap,D,Moyen
plot_24164,1.0,ultramap,D,Faible
plot_24165,1.0,ultramap,D,Moyen
plot_24166,1.0,ultramap,D,Faible
plot_24167,1.0,ultramap,D,Faible
plot_24168,1.0,ultramap,D,Faible
plot_24169,1.0,ultramap,C,Faible
plot_24170,1.0,ultramap,C,Faible
plot_24171,1.0,ultramap,D,Faible
plot_24172,1.0,ultramap,C,Faible
plot_24173,1.0,ultramap,D,Faible
plot_24174,1.0,ultramap,D,Faible
plot_24175,1.0,ultramap,C,Faible
plot_24176,1.0,ultramap,D,Faible
plot_24177,1.0,ultramap,D,Faible
plot_24178,1.0,ultramap,M,Faible
plot_24179,1.0,ultramap,M,Faible
plot_24180,1.0,ultramap,D,Faible
plot_24181,1.0,ultramap,M,Faible
plot_24182,1.0,ultramap,D,Faible
plot_24183,1.0,ultramap,C,Faible
plot_24184,1.0,ultramap,C,Faible
plot_24185,1.0,ultramap,D,Faible
plot_24186,1.0,ultramap,M,Faible
plot_24187,1.0,ultramap,M,Faible
plot_24188,1.0,ultramap,D,Faible
plot_24189,1.0,ultramap,D,Faible
plot_24190,1.0,ultramap,C,Faible
plot_24191,1.0,ultramap,C,Faible
plot_24192,1.0,ultramap,D,Faible
plot_24193,1.0,ultramap,D,Faible
plot_24194,1.0,ultramap,D,Faible
plot_24195,1.0,ultramap,D,Faible
plot_24196,1.0,ultramap,D,Faible
plot_24197,1.0,ultramap,D,Faible
plot_24198,1.0,ultramap,D,Faible
plot_24199,1.0,ultramap,M,Faible
plot_24200,1.0,ultramap,D,Faible
plot_24201,1.0,ultramap,D,Faible
plot_24202,1.0,ultramap,D,Faible
plot_24203,1.0,ultramap,D,Faible
plot_24204,1.0,ultramap,D,Faible
plot_24205,1.0,ultramap,D,Faible
plot_24206,1.0,ultramap,D,Faible
plot_24207,1.0,ultramap,D,Faible
plot_24208,1.0,ultramap,D,Faible
plot_24209,1.0,ultramap,D,Faible
plot_24210,1.0,ultramap,D,Faible
plot_24211,1.0,ultramap,D,Faible
plot_24212,1.0,ultramap,D,Faible
plot_24213,1.0,ultramap,D,Faible
plot_24214,1.0,ultramap,D,Faible
plot_24215,1.0,ultramap,D,Faible
plot_24216,1.0,ultramap,D,Faible
plot_24217,1.0,ultramap,D,Faible
plot_24218,1.0,ultramap,D,Faible
plot_24219,1.0,ultramap,D,Faible
plot_24220,1.0,ultramap,D,Faible
plot_24221,1.0,ultramap,D,Faible
plot_24222,1.0,ultramap,D,Faible
plot_24223,1.0,ultramap,D,Faible
plot_24224,1.0,ultramap,C,Faible
plot_24225,1.0,ultramap,M,Faible
plot_24226,1.0,ultramap,D,Faible
plot_24227,1.0,ultramap,M,Faible
plot_24228,1.0,ultramap,D,Faible
plot_24229,1.0,ultramap,D,Faible
plot_24230,1.0,ultramap,D,Faible
plot_24231,1.0,ultramap,D,Faible
plot_24232,1.0,ultramap,C,Faible
plot_24233,1.0,ultramap,C,Faible
plot_24234,1.0,ultramap,D,Faible
plot_24235,1.0,ultramap,D,Faible
plot_24304,2.0,ultramap,D,Moyen
plot_24344,2.0,ultramap,D,Faible
plot_24345,2.0,ultramap,D,Moyen
plot_24346,2.0,ultramap,D,Moyen
plot_24347,2.0,ultramap,D,Faible
plot_24348,2.0,ultramap,D,Moyen
plot_24349,2.0,ultramap,D,Moyen
plot_24350,2.0,ultramap,D,Moyen
plot_24351,2.0,ultramap,D,Moyen
plot_24352,2.0,ultramap,D,Moyen
plot_24353,2.0,ultramap,D,Moyen
plot_24354,2.0,ultramap,D,Moyen
plot_24355,2.0,ultramap,D,Moyen
plot_24356,2.0,ultramap,D,Moyen
plot_24357,2.0,ultramap,D,Moyen
plot_24358,2.0,ultramap,D,Moyen
plot_24359,2.0,ultramap,D,Moyen
plot_24360,2.0,ultramap,D,Moyen
plot_24361,2.0,ultramap,D,Moyen
plot_24362,2.0,ultramap,D,Moyen
plot_24363,2.0,ultramap,D,Moyen
plot_24364,2.0,ultramap,D,Moyen
plot_24365,2.0,ultramap,D,Moyen
plot_24366,2.0,ultramap,D,Moyen
plot_24367,2.0,ultramap,D,Moyen
plot_24368,3.0,ultramap,D,Moyen
plot_24369,2.0,ultramap,D,Moyen
plot_24370,2.0,ultramap,D,Moyen
plot_24371,3.0,ultramap,C,Moyen
plot_24372,3.0,ultramap,D,Moyen
plot_24373,3.0,ultramap,D,Moyen
plot_24374,3.0,ultramap,D,Moyen
plot_24375,3.0,ultramap,D,Moyen
plot_24376,3.0,ultramap,D,Moyen
plot_24377,3.0,ultramap,D,Élevé
plot_24378,3.0,ultramap,D,Élevé
plot_24379,3.0,ultramap,D,Élevé
plot_24380,3.0,ultramap,D,Élevé
plot_24381,3.0,ultramap,M,Élevé
plot_24382,3.0,ultramap,D,Élevé
plot_24383,3.0,ultramap,D,Élevé
plot_24384,3.0,ultramap,M,Élevé
plot_24385,3.0,ultramap,M,Élevé
plot_24386,3.0,ultramap,D,Élevé
plot_24387,3.0,ultramap,D,Élevé
plot_24388,3.0,ultramap,D,Élevé
plot_24389,3.0,ultramap,D,Élevé
plot_24390,3.0,ultramap,M,Élevé
plot_24391,3.0,ultramap,D,Moyen
plot_24392,3.0,ultramap,D,Élevé
plot_24393,3.0,ultramap,M,Élevé
plot_24394,3.0,ultramap,M,Élevé
plot_24395,3.0,ultramap,D,Élevé
plot_24396,3.0,ultramap,D,Élevé
plot_24397,3.0,ultramap,C,Élevé
plot_24398,3.0,ultramap,D,Élevé
plot_24399,3.0,ultramap,D,Élevé
plot_24400,3.0,ultramap,D,Élevé
plot_24401,3.0,ultramap,M,Élevé
plot_24402,3.0,ultramap,D,Élevé
plot_24403,3.0,ultramap,D,Moyen
plot_24404,3.0,ultramap,C,Élevé
plot_24405,3.0,ultramap,C,Élevé
plot_24406,3.0,ultramap,M,Élevé
plot_24407,3.0,ultramap,M,Élevé
plot_24408,3.0,ultramap,M,Élevé
plot_24409,3.0,ultramap,M,Élevé
plot_24410,3.0,ultramap,M,Élevé
plot_24411,3.0,ultramap,M,Élevé
plot_24412,3.0,ultramap,M,Élevé
plot_24413,3.0,ultramap,D,Élevé
plot_24414,3.0,ultramap,D,Élevé
plot_24415,3.0,ultramap,C,Élevé
plot_24416,3.0,ultramap,M,Élevé
plot_24417,3.0,ultramap,M,Élevé
plot_24418,3.0,ultramap,M,Élevé
plot_24419,3.0,ultramap,M,Élevé
plot_24420,3.0,ultramap,D,Moyen
plot_24421,3.0,ultramap,M,Élevé
plot_24422,3.0,ultramap,C,Élevé
plot_24423,3.0,ultramap,D,Élevé
plot_24424,3.0,ultramap,D,Élevé
plot_24425,3.0,ultramap,D,Élevé
plot_24426,3.0,ultramap,D,Élevé
plot_24427,3.0,ultramap,M,Élevé
plot_24428,3.0,ultramap,C,Élevé
plot_24429,3.0,ultramap,M,Élevé
plot_24430,3.0,ultramap,D,Élevé
plot_24431,3.0,ultramap,M,Élevé
plot_24432,3.0,ultramap,D,Élevé
plot_24433,3.0,ultramap,M,Élevé
plot_24434,3.0,ultramap,M,Élevé
plot_24435,3.0,ultramap,M,Élevé
plot_24436,3.0,ultramap,M,Élevé
plot_24437,3.0,ultramap,C,Élevé
plot_24438,3.0,ultramap,D,Élevé
plot_24439,3.0,ultramap,M,Élevé
plot_24440,3.0,ultramap,M,Élevé
plot_24441,3.0,ultramap,C,Élevé
plot_24442,3.0,ultramap,C,Élevé
plot_24443,2.0,ultramap,C,Faible
plot_24444,2.0,ultramap,C,Faible
plot_24445,2.0,ultramap,C,Faible
plot_24446,2.0,ultramap,C,Faible
plot_24447,2.0,ultramap,D,Faible
plot_24448,2.0,ultramap,C,Faible
plot_24449,2.0,ultramap,C,Faible
plot_24450,2.0,ultramap,C,Faible
plot_24451,2.0,ultramap,C,Faible
plot_24452,2.0,ultramap,C,Faible
plot_24453,2.0,ultramap,C,Faible
plot_24454,2.0,ultramap,C,Faible
plot_24455,2.0,ultramap,C,Faible
plot_24456,2.0,ultramap,C,Faible
plot_24457,2.0,ultramap,C,Faible
plot_24458,2.0,ultramap,C,Faible
plot_24459,2.0,ultramap,D,Faible
plot_24460,2.0,ultramap,C,Faible
plot_24461,2.0,ultramap,D,Faible
plot_24462,2.0,ultramap,C,Faible
plot_24463,2.0,ultramap,C,Faible
plot_24464,2.0,ultramap,C,Faible
plot_24465,2.0,ultramap,C,Faible
plot_24466,2.0,ultramap,C,Faible
plot_24467,2.0,ultramap,D,Faible
plot_24468,2.0,ultramap,C,Faible
plot_24469,2.0,ultramap,C,Faible
plot_24470,2.0,ultramap,C,Faible
plot_24471,2.0,ultramap,C,Faible
plot_24472,2.0,ultramap,C,Faible
plot_24473,2.0,ultramap,C,Faible
plot_24474,2.0,ultramap,C,Faible
plot_24475,2.0,ultramap,C,Faible
plot_24476,2.0,ultramap,C,Faible
plot_24477,2.0,ultramap,C,Faible
plot_24478,2.0,ultramap,C,Faible
plot_24479,2.0,ultramap,C,Faible
plot_24480,2.0,ultramap,D,Faible
plot_24481,2.0,ultramap,C,Faible
plot_24482,2.0,ultramap,C,Faible
plot_24483,2.0,ultramap,M,Faible
plot_24484,2.0,ultramap,C,Faible
plot_24485,2.0,ultramap,C,Faible
plot_24486,2.0,ultramap,C,Faible
plot_24487,2.0,ultramap,C,Faible
plot_24488,2.0,ultramap,C,Faible
plot_24489,2.0,ultramap,C,Faible
plot_24490,2.0,ultramap,C,Faible
plot_24491,2.0,ultramap,C,Faible
plot_24492,2.0,ultramap,C,Faible
plot_24493,2.0,ultramap,C,Faible
plot_24494,2.0,ultramap,C,Faible
plot_24495,2.0,ultramap,C,Faible
plot_24496,2.0,ultramap,C,Faible
plot_24497,2.0,ultramap,C,Faible
plot_24498,2.0,ultramap,D,Faible
plot_24499,2.0,ultramap,C,Faible
plot_24500,2.0,ultramap,C,Faible
plot_24501,2.0,ultramap,C,Faible
plot_24502,2.0,ultramap,C,Faible
plot_24503,2.0,ultramap,C,Faible
plot_24504,2.0,ultramap,D,Faible
plot_24505,2.0,ultramap,D,Faible
plot_24506,2.0,ultramap,D,Faible
plot_24507,2.0,ultramap,D,Faible
plot_24508,2.0,ultramap,D,Faible
plot_24509,2.0,ultramap,D,Faible
plot_24510,2.0,ultramap,D,Faible
plot_24511,2.0,ultramap,D,Faible
plot_24512,2.0,ultramap,C,Faible
plot_24513,2.0,ultramap,C,Faible
plot_24514,2.0,ultramap,C,Faible
plot_24515,2.0,ultramap,C,Faible
plot_24516,2.0,ultramap,M,Faible
plot_24517,2.0,ultramap,C,Faible
plot_24518,2.0,ultramap,C,Faible
plot_24519,2.0,ultramap,D,Faible
plot_24520,2.0,ultramap,D,Faible
plot_24521,2.0,ultramap,D,Faible
plot_24522,2.0,ultramap,C,Faible
plot_24523,2.0,ultramap,C,Faible
plot_24524,2.0,ultramap,D,Faible
plot_24525,2.0,ultramap,C,Faible
plot_24526,2.0,ultramap,D,Faible
plot_24527,2.0,ultramap,D,Faible
plot_24528,2.0,ultramap,C,Faible
plot_24529,2.0,ultramap,C,Faible
plot_24530,2.0,ultramap,C,Faible
plot_24531,2.0,ultramap,C,Faible
plot_24532,2.0,ultramap,C,Faible
plot_24533,2.0,ultramap,D,Faible
plot_24534,2.0,ultramap,C,Faible
plot_24535,2.0,ultramap,D,Faible
plot_24536,2.0,ultramap,C,Faible
plot_24537,2.0,ultramap,C,Faible
plot_24538,2.0,ultramap,D,Faible
plot_24539,2.0,ultramap,C,Faible
plot_24540,2.0,ultramap,C,Faible
plot_24541,2.0,ultramap,C,Faible
plot_24542,2.0,ultramap,M,Faible
plot_24543,2.0,ultramap,C,Faible
plot_24544,2.0,ultramap,D,Faible
plot_24545,2.0,ultramap,D,Faible
plot_24546,2.0,ultramap,D,Faible
plot_24547,2.0,ultramap,D,Faible
plot_24548,2.0,ultramap,C,Faible
plot_24549,2.0,ultramap,D,Faible
plot_24550,2.0,ultramap,C,Faible
plot_24551,2.0,ultramap,D,Faible
plot_24552,2.0,ultramap,D,Faible
plot_24553,2.0,ultramap,D,Faible
plot_24554,2.0,ultramap,D,Faible
plot_24555,2.0,ultramap,C,Faible
plot_24556,2.0,ultramap,D,Faible
plot_24557,2.0,ultramap,C,Faible
plot_24558,2.0,ultramap,C,Faible
plot_24559,2.0,ultramap,C,Faible
plot_24560,2.0,ultramap,C,Faible
plot_24561,2.0,ultramap,C,Faible
plot_24562,2.0,ultramap,D,Faible
plot_24563,2.0,ultramap,D,Faible
plot_24564,2.0,ultramap,C,Faible
plot_24565,2.0,ultramap,C,Faible
plot_24566,2.0,ultramap,C,Faible
plot_24567,2.0,ultramap,C,Faible
plot_24568,2.0,ultramap,C,Faible
plot_24569,2.0,ultramap,C,Faible
plot_24570,2.0,ultramap,C,Faible
plot_24578,1.0,ultramap,D,Faible
plot_24672,3.0,micmac,C,Élevé
plot_24673,3.0,micmac,D,Élevé
plot_24674,3.0,micmac,C,Élevé
plot_24675,2.0,micmac,D,Moyen
plot_24676,3.0,micmac,C,Élevé
plot_24677,3.0,micmac,C,Élevé
plot_24678,3.0,micmac,D,Élevé
plot_24679,3.0,micmac,D,Élevé
plot_24680,3.0,micmac,M,Élevé
plot_24681,2.0,micmac,M,Moyen
plot_24682,3.0,micmac,D,Élevé
plot_24683,3.0,micmac,M,Élevé
plot_24684,3.0,micmac,C,Élevé
plot_24685,3.0,micmac,C,Élevé
plot_24686,3.0,micmac,D,Moyen
plot_24687,3.0,micmac,M,Élevé
plot_24688,3.0,micmac,C,Élevé
plot_24689,3.0,micmac,D,Moyen
plot_24690,3.0,micmac,C,Élevé
plot_24691,3.0,micmac,M,Élevé
plot_24692,2.0,micmac,D,Moyen
plot_24693,3.0,micmac,M,Élevé
plot_24694,2.0,micmac,D,Moyen
plot_24695,3.0,micmac,D,Élevé
plot_24696,2.0,micmac,D,Moyen
plot_24697,2.0,micmac,D,Moyen
plot_24698,3.0,micmac,M,Élevé
plot_24699,2.0,micmac,C,Élevé
plot_24700,3.0,micmac,M,Moyen
plot_24701,2.0,micmac,D,Moyen
plot_24702,3.0,micmac,D,Moyen
plot_24703,3.0,micmac,C,Élevé
plot_24704,3.0,micmac,C,Élevé
plot_24705,3.0,micmac,C,Élevé
plot_24706,2.0,micmac,D,Moyen
plot_24707,3.0,micmac,M,Élevé
plot_24708,3.0,micmac,M,Élevé
plot_24709,3.0,micmac,M,Élevé
plot_24710,3.0,micmac,C,Élevé
plot_24711,2.0,micmac,C,Moyen
plot_24712,3.0,micmac,D,Élevé
plot_24713,3.0,micmac,D,Élevé
plot_24714,2.0,micmac,D,Moyen
plot_24715,3.0,micmac,M,Élevé
plot_24716,3.0,micmac,D,Élevé
plot_24717,3.0,micmac,C,Élevé
plot_24718,2.0,micmac,D,Moyen
plot_24719,3.0,micmac,C,Élevé
plot_24720,3.0,micmac,C,Élevé
plot_24721,3.0,micmac,C,Élevé
plot_24722,3.0,micmac,C,Élevé
plot_24723,3.0,micmac,C,Élevé
plot_24724,3.0,micmac,D,Élevé
plot_24725,3.0,micmac,M,Élevé
plot_24726,3.0,micmac,C,Élevé
plot_24727,3.0,micmac,D,Moyen
plot_24728,2.0,micmac,D,Moyen
plot_24729,2.0,micmac,M,Élevé
plot_24730,2.0,micmac,D,Élevé
plot_24731,2.0,micmac,D,Élevé
plot_24732,2.0,micmac,D,Élevé
plot_24733,2.0,micmac,D,Moyen
plot_24734,2.0,micmac,D,Élevé
plot_24735,2.0,micmac,D,Élevé
plot_24736,2.0,micmac,M,Élevé
plot_24737,2.0,micmac,D,Moyen
plot_24738,2.0,micmac,D,Élevé
plot_24739,3.0,micmac,M,Élevé
plot_24740,3.0,micmac,M,Élevé
plot_24741,2.0,micmac,M,Élevé
plot_24742,2.0,micmac,C,Élevé
plot_24743,2.0,micmac,C,Élevé
plot_24744,3.0,micmac,M,Élevé
plot_24745,2.0,micmac,C,Élevé
plot_24746,2.0,micmac,C,Élevé
plot_24747,3.0,micmac,C,Élevé
plot_24748,2.0,micmac,M,Élevé
plot_24749,2.0,micmac,D,Élevé
plot_24750,3.0,micmac,M,Élevé
plot_24751,3.0,micmac,M,Élevé
plot_24752,2.0,micmac,D,Élevé
plot_24753,3.0,micmac,C,Élevé
plot_24754,2.0,micmac,D,Élevé
plot_24755,2.0,micmac,M,Élevé
plot_24756,2.0,micmac,C,Élevé
plot_24757,2.0,micmac,C,Élevé
plot_24758,3.0,micmac,C,Élevé
plot_24759,2.0,micmac,C,Élevé
plot_24760,3.0,micmac,M,Élevé
plot_24761,3.0,micmac,C,Élevé
plot_24762,3.0,micmac,C,Élevé
plot_24763,2.0,micmac,C,Élevé
plot_24765,3.0,micmac,C,Élevé
plot_24766,3.0,micmac,C,Élevé
plot_24767,3.0,micmac,D,Élevé
plot_24768,3.0,micmac,C,Élevé
plot_24769,3.0,micmac,C,Élevé
plot_24770,2.0,micmac,C,Élevé
plot_24771,3.0,micmac,C,Élevé
plot_24772,3.0,micmac,D,Élevé
plot_24773,3.0,micmac,D,Élevé
plot_24774,2.0,micmac,C,Élevé
plot_24775,3.0,micmac,M,Élevé
plot_24776,3.0,micmac,M,Élevé
plot_24777,2.0,micmac,D,Élevé
plot_24778,2.0,micmac,C,Élevé
plot_24779,2.0,micmac,M,Élevé
plot_24780,2.0,micmac,D,Élevé
plot_24781,2.0,micmac,C,Élevé
plot_24782,2.0,micmac,C,Élevé
plot_24783,2.0,micmac,C,Élevé
plot_24784,2.0,micmac,M,Élevé
plot_24785,2.0,micmac,C,Élevé
plot_24786,2.0,micmac,C,Élevé
plot_24787,2.0,micmac,D,Élevé
plot_24788,3.0,micmac,C,Élevé
plot_24789,2.0,micmac,C,Élevé
plot_24790,2.0,micmac,C,Élevé
plot_24791,2.0,micmac,C,Élevé
plot_24792,2.0,micmac,C,Élevé
plot_24793,2.0,micmac,M,Élevé
plot_24794,3.0,micmac,C,Élevé
plot_24795,3.0,micmac,C,Élevé
plot_24796,3.0,micmac,C,Élevé
plot_24797,3.0,micmac,M,Élevé
plot_24798,3.0,micmac,C,Élevé
plot_24799,2.0,micmac,D,Faible
plot_24800,2.0,micmac,D,Faible
plot_24801,1.0,micmac,C,Faible
plot_24802,1.0,micmac,D,Faible
plot_24803,2.0,micmac,D,Faible
plot_24804,1.0,micmac,D,Faible
plot_24805,1.0,micmac,D,Faible
plot_24806,1.0,micmac,D,Faible
plot_24807,1.0,micmac,D,Faible
plot_24808,1.0,micmac,D,Faible
plot_24809,1.0,micmac,C,Faible
plot_24810,1.0,micmac,D,Faible
plot_24811,1.0,micmac,D,Faible
plot_24812,1.0,micmac,D,Faible
plot_24813,1.0,micmac,D,Faible
plot_24814,1.0,micmac,D,Faible
plot_24815,1.0,micmac,C,Faible
plot_24816,1.0,micmac,D,Faible
plot_24817,1.0,micmac,D,Faible
plot_24818,1.0,micmac,D,Faible
plot_24819,1.0,micmac,D,Faible
plot_24820,1.0,micmac,D,Faible
plot_24821,1.0,micmac,D,Faible
plot_24822,1.0,micmac,D,Faible
plot_24823,1.0,micmac,M,Faible
plot_24824,1.0,micmac,D,Faible
plot_24825,1.0,micmac,D,Faible
plot_24826,1.0,micmac,D,Faible
plot_24827,1.0,micmac,D,Faible
plot_24828,1.0,micmac,D,Faible
plot_24829,1.0,micmac,C,Faible
plot_24830,1.0,micmac,D,Faible
plot_24832,2.0,micmac,D,Faible
plot_24833,2.0,micmac,D,Faible
plot_24834,2.0,micmac,D,Faible
plot_24835,2.0,micmac,M,Moyen
plot_24836,2.0,micmac,D,Faible
plot_24837,2.0,micmac,M,Moyen
plot_24838,2.0,micmac,D,Faible
plot_24839,2.0,micmac,D,Faible
plot_24840,2.0,micmac,D,Moyen
plot_24841,2.0,micmac,D,Moyen
plot_24842,2.0,micmac,D,Moyen
plot_24843,2.0,micmac,D,Faible
plot_24844,2.0,micmac,D,Faible
plot_24845,2.0,micmac,D,Moyen
plot_24846,2.0,micmac,D,Moyen
plot_24847,2.0,micmac,D,Faible
plot_24848,2.0,micmac,D,Moyen
plot_24849,2.0,micmac,D,Moyen
plot_24850,2.0,micmac,D,Moyen
plot_24851,2.0,micmac,D,Moyen
plot_24852,2.0,micmac,D,Moyen
plot_24853,2.0,micmac,D,Faible
plot_24854,2.0,micmac,D,Moyen
plot_24855,2.0,micmac,D,Moyen
plot_24856,2.0,micmac,D,Moyen
plot_24857,2.0,micmac,D,Moyen
plot_24858,2.0,micmac,D,Moyen
plot_24859,2.0,micmac,D,Moyen
plot_24860,2.0,micmac,D,Moyen
plot_24861,2.0,micmac,D,Moyen
plot_24862,2.0,micmac,D,Moyen
plot_24863,2.0,micmac,D,Moyen
plot_24864,2.0,micmac,D,Moyen
plot_24865,2.0,micmac,D,Faible
plot_24866,2.0,micmac,D,Moyen
plot_24867,2.0,micmac,D,Faible
plot_24868,2.0,micmac,D,Moyen
plot_24869,2.0,micmac,D,Moyen
plot_24870,2.0,micmac,D,Moyen
plot_24871,2.0,micmac,D,Moyen
plot_24872,2.0,micmac,D,Moyen
plot_24873,2.0,micmac,D,Moyen
plot_24874,2.0,micmac,D,Moyen
plot_24875,2.0,micmac,D,Moyen
plot_24876,2.0,micmac,D,Moyen
plot_24877,2.0,micmac,D,Moyen
plot_24878,2.0,micmac,D,Moyen
plot_24879,2.0,micmac,D,Moyen
plot_24880,2.0,micmac,D,Moyen
plot_24881,2.0,micmac,D,Moyen
plot_24882,2.0,micmac,D,Moyen
plot_24883,2.0,micmac,D,Moyen
plot_24884,2.0,micmac,D,Moyen
plot_24885,2.0,micmac,D,Moyen
plot_24886,2.0,micmac,D,Moyen
plot_24887,2.0,micmac,D,Moyen
plot_24888,2.0,micmac,D,Moyen
plot_24889,2.0,micmac,D,Moyen
plot_24890,2.0,micmac,D,Moyen
plot_24891,2.0,micmac,D,Moyen
plot_24892,2.0,micmac,D,Élevé
plot_24893,2.0,micmac,D,Moyen
plot_24894,2.0,micmac,D,Moyen
plot_24895,2.0,micmac,D,Moyen
plot_24896,2.0,micmac,D,Moyen
plot_24897,2.0,micmac,D,Moyen
plot_24898,2.0,micmac,D,Moyen
plot_24899,2.0,micmac,D,Moyen
plot_24900,2.0,micmac,D,Moyen
plot_24901,2.0,micmac,C,Élevé
plot_24902,2.0,micmac,D,Élevé
plot_24903,2.0,micmac,D,Élevé
plot_24904,2.0,micmac,D,Élevé
plot_24905,2.0,micmac,D,Moyen
plot_24906,2.0,micmac,D,Moyen
plot_24907,2.0,micmac,C,Moyen
plot_24908,2.0,micmac,D,Élevé
plot_24909,2.0,ultramap,C,Faible
plot_24910,2.0,ultramap,C,Faible
plot_24911,2.0,ultramap,C,Faible
plot_24912,2.0,ultramap,D,Faible
plot_24913,2.0,ultramap,D,Faible
plot_24914,2.0,ultramap,D,Faible
plot_24915,2.0,ultramap,D,Faible
plot_24916,2.0,ultramap,C,Faible
plot_24917,2.0,ultramap,C,Faible
plot_24918,2.0,ultramap,D,Faible
plot_24919,2.0,ultramap,D,Faible
plot_24920,2.0,ultramap,D,Faible
plot_24921,2.0,ultramap,C,Faible
plot_24922,2.0,ultramap,D,Faible
plot_24923,2.0,ultramap,D,Faible
plot_24924,2.0,ultramap,D,Faible
plot_24925,2.0,ultramap,D,Faible
plot_24926,2.0,ultramap,C,Faible
plot_24927,2.0,ultramap,C,Faible
plot_24928,2.0,ultramap,D,Faible
plot_24929,2.0,ultramap,C,Faible
plot_24930,2.0,ultramap,D,Faible
plot_24931,2.0,ultramap,D,Faible
plot_24932,2.0,ultramap,D,Faible
plot_24933,2.0,ultramap,D,Moyen
plot_24934,2.0,ultramap,D,Faible
plot_24935,2.0,ultramap,D,Faible
plot_24936,2.0,ultramap,C,Faible
plot_24937,2.0,ultramap,C,Faible
plot_24938,2.0,ultramap,D,Faible
plot_24939,2.0,ultramap,D,Faible
plot_24940,2.0,ultramap,D,Faible
plot_24941,2.0,ultramap,D,Faible
plot_24942,2.0,ultramap,D,Faible
plot_24943,2.0,ultramap,D,Faible
plot_25020,1.0,micmac,D,Faible
plot_25021,1.0,micmac,C,Faible
plot_25022,1.0,micmac,D,Faible
plot_25023,1.0,micmac,D,Faible
plot_25024,1.0,micmac,D,Faible
plot_25025,1.0,micmac,D,Faible
plot_25026,1.0,micmac,D,Faible
plot_25027,1.0,micmac,D,Faible
plot_25028,1.0,micmac,D,Faible
plot_25029,1.0,micmac,D,Faible
plot_25030,1.0,micmac,D,Faible
plot_25031,1.0,micmac,D,Faible
plot_25032,1.0,micmac,D,Faible
plot_25033,1.0,micmac,D,Faible
plot_25034,1.0,micmac,D,Faible
plot_25035,1.0,micmac,D,Faible
plot_25036,1.0,micmac,D,Faible
plot_25037,1.0,micmac,D,Faible
plot_25038,1.0,micmac,D,Faible
plot_25039,1.0,micmac,D,Faible
plot_25040,1.0,micmac,D,Faible
plot_25041,1.0,micmac,D,Faible
plot_25042,1.0,micmac,C,Faible
plot_25043,1.0,micmac,D,Faible
plot_25044,1.0,micmac,D,Faible
plot_25045,1.0,micmac,D,Faible
plot_25046,1.0,micmac,D,Faible
plot_25047,1.0,micmac,D,Faible
plot_25048,1.0,micmac,D,Faible
plot_25049,1.0,micmac,D,Faible
plot_25050,1.0,micmac,D,Faible
plot_25051,1.0,micmac,D,Faible
plot_25052,1.0,micmac,C,Faible
plot_25053,1.0,micmac,D,Faible
plot_25054,1.0,micmac,C,Faible
plot_25055,1.0,micmac,D,Faible
plot_25056,1.0,micmac,D,Faible
plot_25057,1.0,micmac,C,Faible
plot_25058,1.0,micmac,M,Faible
plot_25059,1.0,micmac,D,Faible
plot_25060,1.0,micmac,C,Faible
plot_25061,1.0,micmac,C,Faible
plot_25062,1.0,micmac,D,Faible
plot_25063,1.0,micmac,D,Faible
plot_25064,1.0,micmac,C,Faible
plot_25065,1.0,micmac,D,Faible
plot_25066,1.0,ultramap,C,Faible
plot_25067,1.0,micmac,M,Faible
plot_25068,1.0,micmac,D,Faible
plot_25069,1.0,micmac,D,Faible
plot_25070,1.0,micmac,D,Faible
plot_25071,1.0,micmac,D,Faible
plot_25072,1.0,micmac,D,Faible
plot_25073,1.0,micmac,D,Faible
plot_25074,1.0,micmac,D,Faible
plot_25075,1.0,micmac,D,Faible
plot_25076,1.0,micmac,C,Faible
plot_25077,1.0,micmac,D,Faible
plot_25078,1.0,micmac,D,Faible
plot_25079,1.0,micmac,D,Faible
plot_25080,1.0,micmac,D,Faible
plot_25081,1.0,micmac,D,Faible
plot_25082,1.0,ultramap,D,Faible
plot_25083,1.0,micmac,D,Faible
plot_25084,1.0,micmac,D,Faible
plot_25085,1.0,micmac,D,Faible
plot_25086,1.0,micmac,M,Moyen
plot_25087,1.0,micmac,D,Moyen
plot_25088,1.0,micmac,D,Moyen
plot_25089,1.0,micmac,D,Faible
plot_25090,1.0,micmac,D,Faible
plot_25091,1.0,micmac,D,Faible
plot_25092,1.0,micmac,D,Moyen
plot_25093,1.0,micmac,D,Faible
plot_25094,1.0,micmac,D,Moyen
plot_25095,1.0,micmac,D,Moyen
plot_25096,1.0,micmac,M,Moyen
plot_25097,1.0,micmac,D,Moyen
plot_25098,1.0,micmac,D,Moyen
plot_25099,1.0,micmac,D,Moyen
plot_25100,1.0,micmac,D,Moyen
plot_25101,1.0,micmac,D,Faible
plot_25102,1.0,micmac,D,Faible
plot_25103,1.0,micmac,D,Moyen
plot_25104,1.0,micmac,D,Moyen
plot_25105,1.0,micmac,D,Moyen
plot_25106,1.0,micmac,D,Moyen
plot_25107,1.0,micmac,D,Moyen
plot_25108,1.0,micmac,D,Moyen
plot_25109,1.0,micmac,M,Moyen
plot_25110,1.0,micmac,D,Faible
plot_25111,1.0,micmac,D,Moyen
plot_25112,1.0,micmac,D,Faible
plot_25113,1.0,micmac,M,Faible
plot_25114,1.0,micmac,D,Faible
plot_25115,1.0,micmac,D,Faible
plot_25116,1.0,micmac,C,Faible
plot_25117,1.0,micmac,D,Faible
plot_25118,1.0,micmac,C,Faible
plot_25119,1.0,micmac,C,Faible
plot_25120,1.0,micmac,D,Faible
plot_25121,1.0,micmac,M,Faible
plot_25122,1.0,micmac,C,Faible
plot_25123,1.0,micmac,C,Faible
plot_25124,1.0,micmac,C,Faible
plot_25125,1.0,micmac,M,Faible
plot_25126,1.0,micmac,C,Faible
plot_25127,1.0,micmac,C,Faible
plot_25128,1.0,micmac,D,Faible
plot_25129,1.0,micmac,C,Faible
plot_25130,1.0,micmac,C,Faible
plot_25131,1.0,micmac,D,Faible
plot_25132,1.0,micmac,D,Faible
plot_25133,1.0,micmac,D,Faible
plot_25134,1.0,micmac,D,Faible
plot_25135,1.0,micmac,D,Faible
plot_25136,1.0,micmac,D,Faible
plot_25137,1.0,micmac,D,Faible
plot_25138,1.0,micmac,D,Faible
plot_25139,1.0,micmac,D,Faible
plot_25140,1.0,micmac,D,Faible
plot_25141,1.0,micmac,D,Faible
plot_25142,1.0,micmac,M,Faible
plot_25143,1.0,micmac,D,Faible
plot_25144,1.0,micmac,D,Faible
plot_25145,1.0,micmac,D,Faible
plot_25146,1.0,micmac,D,Faible
plot_25147,1.0,micmac,D,Faible
plot_25148,1.0,micmac,D,Faible
plot_25149,1.0,micmac,D,Faible
plot_25150,1.0,micmac,D,Moyen
plot_25151,1.0,micmac,D,Faible
plot_25152,1.0,micmac,D,Faible
plot_25153,1.0,micmac,D,Faible
plot_25154,1.0,micmac,D,Faible
plot_25155,1.0,micmac,D,Faible
plot_25156,1.0,micmac,D,Faible
plot_25157,1.0,micmac,D,Moyen
plot_25158,1.0,micmac,D,Faible
plot_25159,1.0,micmac,D,Moyen
plot_25160,2.0,micmac,D,Moyen
plot_25161,2.0,micmac,D,Moyen
plot_25162,2.0,micmac,D,Moyen
plot_25163,1.0,micmac,D,Moyen
plot_25164,2.0,micmac,D,Moyen
plot_25165,2.0,micmac,D,Moyen
plot_25166,2.0,micmac,D,Moyen
plot_25167,2.0,micmac,D,Moyen
plot_25168,2.0,micmac,D,Moyen
plot_25169,2.0,micmac,D,Moyen
plot_25170,2.0,micmac,D,Moyen
plot_25171,2.0,micmac,D,Moyen
plot_25172,2.0,micmac,D,Moyen
plot_25173,2.0,micmac,C,Moyen
plot_25174,2.0,micmac,M,Moyen
plot_25175,2.0,micmac,D,Moyen
plot_25176,2.0,micmac,C,Faible
plot_25177,2.0,micmac,D,Moyen
plot_25178,2.0,micmac,D,Moyen
plot_25179,2.0,micmac,D,Moyen
plot_25180,2.0,micmac,D,Moyen
plot_25181,2.0,micmac,D,Moyen
plot_25182,2.0,micmac,D,Moyen
plot_25183,2.0,micmac,D,Faible
plot_25184,2.0,micmac,D,Moyen
plot_25185,2.0,micmac,D,Moyen
plot_25186,2.0,micmac,D,Moyen
plot_25187,2.0,micmac,D,Moyen
plot_25188,2.0,micmac,D,Moyen
plot_25189,2.0,micmac,D,Moyen
plot_25190,2.0,micmac,D,Moyen
plot_25191,2.0,micmac,D,Moyen
plot_25192,2.0,micmac,D,Moyen
plot_25193,2.0,micmac,D,Moyen
plot_25194,2.0,micmac,D,Moyen
plot_25195,2.0,micmac,D,Moyen
plot_25196,2.0,micmac,D,Moyen
plot_25197,2.0,micmac,D,Moyen
plot_25198,2.0,micmac,D,Moyen
plot_25199,2.0,micmac,D,Moyen
plot_25200,2.0,micmac,D,Moyen
plot_25201,2.0,micmac,D,Moyen
plot_25202,2.0,micmac,D,Moyen
plot_25203,2.0,micmac,D,Moyen
plot_25204,2.0,micmac,M,Moyen
plot_25205,2.0,micmac,D,Moyen
plot_25206,2.0,micmac,D,Moyen
plot_25207,2.0,micmac,D,Moyen
plot_25208,2.0,micmac,C,Moyen
plot_25209,2.0,micmac,D,Moyen
plot_25210,2.0,micmac,D,Moyen
plot_25211,2.0,micmac,D,Moyen
plot_25212,2.0,micmac,D,Moyen
plot_25213,2.0,micmac,D,Moyen
plot_25214,2.0,micmac,D,Moyen
plot_25215,2.0,micmac,C,Moyen
plot_25216,2.0,micmac,D,Moyen
plot_25217,2.0,micmac,D,Moyen
plot_25218,2.0,micmac,D,Moyen
plot_25219,2.0,micmac,C,Moyen
plot_25220,2.0,micmac,D,Moyen
plot_25221,2.0,micmac,D,Moyen
plot_25222,2.0,micmac,D,Moyen
plot_25223,2.0,micmac,D,Moyen
plot_25224,2.0,micmac,D,Moyen
plot_25225,2.0,micmac,M,Moyen
plot_25226,2.0,micmac,D,Moyen
plot_25227,2.0,micmac,D,Moyen
plot_25228,2.0,micmac,C,Moyen
plot_25229,2.0,micmac,D,Moyen
plot_25230,2.0,micmac,D,Moyen
plot_25231,2.0,micmac,D,Moyen
plot_25232,2.0,micmac,D,Moyen
plot_25233,2.0,micmac,D,Moyen
plot_25234,2.0,micmac,D,Moyen
plot_25235,2.0,micmac,D,Moyen
plot_25236,2.0,micmac,D,Moyen
plot_25237,2.0,micmac,C,Moyen
plot_25239,2.0,micmac,D,Moyen
plot_25240,2.0,micmac,D,Moyen
plot_25241,2.0,micmac,M,Moyen
plot_25242,2.0,micmac,D,Moyen
plot_25243,2.0,micmac,D,Moyen
plot_25244,2.0,micmac,D,Moyen
plot_25245,2.0,micmac,D,Moyen
plot_25246,2.0,micmac,D,Moyen
plot_25247,2.0,micmac,D,Moyen
plot_25248,2.0,micmac,M,Moyen
plot_25249,2.0,micmac,M,Moyen
plot_25250,2.0,micmac,D,Moyen
plot_25251,2.0,micmac,D,Moyen
plot_25252,2.0,micmac,D,Moyen
plot_25253,2.0,micmac,D,Moyen
plot_25254,2.0,micmac,D,Moyen
plot_25255,2.0,micmac,D,Moyen
plot_25256,2.0,micmac,D,Moyen
plot_25257,2.0,micmac,D,Moyen
plot_25258,2.0,micmac,D,Moyen
plot_25259,2.0,micmac,M,Moyen
plot_25260,2.0,micmac,D,Moyen
plot_25261,2.0,micmac,D,Moyen
plot_25262,2.0,micmac,D,Moyen
plot_25263,2.0,micmac,D,Moyen
plot_25264,2.0,micmac,D,Moyen
plot_25265,2.0,micmac,D,Moyen
plot_25266,2.0,micmac,D,Moyen
plot_25267,1.0,micmac,D,Faible
plot_25268,1.0,micmac,C,Faible
plot_25269,1.0,micmac,D,Faible
plot_25270,1.0,micmac,D,Faible
plot_25271,1.0,micmac,D,Faible
plot_25272,1.0,micmac,D,Moyen
plot_25273,1.0,micmac,D,Faible
plot_25274,1.0,micmac,D,Faible
plot_25275,1.0,micmac,D,Moyen
plot_25276,1.0,micmac,D,Faible
plot_25277,1.0,micmac,D,Faible
plot_25278,1.0,micmac,D,Moyen
plot_25279,1.0,micmac,C,Moyen
plot_25280,1.0,micmac,D,Faible
plot_25281,1.0,micmac,D,Faible
plot_25282,1.0,micmac,D,Faible
plot_25283,1.0,micmac,D,Faible
plot_25284,2.0,micmac,D,Moyen
plot_25285,2.0,micmac,D,Moyen
plot_25286,2.0,micmac,D,Moyen
plot_25287,2.0,micmac,D,Moyen
plot_25288,2.0,micmac,D,Moyen
plot_25289,2.0,micmac,D,Moyen
plot_25290,2.0,micmac,D,Moyen
plot_25291,2.0,micmac,D,Moyen
plot_25292,2.0,micmac,M,Moyen
plot_25293,2.0,micmac,D,Moyen
plot_25294,2.0,micmac,D,Moyen
plot_25295,2.0,micmac,D,Moyen
plot_25296,2.0,micmac,M,Moyen
plot_25297,2.0,micmac,D,Moyen
plot_25298,2.0,micmac,D,Moyen
plot_25299,2.0,micmac,D,Moyen
plot_25300,2.0,micmac,D,Moyen
plot_25301,2.0,micmac,D,Moyen
plot_25302,2.0,micmac,D,Moyen
plot_25303,2.0,micmac,D,Moyen
plot_25304,2.0,micmac,D,Moyen
plot_25305,2.0,micmac,D,Moyen
plot_25306,2.0,micmac,D,Moyen
plot_25307,2.0,micmac,D,Moyen
plot_25308,2.0,micmac,D,Moyen
plot_25309,2.0,micmac,D,Moyen
plot_25310,2.0,micmac,C,Moyen
plot_25311,2.0,micmac,D,Moyen
plot_25312,2.0,micmac,D,Moyen
plot_25313,2.0,micmac,D,Moyen
plot_25314,2.0,micmac,D,Moyen
plot_25315,2.0,micmac,D,Moyen
plot_25316,2.0,micmac,D,Moyen
plot_25317,2.0,micmac,D,Moyen
plot_25318,2.0,micmac,D,Moyen
plot_25319,2.0,micmac,D,Moyen
plot_25320,2.0,micmac,D,Moyen
plot_25322,2.0,micmac,D,Moyen
plot_25323,2.0,micmac,D,Moyen
plot_25324,2.0,micmac,D,Moyen
plot_25325,2.0,micmac,D,Moyen
plot_25326,2.0,micmac,D,Moyen
plot_25327,2.0,micmac,D,Moyen
plot_25328,2.0,micmac,D,Moyen
plot_25329,2.0,micmac,D,Moyen
plot_25330,2.0,micmac,D,Faible
plot_25331,2.0,micmac,D,Moyen
plot_25332,2.0,micmac,D,Moyen
plot_25333,2.0,micmac,D,Moyen
plot_25334,2.0,micmac,D,Moyen
plot_25335,2.0,micmac,D,Moyen
plot_25336,2.0,micmac,D,Moyen
plot_25337,2.0,micmac,D,Moyen
plot_25338,2.0,micmac,D,Moyen
plot_25339,2.0,micmac,D,Moyen
plot_25340,2.0,micmac,D,Moyen
plot_25341,2.0,micmac,D,Moyen
plot_25342,2.0,micmac,D,Moyen
plot_25343,2.0,micmac,D,Moyen
plot_25344,2.0,micmac,D,Moyen
plot_25345,2.0,micmac,D,Moyen
plot_25346,2.0,micmac,D,Moyen
plot_25347,2.0,micmac,D,Moyen
plot_25348,2.0,micmac,D,Moyen
plot_25349,2.0,micmac,D,Moyen
plot_25350,2.0,micmac,M,Moyen
plot_25351,3.0,micmac,D,Moyen
plot_25352,3.0,micmac,M,Moyen
plot_25353,2.0,micmac,D,Moyen
plot_25354,2.0,micmac,D,Moyen
plot_25355,3.0,micmac,C,Moyen
plot_25356,3.0,micmac,C,Moyen
plot_25357,3.0,micmac,M,Moyen
plot_25358,3.0,micmac,C,Moyen
plot_25359,3.0,micmac,C,Moyen
plot_25360,3.0,micmac,C,Moyen
plot_25361,2.0,micmac,D,Faible
plot_25362,1.0,micmac,D,Faible
plot_25363,2.0,micmac,D,Moyen
plot_25364,1.0,micmac,D,Moyen
plot_25365,1.0,micmac,D,Faible
plot_25366,1.0,micmac,D,Moyen
plot_25367,2.0,micmac,D,Moyen
plot_25368,1.0,micmac,D,Moyen
plot_25369,2.0,micmac,D,Faible
plot_25370,2.0,micmac,D,Moyen
plot_25371,2.0,micmac,D,Moyen
plot_25372,2.0,micmac,D,Moyen
plot_25373,1.0,micmac,D,Moyen
plot_25374,1.0,micmac,D,Moyen
plot_25375,1.0,micmac,D,Moyen
plot_25376,1.0,micmac,D,Faible
plot_25377,2.0,micmac,M,Moyen
plot_25378,1.0,micmac,D,Faible
plot_25379,2.0,micmac,D,Moyen
plot_25380,2.0,micmac,D,Moyen
plot_25381,2.0,micmac,D,Moyen
plot_25382,2.0,micmac,D,Moyen
plot_25383,2.0,micmac,D,Moyen
plot_25384,2.0,micmac,D,Moyen
plot_25385,2.0,micmac,D,Moyen
plot_25386,2.0,micmac,D,Moyen
plot_25387,2.0,micmac,D,Moyen
plot_25388,2.0,micmac,D,Moyen
plot_25389,2.0,micmac,D,Moyen
plot_25390,2.0,micmac,D,Moyen
plot_25391,2.0,micmac,D,Moyen
plot_25392,2.0,micmac,D,Moyen
plot_25393,2.0,micmac,D,Moyen
plot_25394,2.0,micmac,D,Moyen
plot_25395,2.0,micmac,D,Moyen
plot_25396,2.0,micmac,D,Moyen
plot_25397,2.0,micmac,D,Moyen
plot_25398,2.0,micmac,D,Moyen
plot_25399,2.0,micmac,D,Moyen
plot_25400,2.0,micmac,D,Moyen
plot_25401,2.0,micmac,D,Moyen
plot_25402,2.0,micmac,D,Moyen
plot_25403,2.0,micmac,D,Moyen
plot_25404,2.0,micmac,D,Moyen
plot_25405,2.0,micmac,D,Moyen
plot_25406,2.0,micmac,D,Moyen
plot_25407,2.0,micmac,D,Moyen
plot_25408,2.0,micmac,D,Moyen
plot_25409,2.0,micmac,D,Moyen
plot_25410,2.0,micmac,D,Moyen
plot_25411,2.0,micmac,D,Moyen
plot_25412,2.0,micmac,D,Moyen
plot_25413,2.0,micmac,D,Moyen
plot_25414,2.0,micmac,D,Moyen
plot_25415,2.0,micmac,D,Moyen
plot_25416,2.0,micmac,D,Moyen
plot_25417,2.0,micmac,D,Moyen
plot_25418,2.0,micmac,D,Moyen
plot_25419,2.0,micmac,D,Moyen
plot_25420,2.0,micmac,D,Moyen
plot_25421,2.0,micmac,D,Moyen
plot_25422,2.0,micmac,D,Moyen
plot_25423,2.0,micmac,D,Moyen
plot_25424,2.0,micmac,D,Moyen
plot_25425,2.0,micmac,D,Moyen
plot_25426,2.0,micmac,D,Moyen
plot_25427,2.0,micmac,D,Moyen
plot_25428,2.0,micmac,D,Moyen
plot_25429,2.0,micmac,D,Moyen
plot_25430,2.0,micmac,D,Moyen
plot_25431,2.0,micmac,D,Moyen
plot_25432,2.0,micmac,D,Moyen
plot_25433,2.0,micmac,D,Moyen
plot_25434,2.0,micmac,D,Moyen
plot_25435,2.0,micmac,D,Moyen
plot_25436,2.0,micmac,D,Moyen
plot_25437,2.0,micmac,D,Moyen
plot_25438,2.0,micmac,D,Moyen
plot_25439,2.0,micmac,D,Moyen
plot_25440,2.0,micmac,D,Moyen
plot_25441,2.0,micmac,D,Moyen
plot_25442,2.0,micmac,D,Moyen
plot_25443,2.0,micmac,D,Moyen
plot_25444,2.0,micmac,D,Moyen
plot_25445,2.0,micmac,D,Moyen
plot_25446,2.0,micmac,D,Moyen
plot_25447,2.0,micmac,D,Moyen
plot_25448,2.0,micmac,D,Moyen
plot_25449,2.0,micmac,D,Moyen
plot_25450,1.0,ultramap,D,Moyen
plot_25451,1.0,ultramap,D,Faible
plot_25452,1.0,ultramap,D,Faible
plot_25453,1.0,ultramap,D,Faible
plot_25454,1.0,ultramap,D,Faible
plot_25455,1.0,ultramap,M,Faible
plot_25456,1.0,ultramap,D,Faible
plot_25457,1.0,ultramap,D,Faible
plot_25458,1.0,ultramap,D,Faible
plot_25459,1.0,ultramap,D,Faible
plot_25460,1.0,ultramap,D,Faible
plot_25461,1.0,ultramap,D,Faible
plot_25462,1.0,ultramap,D,Faible
plot_25463,1.0,ultramap,D,Faible
plot_25464,1.0,ultramap,M,Faible
plot_25465,1.0,ultramap,D,Moyen
plot_25466,1.0,ultramap,M,Faible
plot_25467,1.0,ultramap,C,Faible
plot_25468,1.0,ultramap,D,Faible
plot_25469,1.0,ultramap,D,Faible
plot_25470,1.0,ultramap,D,Faible
plot_25471,1.0,ultramap,C,Faible
plot_25472,1.0,ultramap,D,Faible
plot_25473,1.0,ultramap,C,Faible
plot_25474,1.0,ultramap,C,Faible
plot_25475,1.0,ultramap,D,Faible
plot_25476,1.0,ultramap,D,Faible
plot_25477,1.0,ultramap,D,Faible
plot_25478,1.0,ultramap,M,Faible
plot_25479,1.0,ultramap,D,Faible
plot_25480,1.0,ultramap,D,Faible
plot_25481,1.0,ultramap,D,Faible
plot_25482,1.0,ultramap,D,Faible
plot_25483,1.0,ultramap,D,Faible
plot_25484,1.0,ultramap,D,Faible
plot_25485,1.0,ultramap,D,Faible
plot_25486,1.0,ultramap,D,Faible
plot_25487,1.0,ultramap,M,Faible
plot_25488,1.0,ultramap,D,Faible
plot_25489,1.0,ultramap,D,Faible
plot_25490,1.0,ultramap,D,Faible
plot_25491,1.0,ultramap,D,Faible
plot_25492,1.0,ultramap,D,Faible
plot_25493,1.0,ultramap,D,Faible
plot_25494,1.0,ultramap,D,Faible
plot_25495,1.0,ultramap,C,Faible
plot_25496,1.0,ultramap,D,Faible
plot_25497,1.0,ultramap,M,Faible
plot_25498,1.0,ultramap,D,Faible
plot_25499,1.0,ultramap,D,Faible
plot_25500,1.0,ultramap,D,Faible
plot_25501,1.0,ultramap,D,Faible
plot_25502,1.0,ultramap,D,Faible
plot_25503,1.0,ultramap,M,Faible
plot_25504,1.0,ultramap,C,Faible
plot_25505,1.0,ultramap,D,Faible
plot_25506,1.0,ultramap,C,Faible
plot_25507,1.0,ultramap,D,Faible
plot_25508,1.0,ultramap,D,Faible
plot_25509,1.0,ultramap,M,Faible
plot_25510,1.0,ultramap,D,Faible
plot_25511,1.0,ultramap,D,Faible
plot_25512,1.0,ultramap,D,Faible
plot_25513,2.0,micmac,D,Moyen
plot_25514,2.0,micmac,D,Moyen
plot_25515,2.0,micmac,D,Moyen
plot_25516,2.0,micmac,D,Moyen
plot_25517,2.0,micmac,D,Moyen
plot_25518,2.0,micmac,D,Moyen
plot_25519,2.0,micmac,D,Moyen
plot_25520,2.0,micmac,D,Moyen
plot_25521,2.0,micmac,D,Faible
plot_25522,2.0,micmac,D,Faible
plot_25523,2.0,micmac,D,Moyen
plot_25524,2.0,micmac,D,Moyen
plot_25525,2.0,micmac,D,Moyen
plot_25526,2.0,micmac,C,Moyen
plot_25527,2.0,micmac,D,Moyen
plot_25528,2.0,micmac,D,Moyen
plot_25529,2.0,micmac,D,Faible
plot_25530,2.0,micmac,D,Moyen
plot_25531,2.0,micmac,D,Moyen
plot_25532,2.0,micmac,D,Moyen
plot_25533,2.0,micmac,D,Moyen
plot_25534,2.0,micmac,D,Moyen
plot_25535,2.0,micmac,D,Moyen
plot_25536,2.0,micmac,D,Moyen
plot_25537,2.0,micmac,D,Moyen
plot_25538,2.0,micmac,D,Moyen
plot_25539,2.0,micmac,D,Moyen
plot_25540,2.0,micmac,D,Moyen
plot_25541,2.0,micmac,D,Moyen
plot_25542,2.0,micmac,D,Moyen
plot_25543,2.0,micmac,D,Moyen
plot_25544,2.0,micmac,D,Moyen
plot_25545,2.0,micmac,D,Moyen
plot_25546,2.0,micmac,D,Moyen
plot_25547,2.0,micmac,D,Moyen
plot_25548,2.0,micmac,D,Moyen
plot_25549,2.0,micmac,D,Moyen
plot_25550,2.0,micmac,D,Moyen
plot_25551,2.0,micmac,D,Moyen
plot_25552,2.0,micmac,D,Moyen
plot_25553,2.0,micmac,D,Moyen
plot_25554,2.0,micmac,D,Moyen
plot_25555,2.0,micmac,D,Moyen
plot_25556,2.0,micmac,D,Moyen
plot_25557,2.0,micmac,D,Moyen
plot_25558,2.0,micmac,D,Moyen
plot_25559,2.0,micmac,D,Moyen
plot_25560,2.0,micmac,D,Moyen
plot_25561,2.0,micmac,D,Moyen
plot_25562,2.0,micmac,D,Moyen
plot_25563,2.0,micmac,D,Moyen
plot_25564,2.0,micmac,D,Moyen
plot_25565,2.0,micmac,D,Moyen
plot_25566,2.0,micmac,D,Moyen
plot_25567,2.0,micmac,D,Moyen
plot_25568,2.0,micmac,D,Moyen
plot_25569,2.0,micmac,D,Moyen
plot_25570,2.0,micmac,M,Moyen
plot_25571,2.0,micmac,D,Moyen
plot_25572,2.0,micmac,D,Moyen
plot_25573,2.0,micmac,D,Moyen
plot_25574,2.0,micmac,D,Moyen
plot_25575,2.0,micmac,D,Moyen
plot_25576,2.0,micmac,D,Moyen
plot_25577,2.0,micmac,D,Moyen
plot_25578,2.0,micmac,M,Moyen
plot_25579,2.0,micmac,D,Moyen
plot_25580,2.0,micmac,D,Moyen
plot_25581,3.0,micmac,D,Moyen
plot_25582,2.0,micmac,C,Moyen
plot_25583,3.0,micmac,D,Moyen
plot_25584,2.0,micmac,M,Moyen
plot_25585,3.0,micmac,C,Moyen
plot_25586,3.0,micmac,C,Moyen
plot_25587,3.0,micmac,C,Élevé
plot_25588,3.0,micmac,M,Moyen
plot_25589,3.0,micmac,M,Moyen
plot_25590,3.0,micmac,M,Élevé
plot_25591,3.0,micmac,M,Moyen
plot_25592,3.0,micmac,C,Moyen
plot_25593,3.0,micmac,C,Élevé
plot_25594,3.0,micmac,C,Élevé
plot_25595,3.0,micmac,D,Moyen
plot_25596,3.0,micmac,D,Moyen
plot_25597,3.0,micmac,M,Moyen
plot_25598,3.0,ultramap,C,Élevé
plot_25599,3.0,micmac,C,Moyen
plot_25600,3.0,micmac,C,Moyen
plot_25601,3.0,micmac,M,Moyen
plot_25602,1.0,ultramap,D,Moyen
plot_25603,2.0,ultramap,D,Moyen
plot_25604,2.0,ultramap,D,Moyen
plot_25605,2.0,ultramap,D,Moyen
plot_25606,2.0,ultramap,D,Moyen
plot_25607,2.0,ultramap,D,Faible
plot_25608,2.0,ultramap,D,Moyen
plot_25609,2.0,ultramap,D,Moyen
plot_25610,2.0,ultramap,D,Moyen
plot_25611,2.0,ultramap,D,Moyen
plot_25612,2.0,ultramap,D,Moyen
plot_25613,2.0,ultramap,D,Moyen
plot_25614,2.0,ultramap,D,Moyen
plot_25615,2.0,ultramap,D,Faible
plot_25616,2.0,ultramap,D,Moyen
plot_25617,2.0,ultramap,D,Moyen
plot_25618,2.0,ultramap,D,Moyen
plot_25619,2.0,ultramap,D,Moyen
plot_25620,2.0,ultramap,D,Moyen
plot_25621,2.0,ultramap,D,Moyen
plot_25622,2.0,ultramap,D,Moyen
plot_25623,2.0,ultramap,D,Moyen
plot_25624,2.0,ultramap,D,Moyen
plot_25625,2.0,ultramap,D,Moyen
plot_25626,2.0,ultramap,D,Moyen
plot_25627,2.0,ultramap,D,Moyen
plot_25628,2.0,ultramap,M,Moyen
plot_25629,2.0,ultramap,D,Moyen
plot_25630,2.0,ultramap,D,Moyen
plot_25631,2.0,ultramap,D,Faible
plot_25632,2.0,ultramap,D,Moyen
plot_25633,2.0,ultramap,D,Moyen
plot_25634,2.0,ultramap,C,Moyen
plot_25635,2.0,ultramap,D,Moyen
plot_25636,2.0,ultramap,D,Moyen
plot_25637,2.0,ultramap,D,Moyen
plot_25638,2.0,ultramap,D,Faible
plot_25639,2.0,ultramap,D,Moyen
plot_25640,2.0,ultramap,M,Moyen
plot_25641,2.0,ultramap,D,Moyen
plot_25642,2.0,ultramap,D,Moyen
plot_25643,2.0,ultramap,D,Moyen
plot_25644,2.0,ultramap,D,Moyen
plot_25645,2.0,ultramap,D,Moyen
plot_25646,2.0,ultramap,D,Moyen
plot_25647,2.0,ultramap,D,Moyen
plot_25648,2.0,ultramap,D,Moyen
plot_25649,2.0,ultramap,D,Moyen
plot_25650,2.0,ultramap,D,Moyen
plot_25651,2.0,ultramap,D,Moyen
plot_25652,2.0,ultramap,D,Moyen
plot_25653,2.0,ultramap,D,Moyen
plot_25654,2.0,ultramap,D,Moyen
plot_25655,3.0,ultramap,M,Moyen
plot_25656,2.0,ultramap,D,Moyen
plot_25657,2.0,ultramap,D,Moyen
plot_25658,2.0,ultramap,D,Moyen
plot_25659,2.0,ultramap,D,Moyen
plot_25660,2.0,ultramap,D,Faible
plot_25661,2.0,ultramap,D,Moyen
plot_25662,2.0,ultramap,D,Moyen
plot_25663,3.0,ultramap,D,Moyen
plot_25664,3.0,ultramap,D,Moyen
plot_25665,3.0,ultramap,D,Moyen
plot_25666,2.0,ultramap,D,Moyen
plot_25667,2.0,ultramap,D,Moyen
plot_25668,3.0,ultramap,D,Moyen
plot_25669,2.0,ultramap,D,Moyen
plot_25670,2.0,ultramap,D,Moyen
plot_25671,2.0,ultramap,D,Moyen
plot_25672,2.0,ultramap,D,Faible
plot_25673,3.0,ultramap,C,Moyen
plot_25674,3.0,ultramap,D,Moyen
plot_25675,3.0,ultramap,D,Moyen
plot_25676,3.0,ultramap,D,Moyen
plot_25677,3.0,ultramap,M,Moyen
plot_25678,3.0,ultramap,D,Moyen
plot_25679,3.0,ultramap,C,Moyen
plot_25680,2.0,ultramap,D,Moyen
plot_25681,3.0,ultramap,D,Moyen
plot_25682,2.0,ultramap,D,Moyen
plot_25683,2.0,ultramap,D,Moyen
plot_25684,2.0,ultramap,D,Moyen
plot_25685,3.0,ultramap,C,Élevé
plot_25686,3.0,ultramap,C,Moyen
plot_25687,2.0,ultramap,D,Moyen
plot_25688,3.0,ultramap,D,Élevé
plot_25689,3.0,ultramap,D,Élevé
plot_25690,3.0,ultramap,C,Élevé
plot_25691,3.0,ultramap,C,Élevé
plot_25692,2.0,ultramap,D,Moyen
plot_25693,3.0,ultramap,D,Élevé
plot_25694,3.0,ultramap,D,Élevé
plot_25695,3.0,ultramap,D,Moyen
plot_25696,2.0,ultramap,D,Moyen
plot_25697,1.0,ultramap,D,Moyen
plot_25698,1.0,ultramap,D,Faible
plot_25699,1.0,ultramap,D,Faible
plot_25700,1.0,ultramap,D,Faible
plot_25701,1.0,ultramap,D,Faible
plot_25702,1.0,ultramap,D,Faible
plot_25703,1.0,ultramap,D,Faible
plot_25704,1.0,ultramap,D,Faible
plot_25705,1.0,ultramap,D,Faible
plot_25706,1.0,ultramap,D,Moyen
plot_25707,1.0,ultramap,D,Faible
plot_25708,1.0,ultramap,D,Faible
plot_25709,1.0,ultramap,D,Faible
plot_25710,1.0,ultramap,D,Faible
plot_25711,1.0,ultramap,D,Faible
plot_25712,1.0,ultramap,D,Faible
plot_25713,1.0,ultramap,D,Faible
plot_25714,1.0,ultramap,D,Faible
plot_25715,1.0,ultramap,D,Faible
plot_25716,1.0,ultramap,D,Faible
plot_25717,1.0,ultramap,D,Faible
plot_25718,1.0,ultramap,D,Faible
plot_25719,1.0,ultramap,D,Faible
plot_25720,1.0,ultramap,D,Faible
plot_25721,1.0,ultramap,D,Faible
plot_25722,1.0,ultramap,D,Faible
plot_25723,1.0,ultramap,D,Faible
plot_25724,1.0,ultramap,D,Faible
plot_25725,1.0,ultramap,D,Faible
plot_25726,1.0,ultramap,D,Faible
plot_25727,1.0,ultramap,D,Faible
plot_25728,1.0,ultramap,D,Faible
plot_25729,1.0,ultramap,M,Faible
plot_25730,1.0,ultramap,D,Faible
plot_25731,1.0,ultramap,D,Faible
plot_25732,1.0,ultramap,D,Faible
plot_25733,1.0,ultramap,D,Faible
plot_25734,1.0,ultramap,D,Faible
plot_25735,1.0,ultramap,D,Faible
plot_25736,1.0,ultramap,D,Faible
plot_25737,1.0,ultramap,D,Faible
plot_25738,1.0,ultramap,D,Faible
plot_25739,1.0,ultramap,D,Faible
plot_25740,1.0,ultramap,D,Faible
plot_25741,1.0,ultramap,D,Faible
plot_25742,1.0,ultramap,D,Faible
plot_25743,1.0,ultramap,D,Faible
plot_25744,1.0,ultramap,D,Faible
plot_25745,1.0,ultramap,D,Faible
plot_25746,1.0,ultramap,M,Faible
plot_25747,1.0,ultramap,D,Faible
plot_25748,1.0,ultramap,D,Faible
plot_25749,1.0,ultramap,C,Faible
plot_25750,1.0,ultramap,D,Moyen
plot_25751,1.0,ultramap,D,Faible
plot_25752,1.0,ultramap,D,Faible
plot_25753,1.0,ultramap,M,Moyen
plot_25754,1.0,ultramap,C,Moyen
plot_25755,1.0,ultramap,C,Moyen
plot_25756,1.0,ultramap,C,Moyen
plot_25757,1.0,ultramap,M,Moyen
plot_25758,1.0,ultramap,D,Moyen
plot_25759,1.0,ultramap,D,Moyen
plot_25760,1.0,ultramap,C,Moyen
plot_25761,1.0,ultramap,D,Moyen
plot_25762,1.0,ultramap,D,Faible
plot_25763,1.0,ultramap,D,Faible
plot_25764,1.0,ultramap,D,Moyen
plot_25765,1.0,ultramap,D,Faible
plot_25766,1.0,ultramap,C,Moyen
plot_25767,1.0,ultramap,D,Moyen
plot_25768,1.0,ultramap,D,Faible
plot_25769,1.0,ultramap,D,Moyen
plot_25770,1.0,ultramap,C,Moyen
plot_25771,1.0,ultramap,C,Moyen
plot_25772,1.0,ultramap,D,Faible
plot_25773,1.0,ultramap,D,Moyen
plot_25774,1.0,ultramap,M,Moyen
plot_25775,1.0,ultramap,M,Moyen
plot_25776,1.0,ultramap,D,Moyen
plot_25777,1.0,ultramap,C,Moyen
plot_25778,1.0,ultramap,C,Moyen
plot_25779,1.0,ultramap,C,Moyen
plot_25780,1.0,ultramap,C,Moyen
plot_25781,1.0,ultramap,C,Moyen
plot_25782,1.0,ultramap,D,Moyen
plot_25783,1.0,ultramap,D,Moyen
plot_25784,1.0,ultramap,D,Moyen
plot_25785,1.0,ultramap,D,Moyen
plot_25786,1.0,ultramap,D,Faible
plot_25787,1.0,ultramap,D,Moyen
plot_25788,1.0,ultramap,D,Moyen
plot_25789,1.0,ultramap,D,Moyen
plot_25790,1.0,ultramap,D,Moyen
plot_25791,1.0,ultramap,D,Moyen
plot_25792,1.0,ultramap,D,Moyen
plot_25793,1.0,ultramap,D,Moyen
plot_25794,1.0,ultramap,D,Moyen
plot_25795,1.0,ultramap,C,Moyen
plot_25796,1.0,ultramap,D,Faible
plot_25797,1.0,ultramap,D,Faible
plot_25798,1.0,ultramap,D,Faible
plot_25799,1.0,ultramap,D,Faible
plot_25800,1.0,ultramap,D,Faible
plot_25801,1.0,ultramap,D,Faible
plot_25802,1.0,ultramap,D,Faible
plot_25803,1.0,ultramap,D,Faible
plot_25804,1.0,ultramap,D,Faible
plot_25805,1.0,ultramap,D,Faible
plot_25806,1.0,ultramap,D,Faible
plot_25807,1.0,ultramap,D,Faible
plot_25808,1.0,ultramap,D,Faible
plot_25809,1.0,ultramap,D,Faible
plot_25810,1.0,ultramap,D,Faible
plot_25811,1.0,ultramap,D,Faible
plot_25812,1.0,ultramap,D,Faible
plot_25813,1.0,ultramap,D,Faible
plot_25814,1.0,ultramap,D,Faible
plot_25815,1.0,ultramap,D,Faible
plot_25816,1.0,ultramap,D,Faible
plot_25817,1.0,ultramap,D,Faible
plot_25818,1.0,ultramap,D,Faible
plot_25819,1.0,ultramap,D,Faible
plot_25820,1.0,ultramap,D,Faible
plot_25821,1.0,ultramap,D,Faible
plot_25822,1.0,ultramap,D,Faible
plot_25823,1.0,ultramap,D,Faible
plot_25824,1.0,ultramap,D,Faible
plot_25825,1.0,ultramap,D,Faible
plot_25826,2.0,micmac,D,Moyen
plot_25827,2.0,micmac,D,Élevé
plot_25828,2.0,micmac,D,Élevé
plot_25829,2.0,micmac,C,Élevé
plot_25830,2.0,micmac,D,Élevé
plot_25831,2.0,micmac,D,Élevé
plot_25832,2.0,micmac,C,Élevé
plot_25833,2.0,micmac,C,Élevé
plot_25834,2.0,micmac,C,Élevé
plot_25835,2.0,micmac,D,Élevé
plot_25836,2.0,micmac,D,Élevé
plot_25837,2.0,micmac,D,Élevé
plot_25838,2.0,micmac,C,Élevé
plot_25839,2.0,micmac,D,Élevé
plot_25840,2.0,micmac,D,Élevé
plot_25841,2.0,micmac,D,Élevé
plot_25842,2.0,micmac,C,Élevé
plot_25843,2.0,micmac,D,Élevé
plot_25844,2.0,micmac,D,Élevé
plot_25845,2.0,micmac,D,Élevé
plot_25846,2.0,micmac,M,Élevé
plot_25847,2.0,micmac,C,Élevé
plot_25848,2.0,micmac,D,Élevé
plot_25849,3.0,micmac,D,Élevé
plot_25850,2.0,micmac,D,Moyen
plot_25851,2.0,micmac,M,Élevé
plot_25852,2.0,micmac,D,Élevé
plot_25853,2.0,micmac,C,Élevé
plot_25854,2.0,micmac,M,Élevé
plot_25855,3.0,micmac,C,Élevé
plot_25856,3.0,micmac,M,Élevé
plot_25857,2.0,micmac,D,Moyen
plot_25858,2.0,micmac,D,Élevé
plot_25859,2.0,micmac,M,Élevé
plot_25860,2.0,micmac,D,Élevé
plot_25861,3.0,micmac,C,Élevé
plot_25862,3.0,micmac,M,Élevé
plot_25863,2.0,micmac,D,Moyen
plot_25864,2.0,micmac,D,Élevé
plot_25865,2.0,micmac,D,Élevé
plot_25866,3.0,micmac,D,Élevé
plot_25867,3.0,micmac,D,Élevé
plot_25868,3.0,micmac,C,Élevé
plot_25869,3.0,micmac,D,Élevé
plot_25870,2.0,micmac,D,Élevé
plot_25871,3.0,micmac,D,Élevé
plot_25872,3.0,micmac,M,Élevé
plot_25873,3.0,micmac,C,Élevé
plot_25874,3.0,micmac,C,Élevé
plot_25875,3.0,micmac,D,Élevé
plot_25876,3.0,micmac,M,Élevé
plot_25877,3.0,micmac,D,Élevé
plot_25878,3.0,micmac,C,Élevé
plot_25879,3.0,micmac,D,Moyen
plot_25880,3.0,micmac,D,Élevé
plot_25881,3.0,micmac,C,Élevé
plot_25882,3.0,micmac,D,Élevé
plot_25883,3.0,micmac,D,Élevé
plot_25884,3.0,micmac,C,Élevé
plot_25885,2.0,micmac,D,Élevé
plot_25886,3.0,micmac,C,Élevé
plot_25887,2.0,micmac,D,Élevé
plot_25888,3.0,micmac,D,Élevé
plot_25889,3.0,micmac,D,Élevé
plot_25890,3.0,micmac,D,Élevé
plot_25891,3.0,micmac,C,Élevé
plot_25892,2.0,micmac,D,Moyen
plot_25893,2.0,micmac,D,Élevé
plot_25894,2.0,micmac,D,Moyen
plot_25895,3.0,micmac,D,Élevé
plot_25896,2.0,micmac,D,Moyen
plot_25897,2.0,micmac,D,Élevé
plot_25898,2.0,micmac,D,Moyen
plot_25899,2.0,micmac,D,Élevé
plot_25900,2.0,micmac,M,Élevé
plot_25901,3.0,micmac,D,Élevé
plot_25902,2.0,micmac,D,Moyen
plot_25903,2.0,micmac,D,Élevé
plot_25904,3.0,micmac,D,Moyen
plot_25905,3.0,micmac,D,Élevé
plot_25906,3.0,micmac,C,Moyen
plot_25907,3.0,micmac,D,Élevé
plot_25908,3.0,micmac,C,Élevé
plot_25909,3.0,micmac,M,Élevé
plot_25910,3.0,micmac,D,Moyen
plot_25911,3.0,micmac,M,Moyen
plot_25912,3.0,micmac,C,Élevé
plot_25913,2.0,micmac,M,Élevé
plot_25914,2.0,micmac,D,Élevé
plot_25915,2.0,micmac,M,Moyen
plot_25916,3.0,micmac,D,Moyen
plot_25917,3.0,micmac,D,Élevé
plot_25918,3.0,micmac,D,Élevé
plot_25919,3.0,micmac,C,Élevé
plot_25920,3.0,micmac,C,Élevé
plot_25921,3.0,micmac,C,Élevé
plot_25922,3.0,micmac,C,Élevé
plot_25923,3.0,micmac,C,Élevé
plot_25924,3.0,micmac,C,Élevé
plot_25925,3.0,micmac,D,Élevé
plot_25926,3.0,micmac,C,Élevé
plot_25927,3.0,micmac,C,Élevé
plot_25928,3.0,micmac,M,Élevé
plot_25929,3.0,micmac,C,Élevé
plot_25930,3.0,micmac,D,Élevé
plot_25931,3.0,micmac,C,Élevé
plot_25932,3.0,micmac,C,Élevé
plot_25933,3.0,micmac,C,Élevé
plot_25934,3.0,micmac,C,Élevé
plot_25935,3.0,micmac,C,Élevé
plot_25936,3.0,micmac,C,Élevé
plot_25937,3.0,micmac,C,Élevé
plot_25938,3.0,micmac,C,Élevé
plot_25939,2.0,micmac,D,Élevé
plot_25940,3.0,micmac,M,Élevé
plot_25941,3.0,micmac,M,Élevé
plot_25942,2.0,micmac,D,Élevé
plot_25943,3.0,micmac,M,Élevé
plot_25944,3.0,micmac,D,Élevé
plot_25945,3.0,micmac,C,Élevé
plot_25946,3.0,micmac,M,Élevé
plot_25947,3.0,micmac,C,Élevé
plot_25948,3.0,micmac,C,Élevé
plot_25949,3.0,micmac,C,Élevé
plot_25950,2.0,ultramap,D,Faible
plot_25951,2.0,ultramap,D,Faible
plot_25952,2.0,ultramap,D,Faible
plot_25953,2.0,ultramap,D,Faible
plot_25954,2.0,ultramap,D,Moyen
plot_25955,2.0,ultramap,D,Faible
plot_25956,2.0,ultramap,D,Faible
plot_25957,2.0,ultramap,D,Faible
plot_25958,2.0,ultramap,D,Faible
plot_25959,3.0,ultramap,D,Élevé
plot_25960,3.0,ultramap,D,Élevé
plot_25961,3.0,ultramap,D,Moyen
plot_25962,2.0,ultramap,D,Faible
plot_25963,2.0,ultramap,D,Faible
plot_25964,3.0,ultramap,D,Élevé
plot_25965,2.0,ultramap,D,Faible
plot_25966,2.0,ultramap,D,Faible
plot_25967,3.0,ultramap,D,Moyen
plot_25968,2.0,ultramap,D,Moyen
plot_25969,3.0,ultramap,D,Moyen
plot_25970,2.0,ultramap,D,Faible
plot_25971,2.0,ultramap,D,Faible
plot_25972,2.0,ultramap,D,Moyen
plot_25973,2.0,ultramap,M,Faible
plot_25974,2.0,ultramap,D,Faible
plot_25975,2.0,ultramap,D,Moyen
plot_25976,3.0,ultramap,D,Élevé
plot_25977,2.0,ultramap,D,Faible
plot_25978,2.0,ultramap,D,Moyen
plot_25979,2.0,ultramap,D,Moyen
plot_25980,2.0,ultramap,D,Faible
plot_25981,3.0,ultramap,D,Élevé
plot_25982,3.0,ultramap,D,Élevé
plot_25983,2.0,ultramap,D,Faible
plot_25984,2.0,ultramap,M,Faible
plot_25985,2.0,ultramap,D,Moyen
plot_25986,3.0,ultramap,D,Élevé
plot_25987,3.0,ultramap,D,Élevé
plot_25988,2.0,ultramap,D,Faible
plot_25989,2.0,ultramap,D,Faible
plot_25990,2.0,ultramap,D,Faible
plot_25991,2.0,ultramap,D,Moyen
plot_25992,3.0,ultramap,D,Élevé
plot_25993,2.0,ultramap,D,Moyen
plot_25994,2.0,ultramap,D,Moyen
plot_25995,2.0,ultramap,D,Faible
plot_25996,2.0,ultramap,D,Faible
plot_25997,2.0,ultramap,D,Faible
plot_25998,2.0,ultramap,D,Faible
plot_25999,2.0,ultramap,D,Faible
plot_26000,2.0,ultramap,D,Moyen
plot_26001,3.0,ultramap,D,Élevé
plot_26002,3.0,ultramap,C,Élevé
plot_26003,2.0,ultramap,D,Faible
plot_26004,2.0,ultramap,D,Faible
plot_26005,2.0,ultramap,D,Moyen
plot_26006,2.0,ultramap,D,Moyen
plot_26007,2.0,ultramap,D,Faible
plot_26008,2.0,ultramap,D,Moyen
plot_26009,2.0,ultramap,D,Moyen
plot_26010,2.0,ultramap,D,Moyen
plot_26011,2.0,ultramap,C,Moyen
plot_26012,2.0,ultramap,D,Moyen
plot_26013,2.0,ultramap,D,Moyen
plot_26014,2.0,ultramap,D,Moyen
plot_26015,2.0,ultramap,D,Moyen
plot_26016,3.0,ultramap,D,Élevé
plot_26017,3.0,ultramap,D,Élevé
plot_26018,3.0,ultramap,D,Élevé
plot_26019,2.0,ultramap,D,Moyen
plot_26020,2.0,ultramap,D,Moyen
plot_26021,3.0,ultramap,D,Élevé
plot_26022,2.0,ultramap,D,Moyen
plot_26023,3.0,ultramap,D,Élevé
plot_26024,2.0,ultramap,D,Moyen
plot_26025,3.0,ultramap,D,Élevé
plot_26026,3.0,ultramap,D,Élevé
plot_26027,2.0,ultramap,D,Faible
plot_26028,2.0,ultramap,D,Moyen
plot_26029,2.0,ultramap,D,Moyen
plot_26030,3.0,ultramap,D,Élevé
plot_26031,3.0,ultramap,D,Élevé
plot_26032,2.0,ultramap,D,Moyen
plot_26033,3.0,ultramap,D,Élevé
plot_26034,2.0,ultramap,D,Moyen
plot_26035,2.0,ultramap,D,Moyen
plot_26036,3.0,ultramap,D,Élevé
plot_26037,2.0,ultramap,D,Moyen
plot_26038,2.0,ultramap,D,Moyen
plot_26039,3.0,ultramap,D,Élevé
plot_26040,2.0,ultramap,D,Faible
plot_26041,2.0,ultramap,D,Moyen
plot_26042,2.0,ultramap,D,Moyen
plot_26043,3.0,ultramap,D,Élevé
plot_26044,2.0,micmac,D,Moyen
plot_26045,2.0,ultramap,D,Moyen
plot_26046,2.0,ultramap,D,Moyen
plot_26047,3.0,micmac,D,Élevé
plot_26048,2.0,micmac,D,Faible
plot_26049,2.0,micmac,D,Moyen
plot_26050,3.0,micmac,D,Élevé
plot_26051,3.0,micmac,D,Élevé
plot_26052,3.0,micmac,C,Élevé
plot_26053,3.0,micmac,D,Élevé
plot_26054,2.0,micmac,D,Moyen
plot_26055,2.0,micmac,D,Moyen
plot_26056,2.0,micmac,D,Élevé
plot_26057,3.0,micmac,D,Élevé
plot_26058,3.0,micmac,D,Élevé
plot_26059,2.0,micmac,D,Moyen
plot_26060,2.0,micmac,D,Élevé
plot_26061,2.0,micmac,D,Moyen
plot_26062,2.0,micmac,D,Moyen
plot_26063,2.0,micmac,D,Élevé
plot_26064,2.0,micmac,D,Moyen
plot_26065,3.0,micmac,C,Élevé
plot_26066,3.0,micmac,M,Élevé
plot_26067,2.0,micmac,D,Moyen
plot_26068,2.0,micmac,D,Moyen
plot_26069,3.0,micmac,D,Élevé
plot_26070,2.0,micmac,D,Moyen
plot_26071,2.0,micmac,D,Moyen
plot_26072,2.0,micmac,M,Élevé
plot_26073,2.0,micmac,D,Moyen
plot_26074,2.0,micmac,D,Élevé
plot_26075,3.0,micmac,D,Élevé
plot_26076,3.0,micmac,C,Élevé
plot_26077,2.0,micmac,D,Moyen
plot_26078,2.0,micmac,D,Élevé
plot_26079,2.0,micmac,D,Élevé
plot_26080,3.0,micmac,C,Élevé
plot_26081,3.0,micmac,D,Élevé
plot_26082,3.0,micmac,M,Élevé
plot_26083,2.0,micmac,D,Moyen
plot_26084,3.0,micmac,D,Élevé
plot_26085,2.0,micmac,D,Moyen
plot_26086,2.0,micmac,D,Moyen
plot_26087,3.0,micmac,D,Élevé
plot_26088,3.0,micmac,C,Élevé
plot_26089,3.0,micmac,D,Élevé
plot_26090,3.0,micmac,D,Élevé
plot_26091,3.0,micmac,C,Élevé
plot_26092,3.0,ultramap,M,Élevé
plot_26093,3.0,ultramap,C,Élevé
plot_26094,3.0,ultramap,C,Élevé
plot_26095,3.0,ultramap,C,Élevé
plot_26096,3.0,ultramap,C,Élevé
plot_26097,3.0,ultramap,C,Élevé
plot_26098,3.0,ultramap,C,Élevé
plot_26099,3.0,ultramap,D,Élevé
plot_26100,3.0,ultramap,D,Élevé
plot_26101,3.0,ultramap,D,Élevé
plot_26102,3.0,ultramap,D,Élevé
plot_26103,3.0,ultramap,C,Élevé
plot_26104,3.0,ultramap,M,Élevé
plot_26105,3.0,ultramap,C,Élevé
plot_26106,3.0,ultramap,D,Élevé
plot_26107,2.0,ultramap,D,Élevé
plot_26108,2.0,ultramap,D,Moyen
plot_26109,3.0,ultramap,D,Élevé
plot_26110,2.0,ultramap,D,Élevé
plot_26111,3.0,ultramap,C,Élevé
plot_26112,2.0,ultramap,D,Élevé
plot_26113,3.0,ultramap,D,Élevé
plot_26114,3.0,ultramap,D,Moyen
plot_26115,2.0,ultramap,D,Faible
plot_26116,3.0,ultramap,D,Élevé
plot_26117,3.0,ultramap,D,Élevé
plot_26118,2.0,ultramap,D,Moyen
plot_26119,2.0,ultramap,D,Moyen
plot_26120,2.0,ultramap,D,Moyen
plot_26121,3.0,ultramap,D,Moyen
plot_26122,3.0,ultramap,D,Élevé
plot_26123,3.0,ultramap,D,Élevé
plot_26124,3.0,ultramap,D,Élevé
plot_26125,3.0,ultramap,D,Élevé
plot_26126,2.0,ultramap,D,Moyen
plot_26127,2.0,ultramap,D,Moyen
plot_26128,3.0,ultramap,D,Élevé
plot_26129,2.0,ultramap,D,Moyen
plot_26130,3.0,ultramap,D,Élevé
plot_26131,2.0,ultramap,D,Faible
plot_26132,2.0,ultramap,D,Moyen
plot_26133,2.0,ultramap,D,Faible
plot_26134,2.0,ultramap,D,Moyen
plot_26135,2.0,ultramap,D,Faible
plot_26136,2.0,ultramap,D,Élevé
plot_26137,2.0,ultramap,D,Moyen
plot_26138,2.0,ultramap,D,Moyen
plot_26139,2.0,ultramap,D,Moyen
plot_26140,2.0,ultramap,M,Moyen
plot_26141,2.0,ultramap,D,Moyen
plot_26142,3.0,ultramap,D,Moyen
plot_26143,3.0,ultramap,D,Moyen
plot_26144,3.0,ultramap,C,Moyen
plot_26145,3.0,ultramap,D,Moyen
plot_26146,3.0,ultramap,M,Moyen
plot_26147,3.0,ultramap,C,Moyen
plot_26148,3.0,ultramap,D,Moyen
plot_26149,3.0,ultramap,C,Élevé
plot_26150,3.0,ultramap,C,Élevé
plot_26151,3.0,ultramap,M,Élevé
plot_26152,3.0,ultramap,M,Moyen
plot_26153,3.0,ultramap,D,Moyen
plot_26154,3.0,ultramap,C,Moyen
plot_26155,3.0,ultramap,C,Élevé
plot_26156,3.0,ultramap,M,Élevé
plot_26157,3.0,ultramap,D,Moyen
plot_26158,3.0,ultramap,C,Élevé
plot_26159,3.0,ultramap,C,Élevé
plot_26160,3.0,ultramap,C,Moyen
plot_26161,2.0,ultramap,D,Moyen
plot_26162,3.0,ultramap,C,Moyen
plot_26163,3.0,ultramap,C,Moyen
plot_26164,3.0,ultramap,M,Moyen
plot_26165,3.0,ultramap,C,Élevé
plot_26166,3.0,ultramap,D,Élevé
plot_26167,3.0,ultramap,D,Moyen
plot_26168,3.0,ultramap,C,Élevé
plot_26169,2.0,ultramap,D,Moyen
plot_26170,2.0,ultramap,D,Moyen
plot_26171,2.0,ultramap,D,Moyen
plot_26172,3.0,ultramap,C,Élevé
plot_26173,3.0,ultramap,C,Élevé
plot_26174,3.0,ultramap,C,Élevé
plot_26175,3.0,ultramap,C,Moyen
plot_26176,2.0,ultramap,D,Moyen
plot_26177,2.0,ultramap,D,Moyen
plot_26178,3.0,ultramap,D,Moyen
plot_26179,3.0,ultramap,C,Élevé
plot_26180,3.0,ultramap,C,Moyen
plot_26181,2.0,ultramap,D,Moyen
plot_26182,2.0,ultramap,D,Faible
plot_26183,3.0,ultramap,C,Élevé
plot_26184,3.0,ultramap,M,Élevé
plot_26185,3.0,ultramap,D,Moyen
plot_26186,3.0,ultramap,D,Élevé
plot_26187,2.0,ultramap,D,Moyen
plot_26188,3.0,ultramap,D,Moyen
plot_26189,3.0,ultramap,D,Moyen
plot_26190,2.0,ultramap,D,Moyen
plot_26191,2.0,ultramap,C,Faible
plot_26192,3.0,ultramap,M,Moyen
plot_26193,2.0,ultramap,D,Faible
plot_26194,2.0,ultramap,D,Faible
plot_26195,2.0,ultramap,D,Faible
plot_26196,2.0,ultramap,M,Faible
plot_26197,2.0,ultramap,D,Faible
plot_26198,2.0,ultramap,D,Faible
plot_26199,2.0,ultramap,D,Faible
plot_26200,2.0,ultramap,C,Faible
plot_26201,2.0,ultramap,D,Faible
plot_26202,2.0,ultramap,M,Faible
plot_26203,2.0,ultramap,D,Faible
plot_26204,2.0,ultramap,C,Faible
plot_26205,2.0,ultramap,D,Faible
plot_26206,2.0,ultramap,D,Faible
plot_26207,2.0,ultramap,C,Faible
plot_26208,2.0,ultramap,D,Faible
plot_26209,2.0,ultramap,D,Faible
plot_26211,3.0,ultramap,D,Élevé
plot_26212,3.0,ultramap,M,Élevé
plot_26213,3.0,ultramap,D,Élevé
plot_26214,3.0,ultramap,M,Élevé
plot_26215,3.0,ultramap,M,Élevé
plot_26216,3.0,ultramap,M,Élevé
plot_26217,3.0,ultramap,D,Élevé
plot_26218,3.0,ultramap,C,Élevé
plot_26219,3.0,ultramap,C,Élevé
plot_26220,3.0,ultramap,D,Élevé
plot_26221,3.0,ultramap,C,Élevé
plot_26222,3.0,ultramap,D,Élevé
plot_26223,3.0,ultramap,D,Élevé
plot_26224,3.0,ultramap,M,Élevé
plot_26225,3.0,ultramap,M,Élevé
plot_26226,3.0,ultramap,C,Élevé
plot_26227,3.0,ultramap,M,Élevé
plot_26228,3.0,ultramap,M,Élevé
plot_26229,3.0,ultramap,M,Moyen
plot_26230,3.0,ultramap,M,Élevé
plot_26231,3.0,ultramap,D,Élevé
plot_26232,3.0,ultramap,D,Élevé
plot_26233,3.0,ultramap,M,Élevé
plot_26234,3.0,ultramap,D,Moyen
plot_26235,2.0,ultramap,D,Moyen
plot_26236,3.0,ultramap,D,Moyen
plot_26237,3.0,ultramap,C,Élevé
plot_26238,3.0,ultramap,D,Élevé
plot_26239,3.0,ultramap,M,Élevé
plot_26240,2.0,ultramap,D,Élevé
plot_26241,2.0,ultramap,D,Moyen
plot_26242,2.0,ultramap,D,Faible
plot_26243,2.0,ultramap,D,Moyen
plot_26244,2.0,ultramap,D,Moyen
plot_26245,2.0,ultramap,D,Moyen
plot_26246,2.0,ultramap,D,Faible
plot_26247,2.0,ultramap,D,Faible
plot_26248,2.0,ultramap,D,Moyen
plot_26249,2.0,ultramap,D,Moyen
plot_26250,2.0,ultramap,D,Moyen
plot_26251,2.0,ultramap,D,Moyen
plot_26252,2.0,ultramap,D,Faible
plot_26253,2.0,ultramap,D,Moyen
plot_26254,2.0,ultramap,D,Moyen
plot_26255,2.0,ultramap,D,Moyen
plot_26256,3.0,ultramap,D,Élevé
plot_26257,2.0,ultramap,D,Moyen
plot_26258,2.0,ultramap,D,Moyen
plot_26259,2.0,ultramap,D,Moyen
plot_26260,2.0,ultramap,D,Moyen
plot_26261,2.0,ultramap,D,Moyen
plot_26262,2.0,ultramap,D,Moyen
plot_26263,2.0,ultramap,D,Moyen
plot_26264,2.0,ultramap,D,Moyen
plot_26265,3.0,ultramap,M,Élevé
plot_26266,3.0,ultramap,M,Moyen
plot_26267,3.0,ultramap,C,Élevé
plot_26268,3.0,ultramap,C,Élevé
plot_26269,3.0,ultramap,C,Élevé
plot_26270,3.0,ultramap,C,Élevé
plot_26271,3.0,ultramap,C,Élevé
plot_26272,3.0,ultramap,D,Élevé
plot_26273,3.0,ultramap,C,Élevé
plot_26274,3.0,ultramap,C,Élevé
plot_26275,3.0,ultramap,C,Élevé
plot_26276,3.0,ultramap,C,Élevé
plot_26277,3.0,ultramap,D,Élevé
plot_26278,3.0,ultramap,D,Élevé
plot_26279,3.0,ultramap,M,Élevé
plot_26280,3.0,ultramap,D,Moyen
plot_26281,3.0,ultramap,D,Élevé
plot_26282,2.0,ultramap,D,Moyen
plot_26283,3.0,ultramap,M,Élevé
plot_26284,3.0,ultramap,M,Élevé
plot_26285,2.0,ultramap,D,Élevé
plot_26286,3.0,ultramap,D,Élevé
plot_26287,2.0,ultramap,D,Moyen
plot_26288,3.0,ultramap,D,Élevé
plot_26289,3.0,ultramap,D,Élevé
plot_26290,3.0,ultramap,C,Élevé
plot_26291,3.0,ultramap,D,Élevé
plot_26292,3.0,micmac,M,Élevé
plot_26293,2.0,ultramap,D,Moyen
plot_26294,2.0,ultramap,D,Moyen
plot_26295,3.0,ultramap,D,Moyen
plot_26296,3.0,ultramap,M,Moyen
plot_26297,2.0,ultramap,D,Faible
plot_26298,3.0,ultramap,D,Moyen
plot_26376,2.0,ultramap,D,Moyen
plot_26391,3.0,ultramap,D,Élevé
plot_26395,3.0,ultramap,C,Élevé
plot_26396,2.0,ultramap,D,Moyen
plot_26397,3.0,ultramap,D,Élevé
plot_26398,3.0,ultramap,C,Élevé
plot_26399,3.0,ultramap,M,Élevé
plot_26400,2.0,ultramap,D,Moyen
plot_26401,3.0,ultramap,D,Moyen
plot_26402,3.0,ultramap,C,Moyen
plot_26403,2.0,ultramap,D,Moyen
plot_26404,3.0,ultramap,C,Moyen
plot_26405,2.0,ultramap,D,Moyen
plot_26406,2.0,ultramap,D,Moyen
plot_26407,2.0,ultramap,C,Élevé
plot_26408,2.0,ultramap,C,Moyen
plot_26409,2.0,ultramap,D,Moyen
plot_26410,2.0,ultramap,M,Moyen
plot_26411,2.0,ultramap,D,Moyen
plot_26412,2.0,ultramap,D,Élevé
plot_26413,2.0,ultramap,D,Élevé
plot_26414,2.0,ultramap,C,Moyen
plot_26415,2.0,ultramap,D,Élevé
plot_26416,2.0,ultramap,D,Moyen
plot_26417,2.0,ultramap,D,Moyen
plot_26418,2.0,ultramap,D,Moyen
plot_26419,2.0,ultramap,D,Moyen
plot_26420,2.0,ultramap,D,Élevé
plot_26421,2.0,ultramap,D,Moyen
plot_26422,2.0,ultramap,D,Moyen
plot_26423,2.0,ultramap,C,Moyen
plot_26424,2.0,ultramap,D,Moyen
plot_26425,2.0,ultramap,D,Moyen
plot_26426,2.0,ultramap,D,Moyen
plot_26427,2.0,ultramap,D,Moyen
plot_26428,2.0,ultramap,D,Moyen
plot_26429,2.0,ultramap,D,Moyen
plot_26430,2.0,ultramap,D,Moyen
plot_26431,2.0,ultramap,C,Moyen
plot_26432,2.0,ultramap,D,Moyen
plot_26433,2.0,ultramap,D,Moyen
plot_26434,3.0,ultramap,D,Moyen
plot_26435,2.0,ultramap,C,Moyen
plot_26436,2.0,ultramap,D,Moyen
plot_26437,2.0,ultramap,D,Moyen
plot_26438,3.0,ultramap,C,Moyen
plot_26439,2.0,ultramap,D,Moyen
plot_26440,2.0,ultramap,D,Moyen
plot_26441,2.0,ultramap,D,Moyen
plot_26442,2.0,ultramap,D,Moyen
plot_26443,2.0,ultramap,D,Faible
plot_26444,2.0,ultramap,D,Moyen
plot_26445,2.0,ultramap,D,Moyen
plot_26446,2.0,ultramap,D,Moyen
plot_26447,3.0,ultramap,D,Moyen
plot_26448,2.0,ultramap,D,Moyen
plot_26449,3.0,ultramap,D,Élevé
plot_26450,2.0,ultramap,D,Moyen
plot_26451,2.0,ultramap,D,Faible
plot_26452,2.0,ultramap,D,Faible
plot_26453,2.0,ultramap,D,Moyen
plot_26454,2.0,ultramap,D,Faible
plot_26455,2.0,ultramap,D,Faible
plot_26456,2.0,ultramap,D,Faible
plot_26457,2.0,ultramap,D,Moyen
plot_26458,2.0,ultramap,D,Faible
plot_26459,2.0,ultramap,D,Faible
plot_26460,2.0,ultramap,D,Faible
plot_26461,2.0,ultramap,D,Moyen
plot_26462,2.0,ultramap,D,Moyen
plot_26463,2.0,ultramap,D,Faible
plot_26464,2.0,ultramap,D,Moyen
plot_26465,2.0,ultramap,D,Moyen
plot_26466,2.0,ultramap,D,Faible
plot_26467,2.0,ultramap,D,Moyen
plot_26468,1.0,micmac,D,Faible
plot_26469,1.0,micmac,D,Faible
plot_26470,1.0,micmac,D,Faible
plot_26471,1.0,micmac,D,Faible
plot_26472,1.0,micmac,D,Faible
plot_26473,1.0,micmac,D,Faible
plot_26474,1.0,micmac,C,Faible
plot_26475,1.0,micmac,D,Faible
plot_26476,1.0,micmac,C,Faible
plot_26477,1.0,micmac,D,Faible
plot_26478,1.0,micmac,D,Faible
plot_26479,1.0,micmac,D,Moyen
plot_26480,1.0,micmac,D,Faible
plot_26481,1.0,micmac,D,Moyen
plot_26482,1.0,micmac,D,Moyen
plot_26483,1.0,micmac,C,Faible
plot_26484,1.0,micmac,C,Faible
plot_26485,1.0,micmac,D,Faible
plot_26486,1.0,micmac,D,Faible
plot_26487,1.0,micmac,C,Faible
plot_26488,1.0,micmac,D,Faible
plot_26489,1.0,micmac,D,Faible
plot_26490,1.0,micmac,C,Faible
plot_26491,1.0,micmac,C,Faible
plot_26492,1.0,micmac,D,Faible
plot_26493,1.0,micmac,D,Faible
plot_26494,1.0,micmac,D,Faible
plot_26495,1.0,micmac,D,Faible
plot_26496,1.0,micmac,C,Faible
plot_26497,1.0,micmac,C,Faible
plot_26498,1.0,micmac,C,Faible
plot_26499,1.0,micmac,D,Faible
plot_26500,1.0,micmac,D,Faible
plot_26501,1.0,micmac,D,Faible
plot_26502,1.0,micmac,M,Faible
plot_26503,1.0,micmac,C,Faible
plot_26504,1.0,micmac,C,Faible
plot_26505,1.0,micmac,D,Faible
plot_26506,1.0,micmac,D,Faible
plot_26507,1.0,micmac,D,Faible
plot_26508,1.0,micmac,D,Faible
plot_26509,1.0,micmac,D,Faible
plot_26510,1.0,micmac,D,Faible
plot_26511,1.0,micmac,D,Faible
plot_26512,1.0,micmac,D,Faible
plot_26513,1.0,micmac,D,Faible
plot_26514,1.0,micmac,D,Faible
plot_26515,1.0,micmac,D,Faible
plot_26516,1.0,ultramap,D,Moyen
plot_26517,2.0,ultramap,D,Moyen
plot_26518,3.0,ultramap,D,Élevé
plot_26519,3.0,ultramap,D,Élevé
plot_26520,3.0,ultramap,M,Élevé
plot_26521,2.0,ultramap,C,Moyen
plot_26522,2.0,ultramap,D,Moyen
plot_26523,2.0,ultramap,D,Moyen
plot_26524,3.0,ultramap,D,Élevé
plot_26525,3.0,ultramap,M,Élevé
plot_26526,2.0,ultramap,D,Moyen
plot_26527,2.0,ultramap,D,Élevé
plot_26528,2.0,ultramap,D,Élevé
plot_26529,3.0,ultramap,M,Élevé
plot_26530,3.0,ultramap,M,Élevé
plot_26531,3.0,ultramap,M,Élevé
plot_26532,3.0,ultramap,D,Élevé
plot_26533,3.0,ultramap,D,Élevé
plot_26534,3.0,ultramap,D,Élevé
plot_26535,3.0,ultramap,M,Élevé
plot_26536,3.0,ultramap,D,Élevé
plot_26537,3.0,ultramap,M,Élevé
plot_26538,3.0,ultramap,M,Élevé
plot_26539,3.0,ultramap,M,Élevé
plot_26540,3.0,ultramap,D,Élevé
plot_26541,2.0,ultramap,D,Élevé
plot_26542,2.0,ultramap,D,Élevé
plot_26543,3.0,ultramap,M,Élevé
plot_26544,3.0,ultramap,C,Élevé
plot_26545,3.0,ultramap,C,Élevé
plot_26546,3.0,ultramap,D,Élevé
plot_26547,3.0,ultramap,D,Élevé
plot_26548,3.0,ultramap,M,Élevé
plot_26549,3.0,ultramap,M,Élevé
plot_26550,3.0,ultramap,M,Élevé
plot_26551,3.0,ultramap,D,Moyen
plot_26552,3.0,ultramap,D,Moyen
plot_26553,3.0,ultramap,D,Élevé
plot_26554,3.0,ultramap,D,Élevé
plot_26555,3.0,ultramap,C,Élevé
plot_26556,3.0,ultramap,C,Élevé
plot_26557,3.0,ultramap,D,Élevé
plot_26558,3.0,ultramap,D,Moyen
plot_26559,3.0,ultramap,D,Élevé
plot_26560,3.0,ultramap,D,Élevé
plot_26561,3.0,ultramap,D,Élevé
plot_26562,3.0,ultramap,C,Élevé
plot_26563,3.0,ultramap,C,Élevé
plot_26564,3.0,ultramap,M,Élevé
plot_26565,3.0,ultramap,M,Élevé
plot_26566,3.0,ultramap,D,Élevé
plot_26567,3.0,ultramap,C,Élevé
plot_26568,3.0,ultramap,D,Élevé
plot_26569,3.0,ultramap,C,Élevé
plot_26570,3.0,ultramap,C,Élevé
plot_26571,3.0,ultramap,D,Élevé
plot_26572,3.0,ultramap,C,Élevé
plot_26573,3.0,ultramap,C,Élevé
plot_26574,3.0,ultramap,C,Élevé
plot_26639,1.0,micmac,D,Faible
plot_26640,1.0,micmac,D,Faible
plot_26641,1.0,micmac,D,Faible
plot_26642,1.0,micmac,D,Faible
plot_26643,1.0,micmac,D,Faible
plot_26644,1.0,micmac,D,Faible
plot_26645,1.0,micmac,D,Faible
plot_26646,1.0,micmac,D,Faible
plot_26647,1.0,micmac,C,Faible
plot_26648,1.0,micmac,D,Faible
plot_26649,1.0,micmac,D,Faible
plot_26650,1.0,micmac,D,Faible
plot_26651,1.0,micmac,C,Faible
plot_26652,1.0,micmac,D,Faible
plot_26653,1.0,micmac,D,Faible
plot_26654,1.0,micmac,D,Faible
plot_26655,1.0,micmac,D,Faible
plot_26656,1.0,micmac,D,Faible
plot_26657,1.0,micmac,D,Faible
plot_26658,1.0,micmac,M,Faible
plot_26659,1.0,micmac,C,Faible
plot_26660,1.0,micmac,D,Faible
plot_26661,1.0,micmac,D,Faible
plot_26662,1.0,micmac,C,Faible
plot_26663,1.0,micmac,D,Faible
plot_26664,1.0,micmac,D,Faible
plot_26665,1.0,micmac,D,Faible
plot_26666,1.0,micmac,D,Faible
plot_26667,1.0,micmac,D,Faible
plot_26668,1.0,micmac,D,Faible
plot_26669,1.0,micmac,D,Faible
plot_26670,1.0,micmac,D,Faible
plot_26671,1.0,micmac,D,Moyen
plot_26672,1.0,micmac,D,Faible
plot_26673,1.0,micmac,D,Faible
plot_26674,1.0,micmac,D,Faible
plot_26675,1.0,micmac,D,Faible
plot_26676,1.0,micmac,D,Faible
plot_26677,1.0,micmac,D,Moyen
plot_26678,1.0,micmac,D,Moyen
plot_26679,1.0,micmac,D,Faible
plot_26680,1.0,micmac,D,Moyen
plot_26681,1.0,micmac,D,Faible
plot_26682,1.0,micmac,D,Moyen
plot_26683,1.0,micmac,D,Moyen
plot_26684,1.0,micmac,D,Faible
plot_26745,1.0,ultramap,D,Faible
plot_26745,1.0,ultramap,D,Faible
plot_26745,1.0,ultramap,D,Faible
plot_26745,1.0,ultramap,D,Faible
plot_26746,1.0,ultramap,D,Faible
plot_26746,1.0,ultramap,D,Faible
plot_26746,1.0,ultramap,D,Faible
plot_26746,1.0,ultramap,D,Faible
plot_26747,1.0,ultramap,D,Faible
plot_26747,1.0,ultramap,D,Faible
plot_26747,1.0,ultramap,D,Faible
plot_26747,1.0,ultramap,D,Faible
plot_26748,1.0,ultramap,D,Faible
plot_26748,1.0,ultramap,D,Faible
plot_26748,1.0,ultramap,D,Faible
plot_26748,1.0,ultramap,D,Faible
plot_26749,1.0,ultramap,D,Faible
plot_26749,1.0,ultramap,D,Faible
plot_26749,1.0,ultramap,D,Faible
plot_26749,1.0,ultramap,D,Faible
plot_26750,1.0,ultramap,D,Faible
plot_26750,1.0,ultramap,D,Faible
plot_26750,1.0,ultramap,D,Faible
plot_26750,1.0,ultramap,D,Faible
plot_26751,1.0,ultramap,D,Faible
plot_26751,1.0,ultramap,D,Faible
plot_26751,1.0,ultramap,D,Faible
plot_26751,1.0,ultramap,D,Faible
plot_26752,1.0,ultramap,D,Faible
plot_26752,1.0,ultramap,D,Faible
plot_26752,1.0,ultramap,D,Faible
plot_26752,1.0,ultramap,D,Faible
plot_26753,1.0,ultramap,D,Faible
plot_26753,1.0,ultramap,D,Faible
plot_26753,1.0,ultramap,D,Faible
plot_26753,1.0,ultramap,D,Faible
plot_26754,1.0,ultramap,D,Faible
plot_26754,1.0,ultramap,D,Faible
plot_26754,1.0,ultramap,D,Faible
plot_26754,1.0,ultramap,D,Faible
plot_26755,1.0,ultramap,D,Faible
plot_26755,1.0,ultramap,D,Faible
plot_26755,1.0,ultramap,D,Faible
plot_26755,1.0,ultramap,D,Faible
plot_26756,1.0,ultramap,C,Faible
plot_26756,1.0,ultramap,C,Faible
plot_26756,1.0,ultramap,C,Faible
plot_26756,1.0,ultramap,C,Faible
plot_26757,1.0,ultramap,D,Faible
plot_26757,1.0,ultramap,D,Faible
plot_26757,1.0,ultramap,D,Faible
plot_26757,1.0,ultramap,D,Faible
plot_26758,1.0,ultramap,D,Faible
plot_26758,1.0,ultramap,D,Faible
plot_26758,1.0,ultramap,D,Faible
plot_26758,1.0,ultramap,D,Faible
plot_26759,1.0,ultramap,D,Faible
plot_26759,1.0,ultramap,D,Faible
plot_26759,1.0,ultramap,D,Faible
plot_26759,1.0,ultramap,D,Faible
plot_26760,1.0,ultramap,D,Faible
plot_26760,1.0,ultramap,D,Faible
plot_26760,1.0,ultramap,D,Faible
plot_26760,1.0,ultramap,D,Faible
plot_26761,1.0,ultramap,D,Faible
plot_26761,1.0,ultramap,D,Faible
plot_26761,1.0,ultramap,D,Faible
plot_26761,1.0,ultramap,D,Faible
plot_26762,1.0,ultramap,D,Faible
plot_26762,1.0,ultramap,D,Faible
plot_26762,1.0,ultramap,D,Faible
plot_26762,1.0,ultramap,D,Faible
plot_26763,1.0,ultramap,D,Faible
plot_26763,1.0,ultramap,D,Faible
plot_26763,1.0,ultramap,D,Faible
plot_26763,1.0,ultramap,D,Faible
plot_26764,1.0,ultramap,D,Faible
plot_26764,1.0,ultramap,D,Faible
plot_26764,1.0,ultramap,D,Faible
plot_26764,1.0,ultramap,D,Faible
plot_26765,1.0,ultramap,D,Faible
plot_26765,1.0,ultramap,D,Faible
plot_26765,1.0,ultramap,D,Faible
plot_26765,1.0,ultramap,D,Faible
plot_26766,1.0,ultramap,D,Faible
plot_26766,1.0,ultramap,D,Faible
plot_26766,1.0,ultramap,D,Faible
plot_26766,1.0,ultramap,D,Faible
plot_26767,1.0,ultramap,D,Faible
plot_26767,1.0,ultramap,D,Faible
plot_26767,1.0,ultramap,D,Faible
plot_26767,1.0,ultramap,D,Faible
plot_26768,1.0,ultramap,D,Faible
plot_26768,1.0,ultramap,D,Faible
plot_26768,1.0,ultramap,D,Faible
plot_26768,1.0,ultramap,D,Faible
plot_26769,1.0,ultramap,D,Faible
plot_26769,1.0,ultramap,D,Faible
plot_26769,1.0,ultramap,D,Faible
plot_26769,1.0,ultramap,D,Faible
plot_26770,1.0,ultramap,D,Faible
plot_26770,1.0,ultramap,D,Faible
plot_26770,1.0,ultramap,D,Faible
plot_26770,1.0,ultramap,D,Faible
plot_26771,1.0,ultramap,D,Faible
plot_26771,1.0,ultramap,D,Faible
plot_26771,1.0,ultramap,D,Faible
plot_26771,1.0,ultramap,D,Faible
plot_26772,1.0,ultramap,D,Faible
plot_26772,1.0,ultramap,D,Faible
plot_26772,1.0,ultramap,D,Faible
plot_26772,1.0,ultramap,D,Faible
plot_26773,1.0,ultramap,D,Faible
plot_26773,1.0,ultramap,D,Faible
plot_26773,1.0,ultramap,D,Faible
plot_26773,1.0,ultramap,D,Faible
plot_26774,1.0,ultramap,D,Faible
plot_26775,1.0,ultramap,D,Faible
plot_26776,2.0,ultramap,D,Faible
plot_26777,1.0,ultramap,C,Faible
plot_26778,2.0,ultramap,D,Faible
plot_26779,1.0,ultramap,D,Faible
plot_26780,1.0,ultramap,D,Faible
plot_26781,1.0,ultramap,D,Faible
plot_26782,1.0,ultramap,D,Faible
plot_26783,2.0,ultramap,D,Faible
plot_26784,1.0,ultramap,D,Faible
plot_26785,2.0,ultramap,C,Faible
plot_26786,2.0,ultramap,D,Faible
plot_26787,1.0,ultramap,D,Faible
plot_26788,2.0,ultramap,D,Faible
plot_26789,1.0,ultramap,D,Faible
plot_26790,1.0,ultramap,D,Faible
plot_26791,1.0,ultramap,M,Faible
plot_26792,2.0,ultramap,D,Moyen
plot_26793,2.0,ultramap,D,Faible
plot_26794,2.0,ultramap,D,Faible
plot_26795,2.0,ultramap,D,Faible
plot_26796,2.0,ultramap,D,Faible
plot_26797,1.0,ultramap,D,Faible
plot_26798,1.0,ultramap,D,Faible
plot_26799,1.0,ultramap,D,Faible
plot_26800,1.0,ultramap,D,Faible
plot_26801,1.0,ultramap,D,Faible
plot_26802,1.0,ultramap,D,Faible
plot_26803,1.0,ultramap,D,Faible
plot_26804,1.0,ultramap,D,Faible
plot_26805,1.0,ultramap,D,Faible
plot_26806,1.0,ultramap,D,Faible
plot_26807,1.0,ultramap,D,Faible
plot_26808,1.0,ultramap,D,Faible
plot_26809,1.0,ultramap,D,Faible
plot_26810,1.0,ultramap,D,Faible
plot_26811,1.0,ultramap,D,Faible
plot_26812,1.0,ultramap,D,Faible
plot_26813,1.0,ultramap,M,Faible
plot_26814,1.0,ultramap,D,Faible
plot_26815,1.0,ultramap,D,Faible
plot_26816,1.0,ultramap,D,Faible
plot_26817,1.0,ultramap,D,Faible
plot_26818,1.0,ultramap,D,Faible
plot_26819,1.0,ultramap,D,Faible
plot_26820,1.0,ultramap,D,Faible
plot_26821,1.0,ultramap,D,Faible
plot_26822,1.0,ultramap,D,Faible
plot_26823,1.0,ultramap,D,Faible
plot_26824,1.0,ultramap,D,Faible
plot_26825,1.0,ultramap,D,Faible
plot_26826,2.0,micmac,D,Faible
plot_26827,2.0,micmac,C,Moyen
plot_26828,2.0,micmac,D,Moyen
plot_26829,2.0,micmac,D,Moyen
plot_26830,2.0,micmac,D,Moyen
plot_26831,2.0,micmac,D,Moyen
plot_26832,2.0,micmac,D,Moyen
plot_26833,2.0,micmac,D,Moyen
plot_26834,2.0,micmac,M,Moyen
plot_26835,2.0,micmac,D,Moyen
plot_26836,2.0,micmac,D,Moyen
plot_26837,2.0,micmac,D,Moyen
plot_26838,2.0,micmac,D,Moyen
plot_26839,2.0,micmac,D,Faible
plot_26840,2.0,micmac,D,Moyen
plot_26841,2.0,micmac,D,Moyen
plot_26842,2.0,micmac,D,Moyen
plot_26843,2.0,micmac,D,Faible
plot_26844,2.0,micmac,D,Moyen
plot_26845,2.0,micmac,D,Moyen
plot_26846,2.0,micmac,D,Moyen
plot_26847,2.0,micmac,D,Faible
plot_26848,2.0,micmac,D,Moyen
plot_26849,2.0,micmac,D,Moyen
plot_26850,2.0,micmac,D,Faible
plot_26851,2.0,micmac,D,Moyen
plot_26852,2.0,micmac,C,Moyen
plot_26853,2.0,micmac,D,Moyen
plot_26854,2.0,micmac,D,Moyen
plot_26855,2.0,micmac,D,Moyen
plot_26856,2.0,micmac,D,Moyen
plot_26857,2.0,micmac,D,Moyen
plot_26858,2.0,micmac,D,Faible
plot_26859,3.0,micmac,C,Moyen
plot_26860,2.0,micmac,D,Moyen
plot_26861,2.0,micmac,D,Moyen
plot_26862,2.0,micmac,D,Moyen
plot_26863,2.0,micmac,M,Moyen
plot_26864,3.0,micmac,C,Élevé
plot_26865,2.0,micmac,D,Moyen
plot_26866,2.0,micmac,D,Moyen
plot_26867,2.0,micmac,D,Élevé
plot_26868,2.0,micmac,D,Moyen
plot_26869,3.0,micmac,D,Élevé
plot_26870,3.0,micmac,D,Élevé
plot_26871,3.0,micmac,D,Moyen
plot_26872,3.0,micmac,D,Élevé
plot_26873,3.0,micmac,D,Élevé
plot_26874,3.0,micmac,M,Moyen
plot_26875,3.0,micmac,D,Moyen
plot_26876,3.0,micmac,D,Élevé
plot_26877,3.0,micmac,D,Élevé
plot_26878,3.0,micmac,C,Élevé
plot_26879,3.0,micmac,C,Élevé
plot_26880,3.0,micmac,D,Élevé
plot_26881,3.0,micmac,M,Élevé
plot_26882,3.0,micmac,D,Élevé
plot_26883,3.0,micmac,D,Élevé
plot_26884,3.0,micmac,D,Élevé
plot_26885,3.0,micmac,C,Élevé
plot_26886,3.0,micmac,C,Élevé
plot_26887,2.0,micmac,D,Faible
plot_26888,2.0,micmac,D,Faible
plot_26889,2.0,micmac,D,Faible
plot_26890,2.0,micmac,D,Moyen
plot_26891,2.0,micmac,D,Moyen
plot_26892,2.0,micmac,D,Faible
plot_26893,2.0,micmac,D,Faible
plot_26894,2.0,micmac,D,Moyen
plot_26895,2.0,micmac,D,Faible
plot_26896,2.0,micmac,D,Faible
plot_26897,2.0,micmac,D,Faible
plot_26898,2.0,micmac,D,Faible
plot_26899,2.0,micmac,D,Faible
plot_26900,2.0,micmac,D,Faible
plot_26901,2.0,micmac,D,Faible
plot_26902,2.0,micmac,D,Faible
plot_26903,2.0,micmac,D,Faible
plot_26904,2.0,micmac,D,Moyen
plot_26905,2.0,micmac,D,Moyen
plot_26906,2.0,micmac,D,Moyen
plot_26907,2.0,micmac,D,Moyen
plot_26908,2.0,ultramap,D,Moyen
plot_26909,2.0,ultramap,D,Moyen
plot_26910,2.0,ultramap,D,Moyen
plot_26911,2.0,ultramap,D,Moyen
plot_26912,2.0,ultramap,D,Moyen
plot_26913,2.0,ultramap,D,Élevé
plot_26914,2.0,ultramap,M,Moyen
plot_26915,2.0,ultramap,M,Élevé
plot_26916,2.0,ultramap,D,Moyen
plot_26917,2.0,ultramap,D,Moyen
plot_26918,2.0,ultramap,D,Moyen
plot_26919,2.0,ultramap,C,Élevé
plot_26920,2.0,ultramap,C,Moyen
plot_26921,2.0,ultramap,C,Faible
plot_26922,2.0,ultramap,C,Faible
plot_26923,2.0,ultramap,C,Moyen
plot_26924,2.0,ultramap,D,Moyen
plot_26925,2.0,ultramap,M,Élevé
plot_26926,2.0,ultramap,D,Élevé
plot_26927,2.0,ultramap,C,Moyen
plot_26928,2.0,ultramap,M,Élevé
plot_26929,2.0,ultramap,D,Moyen
plot_26930,2.0,ultramap,D,Moyen
plot_26931,2.0,ultramap,C,Moyen
plot_26932,2.0,ultramap,D,Moyen
plot_26933,2.0,ultramap,M,Moyen
plot_26934,2.0,ultramap,D,Élevé
plot_26935,2.0,ultramap,D,Moyen
plot_26936,2.0,ultramap,C,Élevé
plot_26937,2.0,ultramap,D,Moyen
plot_26938,2.0,ultramap,C,Moyen
plot_26939,2.0,ultramap,M,Moyen
plot_26940,2.0,ultramap,D,Élevé
plot_26941,2.0,ultramap,M,Moyen
plot_26942,3.0,ultramap,M,Élevé
plot_26943,2.0,ultramap,D,Élevé
plot_26944,2.0,ultramap,C,Moyen
plot_26945,2.0,ultramap,C,Moyen
plot_26946,3.0,ultramap,M,Élevé
plot_26947,3.0,ultramap,D,Élevé
plot_26948,2.0,ultramap,M,Faible
plot_26949,2.0,ultramap,M,Moyen
plot_26950,2.0,ultramap,M,Moyen
plot_26951,2.0,ultramap,M,Faible
plot_26952,3.0,ultramap,D,Faible
plot_26953,3.0,ultramap,C,Élevé
plot_26954,3.0,ultramap,C,Élevé
plot_26955,3.0,ultramap,M,Élevé
plot_26956,2.0,ultramap,M,Faible
plot_26957,2.0,ultramap,C,Moyen
plot_26958,3.0,ultramap,D,Moyen
plot_26959,3.0,ultramap,D,Moyen
plot_26960,3.0,ultramap,D,Faible
plot_26961,3.0,ultramap,D,Élevé
plot_26962,3.0,ultramap,C,Faible
plot_26963,3.0,ultramap,M,Élevé
plot_26964,3.0,ultramap,D,Moyen
plot_26965,3.0,ultramap,C,Élevé
plot_26966,3.0,ultramap,M,Élevé
plot_26967,2.0,ultramap,M,Moyen
plot_26968,3.0,ultramap,D,Faible
plot_26969,3.0,ultramap,M,Moyen
plot_26970,3.0,ultramap,M,Faible
plot_26971,3.0,ultramap,D,Faible
plot_26972,3.0,ultramap,M,Élevé
plot_26973,3.0,ultramap,D,Moyen
plot_26974,3.0,ultramap,C,Faible
plot_26975,3.0,ultramap,D,Moyen
plot_26976,3.0,ultramap,D,Faible
plot_26977,3.0,ultramap,D,Faible
plot_26978,3.0,ultramap,M,Faible
plot_26979,3.0,ultramap,M,Moyen
plot_26980,2.0,ultramap,C,Moyen
plot_26981,3.0,ultramap,D,Faible
plot_26982,3.0,ultramap,D,Faible
plot_26983,3.0,ultramap,D,Faible
plot_26984,3.0,ultramap,M,Faible
plot_26985,3.0,ultramap,D,Faible
plot_26986,3.0,ultramap,D,Moyen
plot_26987,3.0,ultramap,C,Faible
plot_26988,3.0,ultramap,C,Moyen
plot_26989,3.0,ultramap,D,Faible
plot_26990,2.0,ultramap,M,Faible
plot_26991,2.0,ultramap,D,Moyen
plot_26992,2.0,ultramap,D,Moyen
plot_26993,2.0,ultramap,D,Moyen
plot_26994,2.0,ultramap,D,Faible
plot_26995,2.0,ultramap,D,Moyen
plot_26996,2.0,ultramap,D,Élevé
plot_26997,2.0,ultramap,D,Faible
plot_26998,2.0,ultramap,C,Moyen
plot_26999,2.0,ultramap,D,Moyen
plot_27000,2.0,ultramap,C,Moyen
plot_27001,2.0,ultramap,M,Moyen
plot_27002,3.0,ultramap,D,Élevé
plot_27003,2.0,ultramap,D,Moyen
plot_27004,3.0,ultramap,M,Élevé
plot_27005,2.0,ultramap,C,Élevé
plot_27006,2.0,ultramap,C,Élevé
plot_27007,2.0,ultramap,C,Moyen
plot_27008,2.0,ultramap,M,Moyen
plot_27009,3.0,ultramap,M,Élevé
plot_27010,2.0,ultramap,C,Élevé
plot_27011,2.0,ultramap,D,Élevé
plot_27012,2.0,ultramap,D,Faible
plot_27013,2.0,ultramap,M,Élevé
plot_27014,2.0,ultramap,D,Élevé
plot_27015,2.0,ultramap,D,Élevé
plot_27016,2.0,ultramap,D,Élevé
plot_27017,2.0,ultramap,D,Élevé
plot_27018,2.0,ultramap,D,Moyen
plot_27019,2.0,ultramap,D,Élevé
plot_27020,2.0,ultramap,D,Élevé
plot_27021,2.0,ultramap,M,Moyen
plot_27022,2.0,ultramap,D,Élevé
plot_27023,2.0,ultramap,M,Élevé
plot_27024,2.0,ultramap,D,Moyen
plot_27025,2.0,ultramap,D,Élevé
plot_27026,2.0,ultramap,M,Moyen
plot_27027,2.0,ultramap,C,Moyen
plot_27028,2.0,ultramap,C,Moyen
plot_27029,2.0,micmac,C,Faible
plot_27030,1.0,micmac,D,Faible
plot_27031,1.0,micmac,D,Faible
plot_27032,1.0,micmac,D,Faible
plot_27033,1.0,micmac,D,Faible
plot_27034,1.0,micmac,M,Faible
plot_27035,1.0,micmac,D,Faible
plot_27036,1.0,micmac,D,Faible
plot_27037,1.0,micmac,D,Faible
plot_27038,1.0,micmac,D,Faible
plot_27039,2.0,micmac,D,Faible
plot_27040,1.0,micmac,D,Faible
plot_27041,1.0,micmac,D,Faible
plot_27042,1.0,micmac,D,Faible
plot_27043,2.0,micmac,D,Faible
plot_27044,1.0,ultramap,D,Faible
plot_27045,1.0,ultramap,D,Faible
plot_27046,1.0,ultramap,D,Faible
plot_27047,1.0,ultramap,D,Faible
plot_27048,1.0,ultramap,D,Faible
plot_27049,1.0,ultramap,D,Faible
plot_27050,1.0,ultramap,D,Faible
plot_27051,1.0,ultramap,D,Faible
plot_27052,1.0,ultramap,D,Faible
plot_27053,1.0,ultramap,D,Faible
plot_27054,1.0,ultramap,D,Faible
plot_27055,1.0,ultramap,D,Faible
plot_27056,2.0,ultramap,C,Faible
plot_27057,1.0,ultramap,D,Faible
plot_27058,1.0,ultramap,D,Faible
plot_27059,1.0,ultramap,D,Faible
plot_27060,1.0,ultramap,M,Faible
plot_27061,1.0,ultramap,D,Faible
plot_27062,2.0,ultramap,D,Faible
plot_27063,1.0,ultramap,C,Faible
plot_27064,1.0,ultramap,M,Faible
plot_27065,1.0,ultramap,D,Faible
plot_27066,1.0,ultramap,D,Faible
plot_27067,1.0,ultramap,D,Faible
plot_27068,1.0,ultramap,D,Faible
plot_27069,1.0,ultramap,D,Faible
plot_27070,1.0,ultramap,C,Faible
plot_27071,1.0,ultramap,D,Faible
plot_27072,2.0,ultramap,D,Faible
plot_27073,2.0,ultramap,D,Faible
plot_27074,1.0,ultramap,D,Faible
plot_27075,1.0,ultramap,D,Faible
plot_27076,1.0,ultramap,D,Faible
plot_27077,1.0,ultramap,D,Faible
plot_27078,1.0,ultramap,C,Faible
plot_27079,2.0,ultramap,D,Faible
plot_27080,1.0,ultramap,D,Faible
plot_27081,1.0,ultramap,D,Faible
plot_27082,1.0,ultramap,D,Faible
plot_27083,2.0,ultramap,D,Faible
plot_27084,1.0,ultramap,D,Faible
plot_27085,1.0,ultramap,C,Faible
plot_27086,1.0,ultramap,D,Faible
plot_27087,1.0,ultramap,D,Faible
plot_27088,1.0,ultramap,D,Faible
plot_27089,1.0,ultramap,D,Faible
plot_27090,1.0,ultramap,D,Faible
plot_27091,1.0,ultramap,D,Faible
plot_27092,1.0,ultramap,D,Faible
plot_27093,1.0,ultramap,D,Faible
plot_27094,2.0,ultramap,D,Faible
plot_27095,2.0,ultramap,D,Faible
plot_27096,1.0,ultramap,D,Faible
plot_27097,1.0,ultramap,D,Faible
plot_27098,1.0,ultramap,D,Faible
plot_27099,1.0,ultramap,D,Faible
plot_27100,1.0,ultramap,D,Faible
plot_27101,1.0,ultramap,D,Faible
plot_27102,1.0,ultramap,D,Faible
plot_27103,1.0,ultramap,D,Faible
plot_27104,2.0,ultramap,D,Moyen
plot_27105,2.0,ultramap,D,Moyen
plot_27106,2.0,ultramap,D,Moyen
plot_27107,2.0,ultramap,D,Faible
plot_27108,2.0,ultramap,D,Moyen
plot_27109,2.0,ultramap,D,Moyen
plot_27110,2.0,ultramap,D,Moyen
plot_27111,2.0,ultramap,D,Moyen
plot_27112,2.0,ultramap,D,Moyen
plot_27113,2.0,ultramap,C,Moyen
plot_27114,2.0,ultramap,D,Moyen
plot_27115,2.0,ultramap,D,Moyen
plot_27116,2.0,ultramap,D,Moyen
plot_27117,2.0,ultramap,D,Moyen
plot_27118,2.0,ultramap,D,Moyen
plot_27119,2.0,ultramap,D,Moyen
plot_27120,2.0,ultramap,M,Moyen
plot_27121,2.0,ultramap,D,Moyen
plot_27122,2.0,ultramap,D,Moyen
plot_27123,2.0,ultramap,D,Moyen
plot_27124,2.0,ultramap,D,Moyen
plot_27125,2.0,ultramap,D,Moyen
plot_27126,2.0,ultramap,D,Moyen
plot_27127,2.0,ultramap,D,Moyen
plot_27128,2.0,ultramap,C,Moyen
plot_27129,2.0,ultramap,M,Moyen
plot_27130,2.0,ultramap,D,Moyen
plot_27131,2.0,ultramap,D,Moyen
plot_27132,2.0,ultramap,D,Moyen
plot_27133,2.0,ultramap,D,Moyen
plot_27134,2.0,ultramap,D,Moyen
plot_27135,2.0,ultramap,D,Moyen
plot_27136,2.0,ultramap,D,Moyen
plot_27137,2.0,ultramap,D,Moyen
plot_27138,2.0,ultramap,C,Moyen
plot_27139,2.0,ultramap,D,Moyen
plot_27140,2.0,ultramap,D,Moyen
plot_27141,2.0,ultramap,C,Élevé
plot_27142,2.0,ultramap,D,Moyen
plot_27143,2.0,ultramap,D,Moyen
plot_27144,2.0,ultramap,M,Moyen
plot_27145,2.0,ultramap,C,Élevé
plot_27146,2.0,ultramap,D,Moyen
plot_27147,2.0,ultramap,D,Moyen
plot_27148,2.0,ultramap,D,Moyen
plot_27149,2.0,ultramap,D,Moyen
plot_27150,2.0,ultramap,D,Moyen
plot_27151,2.0,ultramap,D,Moyen
plot_27152,2.0,ultramap,D,Moyen
plot_27153,2.0,ultramap,D,Moyen
plot_27154,2.0,ultramap,D,Moyen
plot_27155,2.0,ultramap,C,Élevé
plot_27156,2.0,ultramap,D,Élevé
plot_27157,2.0,ultramap,D,Élevé
plot_27158,2.0,ultramap,D,Élevé
plot_27159,2.0,ultramap,C,Élevé
plot_27170,2.0,micmac,D,Moyen
plot_27280,1.0,ultramap,D,Faible
plot_27281,1.0,ultramap,D,Faible
plot_27282,1.0,ultramap,D,Faible
plot_27283,1.0,ultramap,D,Faible
plot_27284,1.0,ultramap,D,Faible
plot_27285,1.0,ultramap,D,Faible
plot_27286,1.0,ultramap,D,Faible
plot_27287,1.0,ultramap,D,Faible
plot_27288,1.0,ultramap,D,Faible
plot_27289,1.0,ultramap,D,Faible
plot_27290,1.0,ultramap,D,Faible
plot_27291,1.0,ultramap,D,Faible
plot_27292,1.0,ultramap,D,Moyen
plot_27293,1.0,ultramap,D,Faible
plot_27294,1.0,ultramap,D,Faible
plot_27295,1.0,ultramap,D,Faible
plot_27296,1.0,ultramap,D,Moyen
plot_27297,1.0,ultramap,C,Faible
plot_27298,1.0,ultramap,D,Faible
plot_27299,1.0,ultramap,D,Faible
plot_27300,1.0,ultramap,D,Moyen
plot_27301,1.0,ultramap,D,Moyen
plot_27302,1.0,ultramap,D,Moyen
plot_27303,1.0,ultramap,D,Faible
plot_27304,1.0,ultramap,D,Moyen
plot_27305,1.0,ultramap,D,Moyen
plot_27306,1.0,ultramap,D,Faible
plot_27307,1.0,ultramap,D,Faible
plot_27308,1.0,ultramap,D,Moyen
plot_27309,1.0,ultramap,D,Moyen
plot_27310,1.0,ultramap,D,Moyen
plot_27311,1.0,ultramap,D,Moyen
plot_27312,1.0,ultramap,D,Moyen
plot_27313,1.0,ultramap,D,Moyen
plot_27314,1.0,ultramap,D,Moyen
plot_27315,1.0,ultramap,D,Faible
plot_27316,1.0,ultramap,D,Moyen
plot_27317,1.0,ultramap,C,Faible
plot_27318,1.0,ultramap,D,Moyen
plot_27319,1.0,ultramap,D,Moyen
plot_27320,1.0,ultramap,D,Moyen
plot_27321,1.0,ultramap,D,Moyen
plot_27322,1.0,ultramap,D,Moyen
plot_27323,1.0,ultramap,D,Moyen
plot_27324,1.0,ultramap,D,Faible
plot_27325,1.0,ultramap,D,Faible
plot_27326,1.0,ultramap,D,Moyen
plot_27327,1.0,ultramap,D,Faible
plot_27328,1.0,ultramap,C,Moyen
plot_27329,1.0,ultramap,D,Faible
plot_27330,1.0,ultramap,D,Moyen
plot_27331,2.0,ultramap,D,Faible
plot_27332,2.0,ultramap,D,Moyen
plot_27333,2.0,ultramap,D,Moyen
plot_27334,1.0,ultramap,D,Moyen
plot_27335,2.0,ultramap,D,Moyen
plot_27336,2.0,ultramap,D,Moyen
plot_27337,2.0,ultramap,D,Moyen
plot_27338,2.0,ultramap,D,Moyen
plot_27339,2.0,ultramap,D,Moyen
plot_27340,2.0,ultramap,D,Moyen
plot_27341,2.0,ultramap,D,Faible
plot_27342,2.0,ultramap,D,Moyen
plot_27343,2.0,ultramap,M,Faible
plot_27344,2.0,ultramap,D,Faible
plot_27345,2.0,ultramap,D,Moyen
plot_27346,2.0,ultramap,D,Moyen
plot_27347,2.0,ultramap,D,Moyen
plot_27348,2.0,ultramap,D,Moyen
plot_27349,2.0,ultramap,D,Moyen
plot_27350,2.0,ultramap,M,Moyen
plot_27351,2.0,ultramap,D,Moyen
plot_27352,2.0,ultramap,D,Moyen
plot_27353,2.0,ultramap,D,Moyen
plot_27354,2.0,ultramap,D,Moyen
plot_27355,2.0,ultramap,D,Faible
plot_27356,2.0,ultramap,D,Moyen
plot_27357,2.0,ultramap,D,Moyen
plot_27358,2.0,ultramap,D,Moyen
plot_27359,2.0,ultramap,M,Moyen
plot_27360,2.0,ultramap,D,Moyen
plot_27361,2.0,ultramap,C,Moyen
plot_27362,2.0,ultramap,D,Moyen
plot_27363,2.0,ultramap,D,Moyen
plot_27364,2.0,ultramap,D,Moyen
plot_27365,2.0,ultramap,D,Moyen
plot_27366,3.0,ultramap,D,Moyen
plot_27367,2.0,ultramap,D,Moyen
plot_27368,2.0,ultramap,D,Moyen
plot_27369,2.0,ultramap,D,Moyen
plot_27370,3.0,ultramap,D,Moyen
plot_27371,3.0,ultramap,D,Moyen
plot_27372,2.0,ultramap,D,Moyen
plot_27373,2.0,ultramap,D,Moyen
plot_27374,2.0,ultramap,D,Faible
plot_27375,2.0,ultramap,D,Moyen
plot_27376,2.0,ultramap,D,Moyen
plot_27377,2.0,ultramap,D,Moyen
plot_27378,3.0,ultramap,D,Moyen
plot_27379,2.0,ultramap,C,Moyen
plot_27380,2.0,ultramap,D,Moyen
plot_27381,2.0,ultramap,D,Moyen
plot_27382,2.0,ultramap,D,Moyen
plot_27383,3.0,ultramap,D,Moyen
plot_27384,2.0,ultramap,D,Moyen
plot_27385,2.0,ultramap,D,Moyen
plot_27386,3.0,ultramap,C,Moyen
plot_27387,2.0,ultramap,D,Moyen
plot_27388,2.0,ultramap,D,Moyen
plot_27389,2.0,ultramap,D,Moyen
plot_27390,3.0,ultramap,D,Élevé
plot_27391,2.0,ultramap,D,Élevé
plot_27392,3.0,ultramap,M,Élevé
plot_27393,3.0,ultramap,D,Élevé
plot_27394,2.0,ultramap,D,Moyen
plot_27395,3.0,ultramap,D,Élevé
plot_27396,2.0,ultramap,D,Moyen
plot_27397,2.0,ultramap,D,Moyen
plot_27398,2.0,ultramap,D,Moyen
plot_27399,2.0,ultramap,D,Moyen
plot_27400,2.0,ultramap,D,Moyen
plot_27401,3.0,ultramap,D,Moyen
plot_27402,1.0,ultramap,D,Faible
plot_27402,1.0,ultramap,D,Faible
plot_27402,1.0,ultramap,D,Faible
plot_27402,1.0,ultramap,D,Faible
plot_27403,1.0,ultramap,D,Faible
plot_27403,1.0,ultramap,D,Faible
plot_27403,1.0,ultramap,D,Faible
plot_27403,1.0,ultramap,D,Faible
plot_27404,1.0,ultramap,D,Faible
plot_27404,1.0,ultramap,D,Faible
plot_27404,1.0,ultramap,D,Faible
plot_27404,1.0,ultramap,D,Faible
plot_27405,1.0,ultramap,D,Faible
plot_27405,1.0,ultramap,D,Faible
plot_27405,1.0,ultramap,D,Faible
plot_27405,1.0,ultramap,D,Faible
plot_27406,1.0,ultramap,D,Faible
plot_27406,1.0,ultramap,D,Faible
plot_27406,1.0,ultramap,D,Faible
plot_27406,1.0,ultramap,D,Faible
plot_27407,1.0,ultramap,D,Faible
plot_27407,1.0,ultramap,D,Faible
plot_27407,1.0,ultramap,D,Faible
plot_27407,1.0,ultramap,D,Faible
plot_27408,1.0,ultramap,D,Faible
plot_27408,1.0,ultramap,D,Faible
plot_27408,1.0,ultramap,D,Faible
plot_27408,1.0,ultramap,D,Faible
plot_27409,1.0,ultramap,D,Faible
plot_27409,1.0,ultramap,D,Faible
plot_27409,1.0,ultramap,D,Faible
plot_27409,1.0,ultramap,D,Faible
plot_27410,1.0,ultramap,D,Faible
plot_27410,1.0,ultramap,D,Faible
plot_27410,1.0,ultramap,D,Faible
plot_27410,1.0,ultramap,D,Faible
plot_27411,1.0,ultramap,D,Faible
plot_27411,1.0,ultramap,D,Faible
plot_27411,1.0,ultramap,D,Faible
plot_27411,1.0,ultramap,D,Faible
plot_27412,1.0,ultramap,D,Faible
plot_27412,1.0,ultramap,D,Faible
plot_27412,1.0,ultramap,D,Faible
plot_27412,1.0,ultramap,D,Faible
plot_27413,1.0,ultramap,M,Faible
plot_27413,1.0,ultramap,M,Faible
plot_27413,1.0,ultramap,M,Faible
plot_27413,1.0,ultramap,M,Faible
plot_27414,1.0,ultramap,D,Faible
plot_27414,1.0,ultramap,D,Faible
plot_27414,1.0,ultramap,D,Faible
plot_27414,1.0,ultramap,D,Faible
plot_27415,1.0,ultramap,D,Faible
plot_27415,1.0,ultramap,D,Faible
plot_27415,1.0,ultramap,D,Faible
plot_27415,1.0,ultramap,D,Faible
plot_27416,1.0,ultramap,D,Faible
plot_27416,1.0,ultramap,D,Faible
plot_27416,1.0,ultramap,D,Faible
plot_27416,1.0,ultramap,D,Faible
plot_27417,1.0,ultramap,D,Faible
plot_27417,1.0,ultramap,D,Faible
plot_27417,1.0,ultramap,D,Faible
plot_27417,1.0,ultramap,D,Faible
plot_27418,1.0,ultramap,D,Faible
plot_27418,1.0,ultramap,D,Faible
plot_27418,1.0,ultramap,D,Faible
plot_27418,1.0,ultramap,D,Faible
plot_27419,1.0,ultramap,D,Faible
plot_27419,1.0,ultramap,D,Faible
plot_27419,1.0,ultramap,D,Faible
plot_27419,1.0,ultramap,D,Faible
plot_27420,1.0,micmac,D,Faible
plot_27421,1.0,ultramap,D,Faible
plot_27421,1.0,ultramap,D,Faible
plot_27421,1.0,ultramap,D,Faible
plot_27421,1.0,ultramap,D,Faible
plot_27422,1.0,ultramap,D,Faible
plot_27422,1.0,ultramap,D,Faible
plot_27422,1.0,ultramap,D,Faible
plot_27422,1.0,ultramap,D,Faible
plot_27423,1.0,ultramap,D,Faible
plot_27423,1.0,ultramap,D,Faible
plot_27423,1.0,ultramap,D,Faible
plot_27423,1.0,ultramap,D,Faible
plot_27424,1.0,ultramap,D,Faible
plot_27424,1.0,ultramap,D,Faible
plot_27424,1.0,ultramap,D,Faible
plot_27424,1.0,ultramap,D,Faible
plot_27425,1.0,ultramap,D,Faible
plot_27425,1.0,ultramap,D,Faible
plot_27425,1.0,ultramap,D,Faible
plot_27425,1.0,ultramap,D,Faible
plot_27426,1.0,ultramap,D,Faible
plot_27426,1.0,ultramap,D,Faible
plot_27426,1.0,ultramap,D,Faible
plot_27426,1.0,ultramap,D,Faible
plot_27427,1.0,ultramap,D,Faible
plot_27427,1.0,ultramap,D,Faible
plot_27427,1.0,ultramap,D,Faible
plot_27427,1.0,ultramap,D,Faible
plot_27428,1.0,ultramap,D,Faible
plot_27428,1.0,ultramap,D,Faible
plot_27428,1.0,ultramap,D,Faible
plot_27428,1.0,ultramap,D,Faible
plot_27429,1.0,ultramap,D,Faible
plot_27429,1.0,ultramap,D,Faible
plot_27429,1.0,ultramap,D,Faible
plot_27429,1.0,ultramap,D,Faible
plot_27430,1.0,ultramap,D,Faible
plot_27430,1.0,ultramap,D,Faible
plot_27430,1.0,ultramap,D,Faible
plot_27430,1.0,ultramap,D,Faible
plot_27431,1.0,ultramap,D,Faible
plot_27431,1.0,ultramap,D,Faible
plot_27431,1.0,ultramap,D,Faible
plot_27431,1.0,ultramap,D,Faible
plot_27432,1.0,ultramap,D,Faible
plot_27432,1.0,ultramap,D,Faible
plot_27432,1.0,ultramap,D,Faible
plot_27432,1.0,ultramap,D,Faible
plot_27433,1.0,ultramap,D,Faible
plot_27433,1.0,ultramap,D,Faible
plot_27433,1.0,ultramap,D,Faible
plot_27433,1.0,ultramap,D,Faible
